{"type":"FeatureCollection","features":[
{"type":"Feature","properties":{"cons":"0003","motivo":"sin_npn"},"geometry":{"type":"Polygon","coordinates":[[[-73.29543047548557,10.478382250173631],[-73.29534957080665,10.478410190321306],[-73.2953143720925,10.478276164226687],[-73.29539456109701,10.478258757940429],[-73.29543047548557,10.478382250173631]]]}},
{"type":"Feature","properties":{"cons":"0001","motivo":"sin_npn"},"geometry":{"type":"Polygon","coordinates":[[[-73.29538202811787,10.478509971731315],[-73.29546163202042,10.478487648886425],[-73.29550433845552,10.478631722396914],[-73.29542706881097,10.478654258538224],[-73.29538009820413,10.478515335872181],[-73.29538202811787,10.478509971731315]]]}},
{"type":"Feature","properties":{"cons":"0002","motivo":"sin_npn"},"geometry":{"type":"Polygon","coordinates":[[[-73.29534957080665,10.478410190321306],[-73.29543047548557,10.478382250173631],[-73.29546163202042,10.478487648886425],[-73.29538202811787,10.478509971731315],[-73.29534957080665,10.478410190321306]]]}},
{"type":"Feature","properties":{"cons":"0014","motivo":"sin_npn"},"geometry":{"type":"Polygon","coordinates":[[[-73.29611703824017,10.478295621950213],[-73.29619466672372,10.478271452186661],[-73.29625290382552,10.47843664858093],[-73.2961671045435,10.478462694130014],[-73.29611703824017,10.478295621950213]]]}},
{"type":"Feature","properties":{"cons":"0015","motivo":"sin_npn"},"geometry":{"type":"Polygon","coordinates":[[[-73.29607506928933,10.478130475675153],[-73.29613867327178,10.47811261998471],[-73.29619466672372,10.478271452186661],[-73.29612690923113,10.478292548601239],[-73.29607506928933,10.478130475675153]]]}},
{"type":"Feature","properties":{"cons":"0004","motivo":"sin_npn"},"geometry":{"type":"Polygon","coordinates":[[[-73.29550639268042,10.478498918476623],[-73.29560431768815,10.478468164098533],[-73.29564936913893,10.478619859234774],[-73.29555179090882,10.478649480224504],[-73.29550639268042,10.478498918476623]]]}},
{"type":"Feature","properties":{"cons":"0025","motivo":"sin_npn"},"geometry":{"type":"Polygon","coordinates":[[[-73.29544834823191,10.478306415716709],[-73.29554513616091,10.478279244435681],[-73.29560431768815,10.478468164098533],[-73.29550639268042,10.478498918476623],[-73.29544834823191,10.478306415716709]]]}},
{"type":"Feature","properties":{"cons":"0005","motivo":"sin_npn"},"geometry":{"type":"Polygon","coordinates":[[[-73.29565482353567,10.478439532836772],[-73.29570262943714,10.478603691446146],[-73.29564936913893,10.478619859234774],[-73.29560080912196,10.478456350211847],[-73.29565482353567,10.478439532836772]]]}},
{"type":"Feature","properties":{"cons":"0024","motivo":"sin_npn"},"geometry":{"type":"Polygon","coordinates":[[[-73.29559866272531,10.47826421790552],[-73.29565482353567,10.478439532836772],[-73.29560080912196,10.478456350211847],[-73.29554513616091,10.478279244435681],[-73.29559866272531,10.47826421790552]]]}},
{"type":"Feature","properties":{"cons":"0006","motivo":"sin_npn"},"geometry":{"type":"Polygon","coordinates":[[[-73.29571681847702,10.4784202307128],[-73.29576536786665,10.478584646446016],[-73.29570262943714,10.478603691446146],[-73.29565482353564,10.478439532836772],[-73.29571681847702,10.4784202307128]]]}},
{"type":"Feature","properties":{"cons":"0023","motivo":"sin_npn"},"geometry":{"type":"Polygon","coordinates":[[[-73.2956681570794,10.47824470871695],[-73.29571681847702,10.4784202307128],[-73.29565482353564,10.478439532836772],[-73.29559866272531,10.47826421790552],[-73.2956681570794,10.47824470871695]]]}},
{"type":"Feature","properties":{"cons":"0007","motivo":"sin_npn"},"geometry":{"type":"Polygon","coordinates":[[[-73.29578189562865,10.478399968927231],[-73.29583354309264,10.478563951024732],[-73.29576536786662,10.478584646446016],[-73.295716818477,10.4784202307128],[-73.29578189562865,10.478399968927231]]]}},
{"type":"Feature","properties":{"cons":"0022","motivo":"sin_npn"},"geometry":{"type":"Polygon","coordinates":[[[-73.29572802747376,10.478227901253902],[-73.29578189562865,10.478399968927231],[-73.295716818477,10.4784202307128],[-73.2956681570794,10.47824470871695],[-73.29572802747376,10.478227901253902]]]}},
{"type":"Feature","properties":{"cons":"0008","motivo":"sin_npn"},"geometry":{"type":"Polygon","coordinates":[[[-73.29583306883674,10.478384036126462],[-73.29588736827945,10.478547611720693],[-73.29583354309263,10.478563951024732],[-73.29578189562865,10.478399968927231],[-73.29583306883674,10.478384036126462]]]}},
{"type":"Feature","properties":{"cons":"0021","motivo":"sin_npn"},"geometry":{"type":"Polygon","coordinates":[[[-73.29577915967697,10.478213546859857],[-73.29583436626673,10.478383632170946],[-73.29578189562865,10.478399968927231],[-73.29572802747373,10.478227901253902],[-73.29577915967697,10.478213546859857]]]}},
{"type":"Feature","properties":{"cons":"0009","motivo":"sin_npn"},"geometry":{"type":"Polygon","coordinates":[[[-73.29588709330845,10.478367215572895],[-73.29593798692105,10.478532245793481],[-73.29588736827945,10.478547611720693],[-73.29583306883674,10.478384036126462],[-73.29588709330845,10.478367215572895]]]}},
{"type":"Feature","properties":{"cons":"0020","motivo":"sin_npn"},"geometry":{"type":"Polygon","coordinates":[[[-73.29583218962144,10.47819865970102],[-73.29588461652645,10.478367986720778],[-73.29583436626673,10.478383632170946],[-73.29577915967697,10.478213546859857],[-73.29583218962144,10.47819865970102]]]}},
{"type":"Feature","properties":{"cons":"0010","motivo":"sin_npn"},"geometry":{"type":"Polygon","coordinates":[[[-73.29594571171806,10.478348964681476],[-73.29599485133728,10.478514983871259],[-73.29593798692105,10.478532245793481],[-73.29588709330845,10.478367215572895],[-73.29594571171806,10.478348964681476]]]}},
{"type":"Feature","properties":{"cons":"0019","motivo":"sin_npn"},"geometry":{"type":"Polygon","coordinates":[[[-73.29589592721996,10.478180766556354],[-73.29594571171806,10.478348964681476],[-73.29588461652645,10.478367986720778],[-73.29583218962144,10.47819865970102],[-73.29589592721996,10.478180766556354]]]}},
{"type":"Feature","properties":{"cons":"0011","motivo":"sin_npn"},"geometry":{"type":"Polygon","coordinates":[[[-73.2960070737951,10.478329859533119],[-73.29606105775171,10.478494886050655],[-73.29599485133728,10.478514983871259],[-73.29594571171805,10.478348964681476],[-73.2960070737951,10.478329859533119]]]}},
{"type":"Feature","properties":{"cons":"0018","motivo":"sin_npn"},"geometry":{"type":"Polygon","coordinates":[[[-73.29595305579717,10.478164728758872],[-73.2960070737951,10.478329859533119],[-73.29594571171805,10.478348964681476],[-73.29589592721995,10.478180766556354],[-73.29595305579717,10.478164728758872]]]}},
{"type":"Feature","properties":{"cons":"0012","motivo":"sin_npn"},"geometry":{"type":"Polygon","coordinates":[[[-73.29606293287209,10.478312467737448],[-73.29611461251639,10.478478628791475],[-73.29606105775171,10.478494886050655],[-73.29600707379507,10.478329859533119],[-73.29606293287209,10.478312467737448]]]}},
{"type":"Feature","properties":{"cons":"0017","motivo":"sin_npn"},"geometry":{"type":"Polygon","coordinates":[[[-73.29601184946075,10.478148223506683],[-73.29606293287209,10.478312467737448],[-73.29600707379507,10.478329859533119],[-73.29595305579716,10.478164728758872],[-73.29601184946075,10.478148223506683]]]}},
{"type":"Feature","properties":{"cons":"0013","motivo":"sin_npn"},"geometry":{"type":"Polygon","coordinates":[[[-73.29611703824017,10.478295621950213],[-73.2961671045435,10.478462694130014],[-73.29611461251636,10.478478628791475],[-73.29606293287209,10.478312467737448],[-73.29611703824017,10.478295621950213]]]}},
{"type":"Feature","properties":{"cons":"0016","motivo":"sin_npn"},"geometry":{"type":"Polygon","coordinates":[[[-73.29607506928933,10.478130475675153],[-73.29612690923113,10.478292548601239],[-73.29606293287209,10.478312467737448],[-73.29601184946075,10.478148223506683],[-73.29607506928933,10.478130475675153]]]}},
{"type":"Feature","properties":{"cons":"0038","motivo":"sin_npn"},"geometry":{"type":"Polygon","coordinates":[[[-73.29655452690461,10.47816984130423],[-73.29641504895281,10.478204657420845],[-73.29640005823443,10.478147027553092],[-73.29653831278402,10.47810773975041],[-73.29655452690461,10.47816984130423]]]}},
{"type":"Feature","properties":{"cons":"0033","motivo":"sin_npn"},"geometry":{"type":"Polygon","coordinates":[[[-73.29630059367382,10.477993247523308],[-73.296319019314,10.478049876090536],[-73.29623848367818,10.478075198794654],[-73.29622213191273,10.478015016776029],[-73.29630059367382,10.477993247523308]]]}},
{"type":"Feature","properties":{"cons":"0036","motivo":"sin_npn"},"geometry":{"type":"Polygon","coordinates":[[[-73.29644489840005,10.47795321005063],[-73.29649438201024,10.477939480762316],[-73.29652229503041,10.478046390273418],[-73.2964716745334,10.47806037558959],[-73.29644489840005,10.47795321005063]]]}},
{"type":"Feature","properties":{"cons":"0035","motivo":"sin_npn"},"geometry":{"type":"Polygon","coordinates":[[[-73.29639852323061,10.477966076890219],[-73.29644489840005,10.47795321005063],[-73.2964716745334,10.47806037558959],[-73.29642846918904,10.4780723122569],[-73.29639852323061,10.477966076890219]]]}},
{"type":"Feature","properties":{"cons":"0034","motivo":"sin_npn"},"geometry":{"type":"Polygon","coordinates":[[[-73.29638526384123,10.478084248918378],[-73.29637080356561,10.478033593629943],[-73.296319019314,10.478049876090536],[-73.29630059367382,10.477993247523308],[-73.2963985232306,10.477966076890219],[-73.29642846918904,10.4780723122569],[-73.29638526384123,10.478084248918378]]]}},
{"type":"Feature","properties":{"cons":"0032","motivo":"sin_npn"},"geometry":{"type":"Polygon","coordinates":[[[-73.29623848367818,10.478075198794654],[-73.29637080356562,10.478033593629943],[-73.29638727255634,10.478091641898509],[-73.29625297265417,10.478128524869803],[-73.29623848367818,10.478075198794654]]]}},
{"type":"Feature","properties":{"cons":"0037","motivo":"sin_npn"},"geometry":{"type":"Polygon","coordinates":[[[-73.29640005823441,10.478147027553092],[-73.29638526384123,10.478084248918378],[-73.29652229503041,10.478046390273418],[-73.29653831278402,10.47810773975041],[-73.29640005823441,10.478147027553092]]]}},
{"type":"Feature","properties":{"cons":"0030","motivo":"sin_npn"},"geometry":{"type":"Polygon","coordinates":[[[-73.29626694482457,10.478179948844822],[-73.29640005823441,10.478147027553092],[-73.2964225404076,10.478233457335962],[-73.29628990176172,10.478264440827708],[-73.29626694482457,10.478179948844822]]]}},
{"type":"Feature","properties":{"cons":"0043","motivo":"sin_npn"},"geometry":{"type":"Polygon","coordinates":[[[-73.29645571530504,10.478360993806033],[-73.29659658659816,10.478330933621155],[-73.29660575955309,10.478366066819165],[-73.29646517377546,10.47839735561352],[-73.29645571530504,10.478360993806033]]]}},
{"type":"Feature","properties":{"cons":"0026","motivo":"sin_npn"},"geometry":{"type":"Polygon","coordinates":[[[-73.29633193442062,10.47838270807903],[-73.29645457623492,10.478356614804746],[-73.29646517377546,10.47839735561352],[-73.29634652516387,10.478423762015606],[-73.29633193442062,10.47838270807903]]]}},
{"type":"Feature","properties":{"cons":"0042","motivo":"sin_npn"},"geometry":{"type":"Polygon","coordinates":[[[-73.29644516252638,10.47832042506791],[-73.29658573321758,10.478289364238812],[-73.29659658659816,10.478330933621155],[-73.29645571530504,10.478360993806051],[-73.29644516252638,10.47832042506791]]]}},
{"type":"Feature","properties":{"cons":"0027","motivo":"sin_npn"},"geometry":{"type":"Polygon","coordinates":[[[-73.29631817498951,10.478343993192272],[-73.2964439358358,10.47831570922031],[-73.29645457623486,10.478356614804763],[-73.29633193442059,10.478382708079046],[-73.29631817498951,10.478343993192272]]]}},
{"type":"Feature","properties":{"cons":"0041","motivo":"sin_npn"},"geometry":{"type":"Polygon","coordinates":[[[-73.29643035449661,10.478263497569666],[-73.2965704714867,10.47823091047447],[-73.29658573321758,10.478289364238812],[-73.29644516252638,10.47832042506791],[-73.29643035449661,10.478263497569666]]]}},
{"type":"Feature","properties":{"cons":"0029","motivo":"sin_npn"},"geometry":{"type":"Polygon","coordinates":[[[-73.29628990176172,10.478264440827708],[-73.2964225404076,10.478233457335962],[-73.29643402459456,10.478277606774599],[-73.2963053122361,10.478307801276141],[-73.29628990176172,10.478264440827708]]]}},
{"type":"Feature","properties":{"cons":"0040","motivo":"sin_npn"},"geometry":{"type":"Polygon","coordinates":[[[-73.29642351753046,10.478237213756064],[-73.29656243370302,10.478200125050098],[-73.2965704714867,10.47823091047447],[-73.29643035449661,10.478263497569666],[-73.29642351753046,10.478237213756064]]]}},
{"type":"Feature","properties":{"cons":"0039","motivo":"sin_npn"},"geometry":{"type":"Polygon","coordinates":[[[-73.29641504895281,10.478204657420845],[-73.29655452690461,10.478169841304261],[-73.29656243370302,10.478200125050098],[-73.29642351753046,10.478237213756064],[-73.29641504895281,10.478204657420845]]]}},
{"type":"Feature","properties":{"cons":"0031","motivo":"sin_npn"},"geometry":{"type":"Polygon","coordinates":[[[-73.29638727255634,10.478091641898509],[-73.29640005823441,10.478147027553092],[-73.29626694482465,10.478179948844804],[-73.29625297265417,10.478128524869803],[-73.29638727255634,10.478091641898509]]]}},
{"type":"Feature","properties":{"cons":"0048","motivo":"sin_npn"},"geometry":{"type":"Polygon","coordinates":[[[-73.29663069650906,10.478019666323558],[-73.29659396999462,10.477888149785372],[-73.29666902701895,10.477867351113098],[-73.29672964335991,10.478072434741458],[-73.29664430566412,10.478087161792496],[-73.29663069650906,10.478019666323558]]]}},
{"type":"Feature","properties":{"cons":"0053","motivo":"sin_npn"},"geometry":{"type":"Polygon","coordinates":[[[-73.2968239479837,10.478298945982488],[-73.29679962088821,10.478203028893368],[-73.29688977319732,10.478183877049847],[-73.29690737775972,10.47828127296556],[-73.2968239479837,10.478298945982488]]]}},
{"type":"Feature","properties":{"cons":"0049","motivo":"sin_npn"},"geometry":{"type":"Polygon","coordinates":[[[-73.2968598593099,10.478053992658861],[-73.29679322108157,10.478067692191644],[-73.29672964335991,10.478072434741458],[-73.29666902701895,10.477867351113098],[-73.29679472099869,10.477832520644682],[-73.2968598593099,10.478053992658861]]]}},
{"type":"Feature","properties":{"cons":"0051","motivo":"sin_npn"},"geometry":{"type":"Polygon","coordinates":[[[-73.29673965045168,10.478212178455172],[-73.29679962088821,10.478203028893388],[-73.2968221260667,10.478290688705785],[-73.2967585618254,10.478305896793984],[-73.29673965045168,10.478212178455172]]]}},
{"type":"Feature","properties":{"cons":"0044","motivo":"sin_npn"},"geometry":{"type":"Polygon","coordinates":[[[-73.29665040166171,10.478274656286441],[-73.29674803960711,10.478253752265097],[-73.2967585618254,10.478305896793984],[-73.29666542724758,10.478328179719577],[-73.29665040166171,10.478274656286441]]]}},
{"type":"Feature","properties":{"cons":"0045","motivo":"sin_npn"},"geometry":{"type":"Polygon","coordinates":[[[-73.29661942672162,10.478164318752281],[-73.29675666552755,10.478142286448003],[-73.29676826279366,10.478205401854222],[-73.29673965045168,10.478212178455172],[-73.29674803960711,10.478253752265097],[-73.29665040166171,10.478274656286441],[-73.29661942672162,10.478164318752281]]]}},
{"type":"Feature","properties":{"cons":"0046","motivo":"sin_npn"},"geometry":{"type":"Polygon","coordinates":[[[-73.29661942672162,10.478164318752281],[-73.29658180368787,10.4780302995631],[-73.29663069650906,10.478019666323593],[-73.2966443056641,10.478087161792514],[-73.29674337946965,10.478069980152636],[-73.29675666552755,10.478142286448003],[-73.29661942672162,10.478164318752281]]]}},
{"type":"Feature","properties":{"cons":"0047","motivo":"sin_npn"},"geometry":{"type":"Polygon","coordinates":[[[-73.29659396999462,10.477888149785372],[-73.29663069650906,10.478019666323558],[-73.29658180368787,10.478030299563084],[-73.2965456565606,10.477901537665907],[-73.29659396999462,10.477888149785372]]]}},
{"type":"Feature","properties":{"cons":"0052","motivo":"sin_npn"},"geometry":{"type":"Polygon","coordinates":[[[-73.29675666552755,10.478142286448003],[-73.2968768456002,10.478119511761761],[-73.29688977319726,10.478183877049881],[-73.29676915160847,10.478210239019532],[-73.29675666552755,10.478142286448003]]]}},
{"type":"Feature","properties":{"cons":"0050","motivo":"sin_npn"},"geometry":{"type":"Polygon","coordinates":[[[-73.29687684560021,10.478119511761761],[-73.29675666552757,10.478142286447971],[-73.29674337946965,10.478069980152618],[-73.29679322108157,10.478067692191644],[-73.2968598593099,10.478053992658861],[-73.29687684560021,10.478119511761761]]]}},
{"type":"Feature","properties":{"cons":"0055","motivo":"sin_npn"},"geometry":{"type":"Polygon","coordinates":[[[-73.29706815174758,10.478208923558055],[-73.29692487221976,10.478241374971544],[-73.29687385134034,10.478002630435446],[-73.29701531500187,10.477968385312007],[-73.29706815174758,10.478208923558055]]]}},
{"type":"Feature","properties":{"cons":"0054","motivo":"sin_npn"},"geometry":{"type":"Polygon","coordinates":[[[-73.29687385134032,10.478002630435446],[-73.29681703185432,10.477791660602705],[-73.29700708978571,10.47773402958709],[-73.29703415734888,10.477964537480824],[-73.29687385134032,10.478002630435446]]]}},
{"type":"Feature","properties":{"cons":"0070","motivo":"sin_npn"},"geometry":{"type":"Polygon","coordinates":[[[-73.29598686845902,10.477827126946876],[-73.29604894028458,10.477812456510785],[-73.29609587436177,10.477971468209473],[-73.29602879321206,10.47798848280222],[-73.29598686845902,10.477827126946876]]]}},
{"type":"Feature","properties":{"cons":"0069","motivo":"sin_npn"},"geometry":{"type":"Polygon","coordinates":[[[-73.29594408373845,10.477662461143753],[-73.29600051119661,10.47764837955802],[-73.29604894028458,10.477812456510785],[-73.29598686845902,10.477827126946876],[-73.29594408373845,10.477662461143753]]]}},
{"type":"Feature","properties":{"cons":"0082","motivo":"sin_npn"},"geometry":{"type":"Polygon","coordinates":[[[-73.29529472076166,10.477995004858839],[-73.29535132136276,10.477979624231487],[-73.29539292254844,10.478149765479012],[-73.2953351397948,10.478164421465952],[-73.29529472076166,10.477995004858839]]]}},
{"type":"Feature","properties":{"cons":"0057","motivo":"sin_npn"},"geometry":{"type":"Polygon","coordinates":[[[-73.29525499207867,10.477839103249984],[-73.29530963936246,10.477825123082862],[-73.29535132136276,10.477979624231487],[-73.29529472076166,10.477995004858839],[-73.29525499207867,10.477839103249984]]]}},
{"type":"Feature","properties":{"cons":"0056","motivo":"sin_npn"},"geometry":{"type":"Polygon","coordinates":[[[-73.29525499207867,10.477839103249984],[-73.29529472076166,10.477995004858839],[-73.29524994375534,10.478023173589818],[-73.29520522046683,10.477851836086867],[-73.29525499207867,10.477839103249984]]]}},
{"type":"Feature","properties":{"cons":"0081","motivo":"sin_npn"},"geometry":{"type":"Polygon","coordinates":[[[-73.29541063357642,10.477965876785722],[-73.29545125649976,10.478134969674636],[-73.29539292254844,10.478149765479012],[-73.29535132136276,10.477979624231487],[-73.29541063357642,10.477965876785722]]]}},
{"type":"Feature","properties":{"cons":"0058","motivo":"sin_npn"},"geometry":{"type":"Polygon","coordinates":[[[-73.29537137824869,10.477802476320921],[-73.29541063357642,10.477965876785722],[-73.29535132136276,10.477979624231487],[-73.29530828356131,10.477817457722285],[-73.29537137824869,10.477802476320921]]]}},
{"type":"Feature","properties":{"cons":"0080","motivo":"sin_npn"},"geometry":{"type":"Polygon","coordinates":[[[-73.2954664218378,10.477954110294053],[-73.29550882497634,10.478120368013203],[-73.29545125649976,10.478134969674636],[-73.29541063357642,10.477965876785722],[-73.2954664218378,10.477954110294053]]]}},
{"type":"Feature","properties":{"cons":"0059","motivo":"sin_npn"},"geometry":{"type":"Polygon","coordinates":[[[-73.29542452967712,10.477789855867504],[-73.2954664218378,10.477954110294053],[-73.29541063357642,10.477965876785722],[-73.29537137824866,10.477802476320923],[-73.29542452967712,10.477789855867504]]]}},
{"type":"Feature","properties":{"cons":"0079","motivo":"sin_npn"},"geometry":{"type":"Polygon","coordinates":[[[-73.29552084931149,10.477942630800525],[-73.29556107152021,10.478107116196002],[-73.29550882497634,10.478120368013203],[-73.29546642183777,10.477954110294053],[-73.29552084931149,10.477942630800525]]]}},
{"type":"Feature","properties":{"cons":"0060","motivo":"sin_npn"},"geometry":{"type":"Polygon","coordinates":[[[-73.29548035020069,10.47777660164459],[-73.29552084931149,10.477942630800525],[-73.29546642183777,10.477954110294053],[-73.29542452967712,10.477789855867504],[-73.29548035020069,10.47777660164459]]]}},
{"type":"Feature","properties":{"cons":"0078","motivo":"sin_npn"},"geometry":{"type":"Polygon","coordinates":[[[-73.29558557229781,10.477928979830347],[-73.29562675309978,10.478090456701684],[-73.29556107152021,10.478107116196002],[-73.29552084931149,10.477942630800525],[-73.29558557229781,10.477928979830347]]]}},
{"type":"Feature","properties":{"cons":"0061","motivo":"sin_npn"},"geometry":{"type":"Polygon","coordinates":[[[-73.29554746140562,10.477771928356374],[-73.29558557229781,10.477928979830347],[-73.29552084931149,10.477942630800525],[-73.29548341005795,10.47778952589857],[-73.29554746140562,10.477771928356374]]]}},
{"type":"Feature","properties":{"cons":"0077","motivo":"sin_npn"},"geometry":{"type":"Polygon","coordinates":[[[-73.29565220062409,10.477908915982914],[-73.29569253962775,10.478073770572994],[-73.29562675309978,10.478090456701711],[-73.29558508560031,10.477925868204105],[-73.29565220062409,10.477908915982914]]]}},
{"type":"Feature","properties":{"cons":"0062","motivo":"sin_npn"},"geometry":{"type":"Polygon","coordinates":[[[-73.29561253145964,10.477754050918481],[-73.29565220062409,10.477908915982914],[-73.29558508560031,10.477925868204105],[-73.2955474614056,10.477771928356374],[-73.29561253145964,10.477754050918481]]]}},
{"type":"Feature","properties":{"cons":"0076","motivo":"sin_npn"},"geometry":{"type":"Polygon","coordinates":[[[-73.295706838853,10.477895115196176],[-73.2957479333416,10.47805972047109],[-73.29569253962774,10.478073770572994],[-73.29565220062409,10.477908915982914],[-73.295706838853,10.477895115196176]]]}},
{"type":"Feature","properties":{"cons":"0063","motivo":"sin_npn"},"geometry":{"type":"Polygon","coordinates":[[[-73.29566779687953,10.477738867207517],[-73.29571064819443,10.477894153013985],[-73.29565220062409,10.477908915982914],[-73.29561253145964,10.477754050918481],[-73.29566779687953,10.477738867207517]]]}},
{"type":"Feature","properties":{"cons":"0075","motivo":"sin_npn"},"geometry":{"type":"Polygon","coordinates":[[[-73.29576196411112,10.477881191382542],[-73.29580333074075,10.478045669423599],[-73.2957479333416,10.47805972047109],[-73.295706838853,10.477895115196176],[-73.29576196411112,10.477881191382542]]]}},
{"type":"Feature","properties":{"cons":"0064","motivo":"sin_npn"},"geometry":{"type":"Polygon","coordinates":[[[-73.29572095702936,10.477718142753044],[-73.29576196411112,10.477881191382542],[-73.29571064819443,10.477894153013985],[-73.29566610676609,10.477731830692749],[-73.29572095702936,10.477718142753044]]]}},
{"type":"Feature","properties":{"cons":"0074","motivo":"sin_npn"},"geometry":{"type":"Polygon","coordinates":[[[-73.29581694139185,10.477867304935087],[-73.29585994985221,10.478031308488672],[-73.29580333074075,10.478045669423599],[-73.29576196411112,10.477881191382542],[-73.29581694139185,10.477867304935087]]]}},
{"type":"Feature","properties":{"cons":"0065","motivo":"sin_npn"},"geometry":{"type":"Polygon","coordinates":[[[-73.29577433200183,10.477704822963526],[-73.29581694139185,10.477867304935087],[-73.29576196411112,10.477881191382542],[-73.29572095702936,10.477718142753044],[-73.29577433200183,10.477704822963526]]]}},
{"type":"Feature","properties":{"cons":"0073","motivo":"sin_npn"},"geometry":{"type":"Polygon","coordinates":[[[-73.29587640214255,10.477853235200579],[-73.29591925766985,10.478016265575162],[-73.29585994985221,10.478031308488672],[-73.29581694139185,10.477867304935087],[-73.29587640214255,10.477853235200579]]]}},
{"type":"Feature","properties":{"cons":"0066","motivo":"sin_npn"},"geometry":{"type":"Polygon","coordinates":[[[-73.29583350745004,10.477690055646457],[-73.29587640214255,10.477853235200579],[-73.29581694139185,10.477867304935087],[-73.29577433200181,10.477704822963526],[-73.29583350745004,10.477690055646457]]]}},
{"type":"Feature","properties":{"cons":"0072","motivo":"sin_npn"},"geometry":{"type":"Polygon","coordinates":[[[-73.29593143867721,10.477840227550194],[-73.29597353245998,10.478002499234487],[-73.29591925766985,10.478016265575162],[-73.29587640214255,10.477853235200579],[-73.29593143867721,10.477840227550194]]]}},
{"type":"Feature","properties":{"cons":"0067","motivo":"sin_npn"},"geometry":{"type":"Polygon","coordinates":[[[-73.29588889798723,10.477676232848124],[-73.29593143867721,10.477840227550194],[-73.29587640214255,10.477853235200579],[-73.29583350745004,10.477690055646457],[-73.29588889798723,10.477676232848124]]]}},
{"type":"Feature","properties":{"cons":"0071","motivo":"sin_npn"},"geometry":{"type":"Polygon","coordinates":[[[-73.29598686845902,10.477827126946876],[-73.29602879321206,10.47798848280222],[-73.29597353245997,10.478002499234487],[-73.29593143867721,10.477840227550194],[-73.29598686845902,10.477827126946876]]]}},
{"type":"Feature","properties":{"cons":"0068","motivo":"sin_npn"},"geometry":{"type":"Polygon","coordinates":[[[-73.29594408373845,10.477662461143753],[-73.29598686845902,10.477827126946876],[-73.29593143867721,10.477840227550194],[-73.29588889798723,10.477676232848124],[-73.29594408373845,10.477662461143753]]]}},
{"type":"Feature","properties":{"cons":"0083","motivo":"sin_npn"},"geometry":{"type":"Polygon","coordinates":[[[-73.29529472076166,10.477995004858839],[-73.2953351397948,10.478164421465952],[-73.29528750107382,10.478176265484972],[-73.29524994375534,10.478023173589818],[-73.29529472076166,10.477995004858839]]]}},
{"type":"Feature","properties":{"cons":"0028","motivo":"sin_npn"},"geometry":{"type":"Polygon","coordinates":[[[-73.2963053122361,10.478307801276141],[-73.29643402459456,10.478277606774599],[-73.2964439358358,10.47831570922031],[-73.29631817498951,10.478343993192272],[-73.2963053122361,10.478307801276141]]]}},
{"type":"Feature","properties":{"cons":"0092","motivo":"sin_npn"},"geometry":{"type":"Polygon","coordinates":[[[-73.29654756250635,10.47771909408419],[-73.2964848364136,10.477738152173],[-73.2964795006281,10.477722836143203],[-73.29644818551198,10.477730765197446],[-73.29642725516464,10.477671182409686],[-73.2963974600591,10.477551662953935],[-73.29649858651293,10.477527668172774],[-73.29653670228058,10.477654357189232],[-73.2965296310013,10.477661385757576],[-73.29654756250635,10.47771909408419]]]}},
{"type":"Feature","properties":{"cons":"0098","motivo":"sin_npn"},"geometry":{"type":"Polygon","coordinates":[[[-73.29691800285441,10.477432433189326],[-73.29693692707579,10.477603041652143],[-73.29701030050315,10.477594337031938],[-73.29700573052541,10.477661728907997],[-73.29689316334509,10.477697798961108],[-73.2968499234456,10.477525063502645],[-73.29683482207129,10.477447887618405],[-73.2968966697816,10.477433212611833],[-73.29691800285441,10.477432433189326]]]}},
{"type":"Feature","properties":{"cons":"0106","motivo":"sin_npn"},"geometry":{"type":"Polygon","coordinates":[[[-73.2964795006281,10.477722836143203],[-73.29651455165887,10.477834265905228],[-73.2964519047975,10.477852864977514],[-73.2964168703942,10.47773869424867],[-73.2964795006281,10.477722836143203]]]}},
{"type":"Feature","properties":{"cons":"0084","motivo":"sin_npn"},"geometry":{"type":"Polygon","coordinates":[[[-73.29613997417407,10.477904016364374],[-73.29631974288333,10.477849981616657],[-73.29633675940924,10.47791457624767],[-73.29616043538752,10.477972766691783],[-73.29613997417407,10.477904016364374]]]}},
{"type":"Feature","properties":{"cons":"0085","motivo":"sin_npn"},"geometry":{"type":"Polygon","coordinates":[[[-73.29612491257005,10.477853408874992],[-73.2963088193284,10.47780869690343],[-73.29631974288333,10.477849981616657],[-73.29613997417407,10.477904016364374],[-73.29612491257005,10.477853408874992]]]}},
{"type":"Feature","properties":{"cons":"0086","motivo":"sin_npn"},"geometry":{"type":"Polygon","coordinates":[[[-73.29629636861146,10.47774964345563],[-73.29630881932839,10.477808696903432],[-73.29612491257005,10.477853408874992],[-73.2961044229,10.477784562874335],[-73.2962168564085,10.477755158992956],[-73.29623427312656,10.47775705791061],[-73.29629636861146,10.47774964345563]]]}},
{"type":"Feature","properties":{"cons":"0108","motivo":"sin_npn"},"geometry":{"type":"Polygon","coordinates":[[[-73.29635284131786,10.477745279059572],[-73.296390346655,10.477871140808691],[-73.29633160215876,10.477888581290943],[-73.29629636861146,10.47774964345563],[-73.29635284131786,10.477745279059572]]]}},
{"type":"Feature","properties":{"cons":"0107","motivo":"sin_npn"},"geometry":{"type":"Polygon","coordinates":[[[-73.29641517363825,10.47773486557877],[-73.29645190479751,10.477852864977514],[-73.296390346655,10.477871140808691],[-73.29635284131783,10.477745279059572],[-73.29641517363825,10.47773486557877]]]}},
{"type":"Feature","properties":{"cons":"0105","motivo":"sin_npn"},"geometry":{"type":"Polygon","coordinates":[[[-73.2964848364136,10.477738152173],[-73.29654756250635,10.47771909408419],[-73.29657753883409,10.477815565783397],[-73.29651455165887,10.477834265905228],[-73.2964848364136,10.477738152173]]]}},
{"type":"Feature","properties":{"cons":"0088","motivo":"sin_npn"},"geometry":{"type":"Polygon","coordinates":[[[-73.29622875587205,10.477672643081082],[-73.29608171569362,10.477708265835748],[-73.29605900849884,10.477631968794787],[-73.2962131378632,10.477595397914635],[-73.29622875587205,10.477672643081082]]]}},
{"type":"Feature","properties":{"cons":"0087","motivo":"sin_npn"},"geometry":{"type":"Polygon","coordinates":[[[-73.29608171569362,10.477708265835748],[-73.29622875587205,10.477672643081082],[-73.29623407279082,10.477698940039339],[-73.29622972020402,10.477700141042845],[-73.29623044812858,10.47775664087714],[-73.2962168564085,10.477755158992956],[-73.2961044229,10.477784562874335],[-73.29608171569362,10.477708265835748]]]}},
{"type":"Feature","properties":{"cons":"0089","motivo":"sin_npn"},"geometry":{"type":"Polygon","coordinates":[[[-73.29627977531653,10.477579586558507],[-73.29631281586882,10.47774869024443],[-73.29623044812858,10.47775664087714],[-73.29622972020402,10.477700141042845],[-73.29623407279082,10.477698940039339],[-73.2962131378632,10.477595397914635],[-73.29627977531653,10.477579586558507]]]}},
{"type":"Feature","properties":{"cons":"0090","motivo":"sin_npn"},"geometry":{"type":"Polygon","coordinates":[[[-73.29634282498203,10.477564626478028],[-73.29637956298536,10.477741451853824],[-73.29631281586882,10.47774869024443],[-73.29627977531652,10.477579586558507],[-73.29634282498203,10.477564626478028]]]}},
{"type":"Feature","properties":{"cons":"0091","motivo":"sin_npn"},"geometry":{"type":"Polygon","coordinates":[[[-73.29639746005911,10.477551662953935],[-73.29642725516464,10.477671182409686],[-73.29644818551198,10.477730765197446],[-73.2964168703942,10.47773869424867],[-73.29641517363825,10.47773486557877],[-73.29637956298536,10.477741451853824],[-73.29634282498203,10.477564626478028],[-73.29639746005911,10.477551662953935]]]}},
{"type":"Feature","properties":{"cons":"0096","motivo":"sin_npn"},"geometry":{"type":"Polygon","coordinates":[[[-73.29666035516165,10.477489284439658],[-73.29673774670489,10.47747092129214],[-73.2967683357693,10.47758470793667],[-73.29669328371887,10.47760975010161],[-73.29666035516165,10.477489284439658]]]}},
{"type":"Feature","properties":{"cons":"0102","motivo":"sin_npn"},"geometry":{"type":"Polygon","coordinates":[[[-73.29670446299355,10.47760601998185],[-73.29674673674475,10.477744718562127],[-73.29667843395292,10.47776708733553],[-73.29663281562911,10.477629926108689],[-73.29670446299355,10.47760601998185]]]}},
{"type":"Feature","properties":{"cons":"0093","motivo":"sin_npn"},"geometry":{"type":"Polygon","coordinates":[[[-73.2965475957006,10.47751603950406],[-73.29658196793078,10.477643891410057],[-73.29653670228058,10.477654357189232],[-73.29649858651293,10.477527668172774],[-73.2965475957006,10.47751603950406]]]}},
{"type":"Feature","properties":{"cons":"0104","motivo":"sin_npn"},"geometry":{"type":"Polygon","coordinates":[[[-73.29658469099985,10.477645983540944],[-73.29662853240491,10.47778376360459],[-73.29660253043428,10.477792453027828],[-73.29660580973194,10.477807172494886],[-73.29657753883409,10.477815565783397],[-73.2965296310013,10.477661385757576],[-73.29653670228058,10.477654357189232],[-73.29658469099985,10.477645983540944]]]}},
{"type":"Feature","properties":{"cons":"0103","motivo":"sin_npn"},"geometry":{"type":"Polygon","coordinates":[[[-73.29663281562911,10.477629926108689],[-73.29667843395292,10.47776708733553],[-73.2966285324049,10.47778376360459],[-73.29658469099984,10.477645983540944],[-73.29663281562911,10.477629926108689]]]}},
{"type":"Feature","properties":{"cons":"0101","motivo":"sin_npn"},"geometry":{"type":"Polygon","coordinates":[[[-73.29670446299355,10.47760601998185],[-73.2967683357693,10.47758470793667],[-73.29680951591601,10.477724602188413],[-73.29674673674475,10.477744718562127],[-73.29670446299355,10.47760601998185]]]}},
{"type":"Feature","properties":{"cons":"0094","motivo":"sin_npn"},"geometry":{"type":"Polygon","coordinates":[[[-73.29659669524902,10.477504389386574],[-73.29663281562911,10.477629926108689],[-73.29658469099985,10.477645983540944],[-73.2965475957006,10.47751603950406],[-73.29659669524902,10.477504389386574]]]}},
{"type":"Feature","properties":{"cons":"0095","motivo":"sin_npn"},"geometry":{"type":"Polygon","coordinates":[[[-73.29666035516165,10.477489284439658],[-73.29669328371887,10.47760975010161],[-73.29663281562911,10.477629926108689],[-73.29659669524901,10.477504389386574],[-73.29666035516165,10.477489284439658]]]}},
{"type":"Feature","properties":{"cons":"0100","motivo":"sin_npn"},"geometry":{"type":"Polygon","coordinates":[[[-73.29675873081001,10.477548978966022],[-73.2967882576898,10.477537689007193],[-73.29684992344562,10.477525063502645],[-73.29689316334512,10.477697798961108],[-73.29680951591601,10.477724602188413],[-73.29675873081001,10.477548978966022]]]}},
{"type":"Feature","properties":{"cons":"0097","motivo":"sin_npn"},"geometry":{"type":"Polygon","coordinates":[[[-73.2968348220713,10.477447887618405],[-73.2968499234456,10.477525063502645],[-73.2967882576898,10.477537689007193],[-73.29675873081001,10.477548978966022],[-73.29673774670489,10.47747092129214],[-73.2968348220713,10.477447887618405]]]}},
{"type":"Feature","properties":{"cons":"0099","motivo":"sin_npn"},"geometry":{"type":"Polygon","coordinates":[[[-73.29691800285441,10.477432433189326],[-73.29698071791309,10.4774301418314],[-73.29699524000246,10.477440302384199],[-73.29700795944296,10.477462434148569],[-73.29701221331753,10.47748457381091],[-73.29701348253754,10.477547412661059],[-73.29701030050315,10.477594337031938],[-73.29693692707579,10.477603041652143],[-73.29691800285441,10.477432433189326]]]}},
{"type":"Feature","properties":{"cons":"0113","motivo":"sin_npn"},"geometry":{"type":"Polygon","coordinates":[[[-73.29552790358728,10.477536692224021],[-73.29559517777034,10.47751972094593],[-73.29563266480582,10.47767643858812],[-73.29556181732497,10.477694250929915],[-73.29552790358728,10.477536692224021]]]}},
{"type":"Feature","properties":{"cons":"0122","motivo":"sin_npn"},"geometry":{"type":"Polygon","coordinates":[[[-73.29548135650674,10.47745986172135],[-73.29550149516568,10.477543354279982],[-73.29540964060642,10.47756652642246],[-73.29539104210521,10.477481612880805],[-73.29548135650674,10.47745986172135]]]}},
{"type":"Feature","properties":{"cons":"0127","motivo":"sin_npn"},"geometry":{"type":"Polygon","coordinates":[[[-73.29594634188828,10.477455204079298],[-73.29578483852627,10.477490126456473],[-73.29576051394801,10.47739273468494],[-73.29590216113161,10.477358673673828],[-73.2959236393129,10.477371221717025],[-73.29594634188828,10.477455204079298]]]}},
{"type":"Feature","properties":{"cons":"0111","motivo":"sin_npn"},"geometry":{"type":"Polygon","coordinates":[[[-73.29566450267242,10.477541975726806],[-73.29572693489006,10.477525000258673],[-73.29575585225554,10.47764546698667],[-73.29569228692084,10.47766144849323],[-73.29566450267242,10.477541975726806]]]}},
{"type":"Feature","properties":{"cons":"0110","motivo":"sin_npn"},"geometry":{"type":"Polygon","coordinates":[[[-73.29572693489006,10.477525000258673],[-73.29578931252122,10.47750803961872],[-73.29581963144602,10.477629431698475],[-73.29575585225554,10.47764546698667],[-73.29572693489006,10.477525000258673]]]}},
{"type":"Feature","properties":{"cons":"0118","motivo":"sin_npn"},"geometry":{"type":"Polygon","coordinates":[[[-73.29528075050345,10.47759929860121],[-73.29532403409411,10.47775403381775],[-73.29526019509527,10.477770084031302],[-73.29521979395204,10.477633668836866],[-73.29521827026346,10.477615185235043],[-73.29528075050345,10.47759929860121]]]}},
{"type":"Feature","properties":{"cons":"0119","motivo":"sin_npn"},"geometry":{"type":"Polygon","coordinates":[[[-73.29526030932958,10.477519309821808],[-73.29528075050345,10.477599298601264],[-73.29521827026348,10.477615185235043],[-73.29520071487201,10.477536493929088],[-73.29526030932958,10.477519309821808]]]}},
{"type":"Feature","properties":{"cons":"0117","motivo":"sin_npn"},"geometry":{"type":"Polygon","coordinates":[[[-73.29534710023727,10.477582428069548],[-73.2953845463897,10.477738819980894],[-73.29532403409411,10.47775403381775],[-73.29528075050345,10.47759929860121],[-73.29534710023727,10.477582428069548]]]}},
{"type":"Feature","properties":{"cons":"0120","motivo":"sin_npn"},"geometry":{"type":"Polygon","coordinates":[[[-73.29532735815675,10.477499976225877],[-73.29534710023727,10.477582428069548],[-73.29528075050345,10.477599298601264],[-73.29526030932958,10.477519309821853],[-73.29532735815675,10.477499976225877]]]}},
{"type":"Feature","properties":{"cons":"0116","motivo":"sin_npn"},"geometry":{"type":"Polygon","coordinates":[[[-73.29540964060642,10.47756652642246],[-73.29544409847419,10.477723847545096],[-73.2953845463897,10.477738819980894],[-73.29534710023725,10.477582428069548],[-73.29540964060642,10.47756652642246]]]}},
{"type":"Feature","properties":{"cons":"0121","motivo":"sin_npn"},"geometry":{"type":"Polygon","coordinates":[[[-73.29539104210521,10.477481612880805],[-73.29540964060642,10.47756652642246],[-73.29534710023725,10.477582428069548],[-73.29532735815675,10.477499976225877],[-73.29539104210521,10.477481612880805]]]}},
{"type":"Feature","properties":{"cons":"0112","motivo":"sin_npn"},"geometry":{"type":"Polygon","coordinates":[[[-73.29559517777034,10.47751972094593],[-73.29560902676265,10.477516227254537],[-73.29558893351653,10.47743399346285],[-73.2956367184465,10.477422502956491],[-73.29569228692084,10.47766144849323],[-73.29563266480582,10.47767643858812],[-73.29559517777034,10.47751972094593]]]}},
{"type":"Feature","properties":{"cons":"0124","motivo":"sin_npn"},"geometry":{"type":"Polygon","coordinates":[[[-73.29553358477577,10.477447302775698],[-73.29558893351653,10.47743399346285],[-73.29560902676265,10.477516227254537],[-73.29555431200775,10.477530030165862],[-73.29553358477577,10.477447302775698]]]}},
{"type":"Feature","properties":{"cons":"0123","motivo":"sin_npn"},"geometry":{"type":"Polygon","coordinates":[[[-73.29548135650674,10.47745986172135],[-73.29553358477577,10.477447302775698],[-73.29555431200775,10.477530030165862],[-73.29550149516568,10.477543354279982],[-73.29548135650674,10.47745986172135]]]}},
{"type":"Feature","properties":{"cons":"0115","motivo":"sin_npn"},"geometry":{"type":"Polygon","coordinates":[[[-73.2954704501468,10.477551186007787],[-73.295508478253,10.477707661328425],[-73.29544409847419,10.477723847545096],[-73.29540964060642,10.47756652642246],[-73.2954704501468,10.477551186007787]]]}},
{"type":"Feature","properties":{"cons":"0114","motivo":"sin_npn"},"geometry":{"type":"Polygon","coordinates":[[[-73.29552790358728,10.477536692224021],[-73.29556181732497,10.477694250929915],[-73.295508478253,10.477707661328425],[-73.29547045014677,10.477551186007787],[-73.29552790358728,10.477536692224021]]]}},
{"type":"Feature","properties":{"cons":"0125","motivo":"sin_npn"},"geometry":{"type":"Polygon","coordinates":[[[-73.29572693489006,10.477525000258673],[-73.29566450267242,10.477541975726806],[-73.2956367184465,10.477422502956491],[-73.29569875040951,10.477407586554321],[-73.29572693489006,10.477525000258673]]]}},
{"type":"Feature","properties":{"cons":"0126","motivo":"sin_npn"},"geometry":{"type":"Polygon","coordinates":[[[-73.29578931252122,10.47750803961872],[-73.29572693489006,10.477525000258673],[-73.29569875040951,10.477407586554321],[-73.29576051394803,10.47739273468494],[-73.29578931252122,10.47750803961872]]]}},
{"type":"Feature","properties":{"cons":"0109","motivo":"sin_npn"},"geometry":{"type":"Polygon","coordinates":[[[-73.29580186961213,10.477558316195886],[-73.29596274729415,10.477515891645018],[-73.29598237894841,10.477588513849915],[-73.29581963144602,10.477629431698475],[-73.29580186961213,10.477558316195886]]]}},
{"type":"Feature","properties":{"cons":"0128","motivo":"sin_npn"},"geometry":{"type":"Polygon","coordinates":[[[-73.29578483852627,10.477490126456473],[-73.29594634188828,10.477455204079298],[-73.29596274729413,10.477515891645018],[-73.2958018696121,10.477558316195886],[-73.29578483852627,10.477490126456473]]]}},
{"type":"Feature","properties":{"cons":"0141","motivo":"sin_npn"},"geometry":{"type":"Polygon","coordinates":[[[-73.29657909803792,10.477301155421909],[-73.29663955306144,10.477287835367965],[-73.29673062601617,10.477403433724067],[-73.29660969386352,10.477431987332007],[-73.29657909803792,10.477301155421909]]]}},
{"type":"Feature","properties":{"cons":"0129","motivo":"sin_npn"},"geometry":{"type":"Polygon","coordinates":[[[-73.29598857371451,10.477441074302769],[-73.29609308910581,10.477422446959176],[-73.29612099264894,10.477547375339743],[-73.29603172135535,10.477568453234616],[-73.29600656108565,10.477475771894092],[-73.29599978999437,10.477477214533883],[-73.29598857371451,10.477441074302769]]]}},
{"type":"Feature","properties":{"cons":"0130","motivo":"sin_npn"},"geometry":{"type":"Polygon","coordinates":[[[-73.2959690222739,10.477378077137981],[-73.29608818799532,10.477355422142034],[-73.296097287225,10.47738593598377],[-73.29609308910578,10.477422446959176],[-73.29598857371451,10.477441074302769],[-73.2959690222739,10.477378077137981]]]}},
{"type":"Feature","properties":{"cons":"0131","motivo":"sin_npn"},"geometry":{"type":"Polygon","coordinates":[[[-73.29595524700736,10.47731374343913],[-73.29605716855527,10.477292610951332],[-73.2960813886091,10.477327060676535],[-73.29608818799532,10.477355422142034],[-73.2959690222739,10.477378077137981],[-73.29595818143181,10.477343146589034],[-73.29595524700736,10.47731374343913]]]}},
{"type":"Feature","properties":{"cons":"0132","motivo":"sin_npn"},"geometry":{"type":"Polygon","coordinates":[[[-73.2960483574701,10.477170701487047],[-73.29605716855524,10.477292610951332],[-73.29595524700734,10.47731374343913],[-73.2959304449934,10.477171529290283],[-73.2960483574701,10.477170701487047]]]}},
{"type":"Feature","properties":{"cons":"0149","motivo":"sin_npn"},"geometry":{"type":"Polygon","coordinates":[[[-73.29609728722498,10.47738593598377],[-73.29616959620357,10.477374138578435],[-73.29620638395741,10.477527213524343],[-73.29612099264892,10.477547375339743],[-73.29609308910578,10.477422446959176],[-73.29609728722498,10.47738593598377]]]}},
{"type":"Feature","properties":{"cons":"0133","motivo":"sin_npn"},"geometry":{"type":"Polygon","coordinates":[[[-73.29611144918039,10.477206802804755],[-73.29614849276082,10.47737758166396],[-73.29609728722498,10.47738593598377],[-73.29608138860908,10.477327060676535],[-73.29605716855521,10.477292610951332],[-73.29605020969929,10.477210917390613],[-73.29611144918039,10.477206802804755]]]}},
{"type":"Feature","properties":{"cons":"0134","motivo":"sin_npn"},"geometry":{"type":"Polygon","coordinates":[[[-73.2961679429538,10.47720298536461],[-73.29619928166012,10.477369382994269],[-73.29614849276079,10.47737758166396],[-73.29611144918037,10.477206802804755],[-73.2961679429538,10.47720298536461]]]}},
{"type":"Feature","properties":{"cons":"0135","motivo":"sin_npn"},"geometry":{"type":"Polygon","coordinates":[[[-73.29623453064936,10.477193868421054],[-73.29625927697191,10.477342437614366],[-73.29619623083575,10.47735318418666],[-73.29616794295379,10.47720298536461],[-73.29623453064936,10.477193868421054]]]}},
{"type":"Feature","properties":{"cons":"0148","motivo":"sin_npn"},"geometry":{"type":"Polygon","coordinates":[[[-73.29623507129389,10.477346563611375],[-73.29624196034051,10.47744587047905],[-73.29625817550159,10.477514984965891],[-73.29620638395741,10.477527213524343],[-73.29616959620357,10.477374138578435],[-73.29619928166012,10.477369382994269],[-73.29619623083575,10.47735318418666],[-73.29623507129389,10.477346563611375]]]}},
{"type":"Feature","properties":{"cons":"0147","motivo":"sin_npn"},"geometry":{"type":"Polygon","coordinates":[[[-73.29623507129389,10.477346563611375],[-73.29627862364946,10.477339068140457],[-73.29632130602054,10.477500079136982],[-73.29625817550159,10.477514984965891],[-73.2962419603405,10.47744587047905],[-73.29623507129389,10.477346563611375]]]}},
{"type":"Feature","properties":{"cons":"0136","motivo":"sin_npn"},"geometry":{"type":"Polygon","coordinates":[[[-73.2962821226278,10.47718735229272],[-73.29630451657468,10.477335213791065],[-73.29625927697191,10.477342437614366],[-73.29623453064936,10.477193868421054],[-73.2962821226278,10.47718735229272]]]}},
{"type":"Feature","properties":{"cons":"0140","motivo":"sin_npn"},"geometry":{"type":"Polygon","coordinates":[[[-73.29649947046114,10.477139659430941],[-73.29656386350703,10.477121266290656],[-73.29661902333484,10.477261777092973],[-73.29663955306144,10.477287835367965],[-73.29659479168699,10.477299962524507],[-73.29652830699222,10.477305016118676],[-73.29649947046114,10.477139659430941]]]}},
{"type":"Feature","properties":{"cons":"0146","motivo":"sin_npn"},"geometry":{"type":"Polygon","coordinates":[[[-73.29634067577472,10.477334282418207],[-73.29638014368604,10.47748618688681],[-73.29632130602054,10.477500079136982],[-73.29627862364941,10.477339068140457],[-73.29634067577472,10.477334282418207]]]}},
{"type":"Feature","properties":{"cons":"0145","motivo":"sin_npn"},"geometry":{"type":"Polygon","coordinates":[[[-73.29638575397179,10.477331213280953],[-73.29642301590306,10.477476064255224],[-73.29638014368604,10.47748618688681],[-73.2963406757747,10.477334282418207],[-73.29638575397179,10.477331213280953]]]}},
{"type":"Feature","properties":{"cons":"0144","motivo":"sin_npn"},"geometry":{"type":"Polygon","coordinates":[[[-73.29647583162657,10.477309622897966],[-73.29650271505184,10.47745724633756],[-73.29642301590303,10.477476064255226],[-73.29638575397179,10.477331213280953],[-73.29647583162657,10.477309622897966]]]}},
{"type":"Feature","properties":{"cons":"0143","motivo":"sin_npn"},"geometry":{"type":"Polygon","coordinates":[[[-73.29651939461911,10.47730569355951],[-73.29653694069091,10.477394384200025],[-73.29655160881578,10.477445701926976],[-73.29650271505184,10.47745724633756],[-73.29647583162654,10.477309622897966],[-73.29651939461911,10.47730569355951]]]}},
{"type":"Feature","properties":{"cons":"0142","motivo":"sin_npn"},"geometry":{"type":"Polygon","coordinates":[[[-73.29657909803792,10.477301155421909],[-73.29660969386352,10.477431987332007],[-73.29655160881578,10.477445701926976],[-73.2965369406909,10.477394384200025],[-73.2965193946191,10.47730569355951],[-73.29657909803792,10.477301155421909]]]}},
{"type":"Feature","properties":{"cons":"0137","motivo":"sin_npn"},"geometry":{"type":"Polygon","coordinates":[[[-73.29637888064221,10.47717410449883],[-73.29639582739455,10.477328798820592],[-73.29637683497442,10.47733335104121],[-73.29630451657468,10.477335213791065],[-73.29628212262777,10.47718735229272],[-73.29637888064221,10.47717410449883]]]}},
{"type":"Feature","properties":{"cons":"0138","motivo":"sin_npn"},"geometry":{"type":"Polygon","coordinates":[[[-73.29644092754583,10.47715638153492],[-73.29647158507778,10.477310640738326],[-73.29639582739453,10.477328798820592],[-73.29637888064221,10.47717410449883],[-73.29644092754583,10.47715638153492]]]}},
{"type":"Feature","properties":{"cons":"0139","motivo":"sin_npn"},"geometry":{"type":"Polygon","coordinates":[[[-73.29649947046114,10.477139659430941],[-73.29652830699222,10.477305016118676],[-73.29647158507775,10.477310640738326],[-73.29644092754583,10.47715638153492],[-73.29649947046114,10.477139659430941]]]}},
{"type":"Feature","properties":{"cons":"0161","motivo":"sin_npn"},"geometry":{"type":"Polygon","coordinates":[[[-73.29577149997002,10.477188657245502],[-73.29585529338647,10.47717414067171],[-73.29589511015978,10.477331742397814],[-73.29581130014658,10.47735227682504],[-73.29577149997002,10.477188657245502]]]}},
{"type":"Feature","properties":{"cons":"0151","motivo":"sin_npn"},"geometry":{"type":"Polygon","coordinates":[[[-73.29523852465532,10.477421881845109],[-73.29517679701071,10.477436785426551],[-73.29517065329881,10.477411174468822],[-73.29517096240593,10.477354438599045],[-73.29518088714701,10.477299952664634],[-73.29520481978368,10.477295097969424],[-73.29523852465532,10.477421881845109]]]}},
{"type":"Feature","properties":{"cons":"0152","motivo":"sin_npn"},"geometry":{"type":"Polygon","coordinates":[[[-73.29532951388966,10.477386686750705],[-73.29523537337172,10.47741002801619],[-73.29520481978368,10.477295097969424],[-73.29530172007965,10.477275441887087],[-73.29532951388966,10.477386686750705]]]}},
{"type":"Feature","properties":{"cons":"0153","motivo":"sin_npn"},"geometry":{"type":"Polygon","coordinates":[[[-73.29536267758019,10.477263076731552],[-73.2954096904059,10.477450675536684],[-73.29534920372818,10.47746549537511],[-73.29530172007965,10.477275441887087],[-73.29536267758019,10.477263076731552]]]}},
{"type":"Feature","properties":{"cons":"0154","motivo":"sin_npn"},"geometry":{"type":"Polygon","coordinates":[[[-73.29545342905605,10.477364180042645],[-73.29539192005556,10.477379765204024],[-73.29536267758019,10.477263076731552],[-73.29542528468725,10.477250376942184],[-73.29545342905605,10.477364180042645]]]}},
{"type":"Feature","properties":{"cons":"0155","motivo":"sin_npn"},"geometry":{"type":"Polygon","coordinates":[[[-73.29548400545141,10.477238465481584],[-73.295528031966,10.47742168063873],[-73.29547109912771,10.477435629775108],[-73.29542528468725,10.477250376942184],[-73.29548400545141,10.477238465481584]]]}},
{"type":"Feature","properties":{"cons":"0156","motivo":"sin_npn"},"geometry":{"type":"Polygon","coordinates":[[[-73.2955385906452,10.477229006896746],[-73.29558131471825,10.477408625801036],[-73.295528031966,10.47742168063873],[-73.29548400545139,10.477238465481584],[-73.2955385906452,10.477229006896746]]]}},
{"type":"Feature","properties":{"cons":"0163","motivo":"sin_npn"},"geometry":{"type":"Polygon","coordinates":[[[-73.29555848489366,10.477312645559195],[-73.29561326797803,10.47729942938938],[-73.2956379904206,10.477394739643756],[-73.29558131471825,10.477408625801036],[-73.29555848489366,10.477312645559195]]]}},
{"type":"Feature","properties":{"cons":"0162","motivo":"sin_npn"},"geometry":{"type":"Polygon","coordinates":[[[-73.29561428897848,10.477303365563746],[-73.29567252134022,10.477289335255222],[-73.29569575482049,10.477380586732284],[-73.29563799042057,10.477394739643756],[-73.29561428897848,10.477303365563746]]]}},
{"type":"Feature","properties":{"cons":"0159","motivo":"sin_npn"},"geometry":{"type":"Polygon","coordinates":[[[-73.29571234690236,10.477198905051727],[-73.29575439027688,10.477366220390408],[-73.29569575482049,10.477380586732284],[-73.29565215211011,10.477209333316635],[-73.29571234690236,10.477198905051727]]]}},
{"type":"Feature","properties":{"cons":"0160","motivo":"sin_npn"},"geometry":{"type":"Polygon","coordinates":[[[-73.29577149997002,10.477188657245502],[-73.29581130014658,10.47735227682504],[-73.29575439027687,10.477366220390408],[-73.29571234690236,10.477198905051727],[-73.29577149997002,10.477188657245502]]]}},
{"type":"Feature","properties":{"cons":"0150","motivo":"sin_npn"},"geometry":{"type":"Polygon","coordinates":[[[-73.29517679701071,10.477436785426551],[-73.29523852465532,10.477421881845109],[-73.29525617828762,10.47748828750944],[-73.2951928724096,10.477503798045634],[-73.29517679701071,10.477436785426551]]]}},
{"type":"Feature","properties":{"cons":"0165","motivo":"sin_npn"},"geometry":{"type":"Polygon","coordinates":[[[-73.29523537337172,10.47741002801619],[-73.29532951388966,10.477386686750705],[-73.29534920372818,10.47746549537511],[-73.29525617828762,10.47748828750944],[-73.29523537337172,10.47741002801619]]]}},
{"type":"Feature","properties":{"cons":"0164","motivo":"sin_npn"},"geometry":{"type":"Polygon","coordinates":[[[-73.29539192005556,10.477379765204024],[-73.29545342905605,10.477364180042645],[-73.29547109912771,10.477435629775108],[-73.29540969040585,10.477450675536684],[-73.29539192005556,10.477379765204024]]]}},
{"type":"Feature","properties":{"cons":"0158","motivo":"sin_npn"},"geometry":{"type":"Polygon","coordinates":[[[-73.29567252134022,10.477289335255222],[-73.29561428897848,10.477303365563746],[-73.29559257525715,10.477219654516679],[-73.29565215211011,10.477209333316635],[-73.29567252134022,10.477289335255222]]]}},
{"type":"Feature","properties":{"cons":"0157","motivo":"sin_npn"},"geometry":{"type":"Polygon","coordinates":[[[-73.29561326797803,10.47729942938938],[-73.29555848489366,10.477312645559195],[-73.29553859064517,10.477229006896746],[-73.29559257525715,10.477219654516679],[-73.29561326797803,10.47729942938938]]]}},
{"type":"Feature","properties":{"cons":"0168","motivo":"sin_npn"},"geometry":{"type":"Polygon","coordinates":[[[-73.2971511387894,10.477095090699748],[-73.29718157441572,10.477052690151337],[-73.2972808727811,10.477057702605057],[-73.29726365426014,10.477141666825124],[-73.29721388024035,10.477260315190806],[-73.29708377730408,10.477222269982967],[-73.2971511387894,10.477095090699748]]]}},
{"type":"Feature","properties":{"cons":"0166","motivo":"sin_npn"},"geometry":{"type":"Polygon","coordinates":[[[-73.2970837773041,10.477222269982967],[-73.29721388024035,10.477260315190806],[-73.29712320299045,10.47747646601289],[-73.2970266756827,10.477455729109789],[-73.2970837773041,10.477222269982967]]]}},
{"type":"Feature","properties":{"cons":"0170","motivo":"sin_npn"},"geometry":{"type":"Polygon","coordinates":[[[-73.2972808727811,10.477057702605057],[-73.29718157441572,10.477052690151337],[-73.2971511387894,10.477095090699748],[-73.29707710784456,10.477076487324739],[-73.29707553482825,10.476948654205193],[-73.2971568027701,10.47694714201501],[-73.29723735399041,10.47695496670709],[-73.29728089112129,10.476954926054777],[-73.29728604439325,10.477032483799968],[-73.2972808727811,10.477057702605057]]]}},
{"type":"Feature","properties":{"cons":"0169","motivo":"sin_npn"},"geometry":{"type":"Polygon","coordinates":[[[-73.29667902505824,10.47720861950715],[-73.29663510280635,10.477121214680825],[-73.29663093745,10.477101903638745],[-73.29676868781847,10.477068685577983],[-73.2970430349562,10.477042124080764],[-73.29705489389245,10.477142178883208],[-73.2970387558899,10.477213053562384],[-73.29690875413421,10.477229080347726],[-73.29690326526413,10.47718001039111],[-73.29667902505824,10.47720861950715]]]}},
{"type":"Feature","properties":{"cons":"0178","motivo":"sin_npn"},"geometry":{"type":"Polygon","coordinates":[[[-73.29609254737736,10.477071714879944],[-73.29627792711464,10.477068851432175],[-73.29629190125915,10.477138770413745],[-73.29619903357946,10.477151065755736],[-73.29610107405416,10.477150199322168],[-73.29609254737736,10.477071714879944]]]}},
{"type":"Feature","properties":{"cons":"0179","motivo":"sin_npn"},"geometry":{"type":"Polygon","coordinates":[[[-73.29608526542404,10.477004687554038],[-73.29627007011803,10.476996562774271],[-73.29627792711464,10.477068851432213],[-73.29609254737736,10.477071714879978],[-73.29608526542404,10.477004687554038]]]}},
{"type":"Feature","properties":{"cons":"0180","motivo":"sin_npn"},"geometry":{"type":"Polygon","coordinates":[[[-73.2962396941002,10.476923606823249],[-73.29624630729501,10.476997607492452],[-73.29608526542404,10.477004687554038],[-73.2960781375159,10.476939078116748],[-73.29621406284411,10.476931291173136],[-73.2962396941002,10.476923606823249]]]}},
{"type":"Feature","properties":{"cons":"0175","motivo":"sin_npn"},"geometry":{"type":"Polygon","coordinates":[[[-73.2963978422218,10.476987628425581],[-73.29642627611703,10.47710155958964],[-73.29638785377314,10.477110616837395],[-73.29636051451908,10.476995771292763],[-73.2963978422218,10.476987628425581]]]}},
{"type":"Feature","properties":{"cons":"0182","motivo":"sin_npn"},"geometry":{"type":"Polygon","coordinates":[[[-73.29629566051969,10.476911088892685],[-73.29635993481563,10.476896807781504],[-73.29638141621216,10.476991211684886],[-73.29631380219914,10.477005961364412],[-73.29629566051969,10.476911088892685]]]}},
{"type":"Feature","properties":{"cons":"0177","motivo":"sin_npn"},"geometry":{"type":"Polygon","coordinates":[[[-73.29631380219918,10.477005961364396],[-73.2963364958525,10.47712463843393],[-73.29629190125915,10.477138770413745],[-73.29627792711464,10.477068851432175],[-73.29627208085672,10.477015062671539],[-73.29631380219918,10.477005961364396]]]}},
{"type":"Feature","properties":{"cons":"0181","motivo":"sin_npn"},"geometry":{"type":"Polygon","coordinates":[[[-73.29627208085671,10.477015062671539],[-73.29627007011803,10.476996562774271],[-73.29624630729501,10.476997607492452],[-73.29624117718345,10.47692327510424],[-73.29629566051969,10.476911088892685],[-73.29631380219914,10.477005961364412],[-73.29627208085671,10.477015062671539]]]}},
{"type":"Feature","properties":{"cons":"0176","motivo":"sin_npn"},"geometry":{"type":"Polygon","coordinates":[[[-73.29631380219914,10.477005961364412],[-73.29636051451905,10.476995771292806],[-73.29638785377314,10.477110616837434],[-73.29633649585249,10.47712463843395],[-73.29631380219914,10.477005961364412]]]}},
{"type":"Feature","properties":{"cons":"0174","motivo":"sin_npn"},"geometry":{"type":"Polygon","coordinates":[[[-73.2963978422218,10.476987628425581],[-73.29643936426606,10.4769785705764],[-73.29645747509959,10.4770942050914],[-73.29642627611703,10.47710155958964],[-73.2963978422218,10.476987628425581]]]}},
{"type":"Feature","properties":{"cons":"0183","motivo":"sin_npn"},"geometry":{"type":"Polygon","coordinates":[[[-73.29635993481563,10.476896807781504],[-73.29641562709675,10.476884474650522],[-73.29643936426606,10.4769785705764],[-73.29638141621216,10.476991211684886],[-73.29635993481563,10.476896807781504]]]}},
{"type":"Feature","properties":{"cons":"0173","motivo":"sin_npn"},"geometry":{"type":"Polygon","coordinates":[[[-73.29643936426606,10.4769785705764],[-73.29657696481826,10.476951969804585],[-73.29658820352321,10.4770067199396],[-73.29658643167265,10.477063806279226],[-73.29645747509957,10.4770942050914],[-73.29643936426606,10.4769785705764]]]}},
{"type":"Feature","properties":{"cons":"0184","motivo":"sin_npn"},"geometry":{"type":"Polygon","coordinates":[[[-73.29641562709675,10.476884474650522],[-73.29650935774086,10.476863717848454],[-73.29652585998905,10.476961849335602],[-73.29643936426606,10.4769785705764],[-73.29641562709675,10.476884474650522]]]}},
{"type":"Feature","properties":{"cons":"0172","motivo":"sin_npn"},"geometry":{"type":"Polygon","coordinates":[[[-73.29663093745,10.477101903638745],[-73.29662271262994,10.477063772476544],[-73.29658643167265,10.477063806279226],[-73.29658820352321,10.4770067199396],[-73.29657696481826,10.476951969804585],[-73.29652585998905,10.476961849335602],[-73.29650935774086,10.476863717848454],[-73.29668477934821,10.476837101492272],[-73.29680119340465,10.476843993349181],[-73.29679951041108,10.476924543690737],[-73.29675985509532,10.47693702897095],[-73.29676868781846,10.477068685577983],[-73.29663093745,10.477101903638745]]]}},
{"type":"Feature","properties":{"cons":"0171","motivo":"sin_npn"},"geometry":{"type":"Polygon","coordinates":[[[-73.2970430349562,10.477042124080764],[-73.29676868781847,10.477068685577983],[-73.29675985509532,10.476937028970934],[-73.29679951041108,10.476924543690737],[-73.29680119340465,10.476843993349181],[-73.29691290234817,10.476875630198869],[-73.2969748550926,10.476910523443062],[-73.29703685026224,10.47698994328946],[-73.2970430349562,10.477042124080764]]]}},
{"type":"Feature","properties":{"cons":"0167","motivo":"sin_npn"},"geometry":{"type":"Polygon","coordinates":[[[-73.29667902505824,10.47720861950715],[-73.29690326526413,10.47718001039111],[-73.29690875413421,10.477229080347726],[-73.2970387558899,10.477213053562384],[-73.29699049845688,10.477395416480286],[-73.29682549757264,10.477350086155793],[-73.29675281714827,10.477293466217798],[-73.29667902505824,10.47720861950715]]]}},
{"type":"Feature","properties":{"cons":"0211","motivo":"sin_npn"},"geometry":{"type":"Polygon","coordinates":[[[-73.29588982854398,10.4768801300487],[-73.29602650381386,10.47687701677692],[-73.29603318514508,10.476908430585159],[-73.29603469267195,10.476945859994467],[-73.29588960015406,10.476949414087727],[-73.29588982854398,10.4768801300487]]]}},
{"type":"Feature","properties":{"cons":"0185","motivo":"sin_npn"},"geometry":{"type":"Polygon","coordinates":[[[-73.29598805204665,10.477118144314955],[-73.29598131458827,10.476994920488773],[-73.29603667083808,10.47699497458225],[-73.29604275230922,10.477113399919219],[-73.29598805204665,10.477118144314955]]]}},
{"type":"Feature","properties":{"cons":"0198","motivo":"sin_npn"},"geometry":{"type":"Polygon","coordinates":[[[-73.29520905438109,10.477218907518317],[-73.29521351734407,10.4770641553734],[-73.29524557122586,10.477064634821035],[-73.29524194449455,10.477214197477732],[-73.29520905438109,10.477218907518317]]]}},
{"type":"Feature","properties":{"cons":"0197","motivo":"sin_npn"},"geometry":{"type":"Polygon","coordinates":[[[-73.29524194449455,10.477214197477732],[-73.29524557122586,10.477064634821035],[-73.29527782261626,10.477065117219656],[-73.29527600234209,10.477209320207669],[-73.29524194449455,10.477214197477732]]]}},
{"type":"Feature","properties":{"cons":"0196","motivo":"sin_npn"},"geometry":{"type":"Polygon","coordinates":[[[-73.29527600234209,10.477209320207669],[-73.29527782261626,10.477065117219656],[-73.29533483888424,10.477066230216337],[-73.29533809077218,10.477200428795094],[-73.29527600234209,10.477209320207669]]]}},
{"type":"Feature","properties":{"cons":"0195","motivo":"sin_npn"},"geometry":{"type":"Polygon","coordinates":[[[-73.29533809077218,10.477200428795094],[-73.29533483888424,10.477066230216337],[-73.29539313609685,10.477067996228847],[-73.29539997194647,10.47719156705013],[-73.29533809077218,10.477200428795094]]]}},
{"type":"Feature","properties":{"cons":"0194","motivo":"sin_npn"},"geometry":{"type":"Polygon","coordinates":[[[-73.29539997194647,10.47719156705013],[-73.29539313609685,10.477067996228822],[-73.29545066568228,10.477069902089937],[-73.29546405267419,10.477182390303232],[-73.29539997194647,10.47719156705013]]]}},
{"type":"Feature","properties":{"cons":"0193","motivo":"sin_npn"},"geometry":{"type":"Polygon","coordinates":[[[-73.29551160363322,10.477055003309575],[-73.29552518330091,10.477173636016003],[-73.29546405267419,10.477182390303232],[-73.29545017377124,10.477061284483163],[-73.29551160363322,10.477055003309575]]]}},
{"type":"Feature","properties":{"cons":"0192","motivo":"sin_npn"},"geometry":{"type":"Polygon","coordinates":[[[-73.29551343089295,10.477054886780794],[-73.29557255201526,10.477051116477663],[-73.29558310471053,10.47716534129757],[-73.29552518330091,10.477173636016003],[-73.29551343089295,10.477054886780794]]]}},
{"type":"Feature","properties":{"cons":"0191","motivo":"sin_npn"},"geometry":{"type":"Polygon","coordinates":[[[-73.29557254634287,10.477045131716814],[-73.29564361118364,10.47704106836346],[-73.29565318585209,10.477155075118942],[-73.29558310471053,10.47716534129757],[-73.29557254634287,10.477045131716814]]]}},
{"type":"Feature","properties":{"cons":"0190","motivo":"sin_npn"},"geometry":{"type":"Polygon","coordinates":[[[-73.29564361118364,10.47704106836346],[-73.29569613439448,10.477035441322055],[-73.29570967391625,10.477146663266971],[-73.29565318585209,10.477155075118942],[-73.29564361118364,10.47704106836346]]]}},
{"type":"Feature","properties":{"cons":"0189","motivo":"sin_npn"},"geometry":{"type":"Polygon","coordinates":[[[-73.29569612735779,10.477028020218716],[-73.29576529555466,10.477020056074203],[-73.29577349417465,10.477137159537577],[-73.29570967391625,10.477146663266971],[-73.29569613439448,10.477035441322055],[-73.29569612735779,10.477028020218716]]]}},
{"type":"Feature","properties":{"cons":"0188","motivo":"sin_npn"},"geometry":{"type":"Polygon","coordinates":[[[-73.29576771950711,10.477025559806961],[-73.29588024150287,10.47702140876476],[-73.29587855069319,10.477118787102414],[-73.29577325776827,10.477132590811603],[-73.29576771950711,10.477025559806961]]]}},
{"type":"Feature","properties":{"cons":"0187","motivo":"sin_npn"},"geometry":{"type":"Polygon","coordinates":[[[-73.29588687661128,10.477021163988084],[-73.29588836333262,10.476994829636201],[-73.29593994809093,10.476994880059605],[-73.29594479682729,10.4771167826173],[-73.29587855069319,10.477118787102414],[-73.29588024150287,10.47702140876476],[-73.29588687661128,10.477021163988084]]]}},
{"type":"Feature","properties":{"cons":"0186","motivo":"sin_npn"},"geometry":{"type":"Polygon","coordinates":[[[-73.2959451039963,10.47712186938267],[-73.29593994809093,10.476994880059605],[-73.29598131458827,10.476994920488773],[-73.29598805204665,10.477118144314955],[-73.2959451039963,10.47712186938267]]]}},
{"type":"Feature","properties":{"cons":"0201","motivo":"sin_npn"},"geometry":{"type":"Polygon","coordinates":[[[-73.2952160478262,10.476976411491451],[-73.29521783636038,10.47691439446756],[-73.2953186967054,10.476913582749471],[-73.29531939926835,10.476977439165445],[-73.2952160478262,10.476976411491451]]]}},
{"type":"Feature","properties":{"cons":"0202","motivo":"sin_npn"},"geometry":{"type":"Polygon","coordinates":[[[-73.2953198191386,10.47694949030578],[-73.2953826297116,10.476947598179057],[-73.29538272066218,10.477067680712151],[-73.29531807300775,10.477065722321294],[-73.2953198191386,10.47694949030578]]]}},
{"type":"Feature","properties":{"cons":"0203","motivo":"sin_npn"},"geometry":{"type":"Polygon","coordinates":[[[-73.2953826297116,10.476947598179057],[-73.29544280815041,10.476945785331955],[-73.29545066568228,10.477069902089937],[-73.29538272066218,10.477067680712151],[-73.2953826297116,10.476947598179057]]]}},
{"type":"Feature","properties":{"cons":"0204","motivo":"sin_npn"},"geometry":{"type":"Polygon","coordinates":[[[-73.29544169658912,10.47692136851747],[-73.29550645532444,10.476918405801428],[-73.29551343089295,10.477054886780794],[-73.29545017377124,10.477061284483163],[-73.29544169658912,10.47692136851747]]]}},
{"type":"Feature","properties":{"cons":"0205","motivo":"sin_npn"},"geometry":{"type":"Polygon","coordinates":[[[-73.29550645532441,10.476918405801428],[-73.2955712140582,10.476915443072233],[-73.29557255201526,10.477051116477663],[-73.29551343089295,10.477054886780794],[-73.29550645532441,10.476918405801428]]]}},
{"type":"Feature","properties":{"cons":"0206","motivo":"sin_npn"},"geometry":{"type":"Polygon","coordinates":[[[-73.29557118683124,10.476886716220104],[-73.29561972608414,10.476884441297997],[-73.29562356827368,10.477042359476366],[-73.29557254634287,10.477045131716814],[-73.29557118683124,10.476886716220104]]]}},
{"type":"Feature","properties":{"cons":"0207","motivo":"sin_npn"},"geometry":{"type":"Polygon","coordinates":[[[-73.29561972608414,10.476884441297997],[-73.29569141881275,10.476881081212676],[-73.29569983883364,10.47702759287343],[-73.29569612735779,10.477028020218716],[-73.29569613439448,10.477035441322055],[-73.29562356827368,10.477042359476366],[-73.29561972608414,10.476884441297997]]]}},
{"type":"Feature","properties":{"cons":"0208","motivo":"sin_npn"},"geometry":{"type":"Polygon","coordinates":[[[-73.29569983883364,10.47702759287343],[-73.29569141881278,10.476881081212676],[-73.29576956238006,10.476882729568146],[-73.29577254561538,10.4770253817681],[-73.29576771950711,10.477025559806961],[-73.29576529555466,10.477020056074203],[-73.29569983883364,10.47702759287343]]]}},
{"type":"Feature","properties":{"cons":"0209","motivo":"sin_npn"},"geometry":{"type":"Polygon","coordinates":[[[-73.29577100958552,10.476951931995412],[-73.29588960015406,10.476949414087727],[-73.29588687661128,10.477021163988084],[-73.29577254561538,10.4770253817681],[-73.29577100958552,10.476951931995412]]]}},
{"type":"Feature","properties":{"cons":"0210","motivo":"sin_npn"},"geometry":{"type":"Polygon","coordinates":[[[-73.29577100958552,10.476951931995412],[-73.29576956238006,10.476882729568146],[-73.29588982854398,10.4768801300487],[-73.29588960015406,10.476949414087727],[-73.29577100958552,10.476951931995412]]]}},
{"type":"Feature","properties":{"cons":"0212","motivo":"sin_npn"},"geometry":{"type":"Polygon","coordinates":[[[-73.29588960015406,10.476949414087727],[-73.29603469267195,10.476945859994467],[-73.29603667083808,10.47699497458225],[-73.29588836333262,10.476994829636201],[-73.29588960015406,10.476949414087727]]]}},
{"type":"Feature","properties":{"cons":"0199","motivo":"sin_npn"},"geometry":{"type":"Polygon","coordinates":[[[-73.29521351734407,10.4770641553734],[-73.29521479093277,10.477019993983479],[-73.29531873781539,10.477021469090875],[-73.29531807300775,10.477065722321294],[-73.29521351734407,10.4770641553734]]]}},
{"type":"Feature","properties":{"cons":"0200","motivo":"sin_npn"},"geometry":{"type":"Polygon","coordinates":[[[-73.29521479093277,10.477019993983479],[-73.29521604782619,10.476976411491451],[-73.29531939926835,10.476977439165445],[-73.29531873781539,10.477021469090875],[-73.29521479093277,10.477019993983479]]]}},
{"type":"Feature","properties":{"cons":"0213","motivo":"sin_npn"},"geometry":{"type":"Polygon","coordinates":[[[-73.29566068911015,10.476741012368088],[-73.29573886249024,10.4767376912242],[-73.29574043297909,10.476811316567709],[-73.29574736415557,10.476851168670944],[-73.29566191553519,10.476858106369002],[-73.29566068911015,10.476741012368088]]]}},
{"type":"Feature","properties":{"cons":"0222","motivo":"sin_npn"},"geometry":{"type":"Polygon","coordinates":[[[-73.29532827950068,10.47674749392091],[-73.29521972851619,10.47674978708486],[-73.29522114101087,10.476693659255645],[-73.29533057520352,10.476692188638877],[-73.29532827950068,10.47674749392091]]]}},
{"type":"Feature","properties":{"cons":"0220","motivo":"sin_npn"},"geometry":{"type":"Polygon","coordinates":[[[-73.29521854178483,10.476796943825443],[-73.29532598379734,10.47680279920278],[-73.29532290134706,10.476877057810364],[-73.29521659547359,10.4768742837194],[-73.29521854178483,10.476796943825443]]]}},
{"type":"Feature","properties":{"cons":"0221","motivo":"sin_npn"},"geometry":{"type":"Polygon","coordinates":[[[-73.29521972851619,10.47674978708486],[-73.29532827950068,10.47674749392091],[-73.29532598379733,10.47680279920278],[-73.29521854178483,10.476796943825443],[-73.29521972851619,10.47674978708486]]]}},
{"type":"Feature","properties":{"cons":"0219","motivo":"sin_npn"},"geometry":{"type":"Polygon","coordinates":[[[-73.29532827950071,10.47674749392091],[-73.29538530420531,10.476748941877563],[-73.29538095051035,10.476876644869751],[-73.29532290134706,10.476877057810364],[-73.29532827950071,10.47674749392091]]]}},
{"type":"Feature","properties":{"cons":"0223","motivo":"sin_npn"},"geometry":{"type":"Polygon","coordinates":[[[-73.29539298257932,10.476691349968888],[-73.2953926457543,10.476749143472697],[-73.29532827950062,10.47674749392091],[-73.29533057520352,10.476692188638877],[-73.29539298257932,10.476691349968888]]]}},
{"type":"Feature","properties":{"cons":"0218","motivo":"sin_npn"},"geometry":{"type":"Polygon","coordinates":[[[-73.29545586040743,10.476750879306964],[-73.29545979799708,10.476862676898829],[-73.29543173123906,10.476863311568675],[-73.29543174926837,10.476882343108523],[-73.29538095629235,10.476882749325972],[-73.29538530420531,10.476748941877563],[-73.29545586040743,10.476750879306964]]]}},
{"type":"Feature","properties":{"cons":"0217","motivo":"sin_npn"},"geometry":{"type":"Polygon","coordinates":[[[-73.29550120816066,10.476747246358675],[-73.29550432423687,10.47686167002789],[-73.29545979799708,10.476862676898829],[-73.29545586040742,10.476750879306964],[-73.29550120816066,10.476747246358675]]]}},
{"type":"Feature","properties":{"cons":"0216","motivo":"sin_npn"},"geometry":{"type":"Polygon","coordinates":[[[-73.29555744189125,10.476745398727736],[-73.29556287083948,10.476860346105271],[-73.29550432423687,10.47686167002789],[-73.29550120816066,10.476747246358675],[-73.29555744189125,10.476745398727736]]]}},
{"type":"Feature","properties":{"cons":"0215","motivo":"sin_npn"},"geometry":{"type":"Polygon","coordinates":[[[-73.29561471457912,10.476742965556358],[-73.2956174638427,10.476859111576266],[-73.29556287083946,10.476860346105271],[-73.29555744189125,10.476745398727736],[-73.29561471457912,10.476742965556358]]]}},
{"type":"Feature","properties":{"cons":"0214","motivo":"sin_npn"},"geometry":{"type":"Polygon","coordinates":[[[-73.29566068911015,10.476741012368088],[-73.29566191553519,10.476858106369002],[-73.2956174638427,10.476859111576266],[-73.29561471457912,10.476742965556358],[-73.29566068911015,10.476741012368088]]]}},
{"type":"Feature","properties":{"cons":"0229","motivo":"sin_npn"},"geometry":{"type":"Polygon","coordinates":[[[-73.29566065793352,10.476687752638355],[-73.29573777515216,10.476686716206332],[-73.29573886249024,10.4767376912242],[-73.29566068911015,10.476741012368088],[-73.29566065793352,10.476687752638355]]]}},
{"type":"Feature","properties":{"cons":"0228","motivo":"sin_npn"},"geometry":{"type":"Polygon","coordinates":[[[-73.29561342527255,10.476688387421751],[-73.2956606579335,10.476687752638355],[-73.29566068911015,10.476741012368088],[-73.29561471457912,10.476742965556358],[-73.29561342527255,10.476688387421751]]]}},
{"type":"Feature","properties":{"cons":"0227","motivo":"sin_npn"},"geometry":{"type":"Polygon","coordinates":[[[-73.29555730313253,10.476689141666174],[-73.29561342527253,10.476688387421751],[-73.29561471457912,10.476742965556358],[-73.29555744189125,10.476745398727736],[-73.29555730313253,10.476689141666174]]]}},
{"type":"Feature","properties":{"cons":"0226","motivo":"sin_npn"},"geometry":{"type":"Polygon","coordinates":[[[-73.29550151305088,10.47668989143821],[-73.29555730313253,10.476689141666174],[-73.29555744189125,10.476745398727736],[-73.29550120816064,10.476747246358675],[-73.29550151305088,10.47668989143821]]]}},
{"type":"Feature","properties":{"cons":"0225","motivo":"sin_npn"},"geometry":{"type":"Polygon","coordinates":[[[-73.29544900583683,10.476750691085405],[-73.29544805577385,10.476690609850113],[-73.29550151305087,10.47668989143821],[-73.29550120816064,10.476747246358675],[-73.29544900583683,10.476750691085405]]]}},
{"type":"Feature","properties":{"cons":"0224","motivo":"sin_npn"},"geometry":{"type":"Polygon","coordinates":[[[-73.2953926457543,10.476749143472697],[-73.29539298257932,10.476691349968888],[-73.29544805577383,10.476690609850113],[-73.2954490058368,10.476750691085405],[-73.2953926457543,10.476749143472697]]]}},
{"type":"Feature","properties":{"cons":"0230","motivo":"sin_npn"},"geometry":{"type":"Polygon","coordinates":[[[-73.29594280758643,10.476749116882797],[-73.29601862142937,10.476746000205312],[-73.29602199574434,10.47684605977972],[-73.29594633608946,10.476849366147185],[-73.29594280758643,10.476749116882797]]]}},
{"type":"Feature","properties":{"cons":"0234","motivo":"sin_npn"},"geometry":{"type":"Polygon","coordinates":[[[-73.29588611838477,10.476741585690911],[-73.29578238187281,10.476742866776581],[-73.2957800837753,10.476683526919581],[-73.29588398024723,10.476677763214616],[-73.29588611838477,10.476741585690911]]]}},
{"type":"Feature","properties":{"cons":"0232","motivo":"sin_npn"},"geometry":{"type":"Polygon","coordinates":[[[-73.29578456580967,10.47679925882815],[-73.295887934453,10.476795794509302],[-73.29588981192829,10.47685183627151],[-73.29578666259107,10.476853400387347],[-73.29578456580967,10.47679925882815]]]}},
{"type":"Feature","properties":{"cons":"0233","motivo":"sin_npn"},"geometry":{"type":"Polygon","coordinates":[[[-73.29578238187281,10.476742866776581],[-73.29588611838477,10.476741585690911],[-73.295887934453,10.476795794509302],[-73.29578456580965,10.47679925882815],[-73.29578238187281,10.476742866776581]]]}},
{"type":"Feature","properties":{"cons":"0235","motivo":"sin_npn"},"geometry":{"type":"Polygon","coordinates":[[[-73.29601862142937,10.476746000205312],[-73.29588644830889,10.476751433778931],[-73.29588398024724,10.476677763214616],[-73.29590923804233,10.476677302438683],[-73.2959097279208,10.476683765530684],[-73.29601639017577,10.476679836122452],[-73.29601862142937,10.476746000205312]]]}},
{"type":"Feature","properties":{"cons":"0231","motivo":"sin_npn"},"geometry":{"type":"Polygon","coordinates":[[[-73.29594280758643,10.476749116882797],[-73.29594633608946,10.476849366147185],[-73.29588981192829,10.47685183627151],[-73.29588644830889,10.476751433778931],[-73.29594280758643,10.476749116882797]]]}},
{"type":"Feature","properties":{"cons":"0256","motivo":"sin_npn"},"geometry":{"type":"Polygon","coordinates":[[[-73.29674942143087,10.476460904243364],[-73.29682719101798,10.476458239356413],[-73.29683769404419,10.476629453708398],[-73.29674622006334,10.476633917724968],[-73.29674240624603,10.476587145462],[-73.29674942143087,10.476460904243364]]]}},
{"type":"Feature","properties":{"cons":"0244","motivo":"sin_npn"},"geometry":{"type":"Polygon","coordinates":[[[-73.29606853048641,10.4768135110405],[-73.29621677331104,10.476798503201069],[-73.2962302798558,10.476885449281006],[-73.29607581954279,10.476910788833404],[-73.29606853048641,10.4768135110405]]]}},
{"type":"Feature","properties":{"cons":"0245","motivo":"sin_npn"},"geometry":{"type":"Polygon","coordinates":[[[-73.2960631861296,10.47674218663974],[-73.29620399969197,10.476740462857151],[-73.29621096803058,10.47675571752662],[-73.29621677331104,10.476798503201069],[-73.29606853048641,10.4768135110405],[-73.2960631861296,10.47674218663974]]]}},
{"type":"Feature","properties":{"cons":"0243","motivo":"sin_npn"},"geometry":{"type":"Polygon","coordinates":[[[-73.29620399969197,10.476740462857151],[-73.29627968987089,10.476736270916833],[-73.29630282172207,10.476857299419924],[-73.29623099865266,10.476878266893253],[-73.29621096803058,10.47675571752662],[-73.29620399969197,10.476740462857151]]]}},
{"type":"Feature","properties":{"cons":"0242","motivo":"sin_npn"},"geometry":{"type":"Polygon","coordinates":[[[-73.29627968987089,10.476736270916833],[-73.29636627896848,10.476734753977695],[-73.29637783505953,10.476839226046298],[-73.29630282172207,10.476857299419924],[-73.29627968987089,10.476736270916833]]]}},
{"type":"Feature","properties":{"cons":"0248","motivo":"sin_npn"},"geometry":{"type":"Polygon","coordinates":[[[-73.2960471572585,10.476528269248256],[-73.29621427222934,10.47651562860541],[-73.29622480560752,10.47660072002978],[-73.29605413508493,10.476621393655295],[-73.2960471572585,10.476528269248256]]]}},
{"type":"Feature","properties":{"cons":"0240","motivo":"sin_npn"},"geometry":{"type":"Polygon","coordinates":[[[-73.29642498898126,10.476666233597665],[-73.29649125278165,10.476656356877058],[-73.2965103499494,10.47681853594039],[-73.29644339188071,10.476828990391876],[-73.29642498898126,10.476666233597665]]]}},
{"type":"Feature","properties":{"cons":"0241","motivo":"sin_npn"},"geometry":{"type":"Polygon","coordinates":[[[-73.2963587251763,10.476676110304563],[-73.29642498898126,10.476666233597665],[-73.29644339188071,10.476828990391876],[-73.29637783505953,10.476839226046298],[-73.2963587251763,10.476676110304563]]]}},
{"type":"Feature","properties":{"cons":"0247","motivo":"sin_npn"},"geometry":{"type":"Polygon","coordinates":[[[-73.29605413508493,10.476621393655295],[-73.29622480560752,10.47660072002978],[-73.29623409217103,10.476675739310497],[-73.29605918646303,10.476688808101366],[-73.29605413508493,10.476621393655295]]]}},
{"type":"Feature","properties":{"cons":"0250","motivo":"sin_npn"},"geometry":{"type":"Polygon","coordinates":[[[-73.29627723735311,10.476510865875422],[-73.29633751054253,10.476506306753635],[-73.29636627896845,10.476734753977695],[-73.29630554232268,10.476735818014763],[-73.29627723735311,10.476510865875422]]]}},
{"type":"Feature","properties":{"cons":"0249","motivo":"sin_npn"},"geometry":{"type":"Polygon","coordinates":[[[-73.29621427222934,10.47651562860541],[-73.29627723735314,10.476510865875422],[-73.29630554232268,10.476735818014763],[-73.29624184478169,10.476738366889261],[-73.29621427222934,10.47651562860541]]]}},
{"type":"Feature","properties":{"cons":"0252","motivo":"sin_npn"},"geometry":{"type":"Polygon","coordinates":[[[-73.29639966869334,10.476496473649332],[-73.29646300132806,10.476486204782985],[-73.29649125278165,10.476656356877058],[-73.29642498898127,10.47666623359765],[-73.29639966869334,10.476496473649332]]]}},
{"type":"Feature","properties":{"cons":"0251","motivo":"sin_npn"},"geometry":{"type":"Polygon","coordinates":[[[-73.29633751054253,10.476506306753635],[-73.29639966869334,10.47649647364935],[-73.29642498898126,10.476666233597665],[-73.2963587251763,10.476676110304563],[-73.29633751054253,10.476506306753635]]]}},
{"type":"Feature","properties":{"cons":"0246","motivo":"sin_npn"},"geometry":{"type":"Polygon","coordinates":[[[-73.29605918646303,10.476688808101366],[-73.29623409217103,10.476675739310497],[-73.29624184478169,10.476738366889261],[-73.2960631861296,10.47674218663974],[-73.29605918646303,10.476688808101366]]]}},
{"type":"Feature","properties":{"cons":"0236","motivo":"sin_npn"},"geometry":{"type":"Polygon","coordinates":[[[-73.29675439533742,10.476794425975383],[-73.29674622006335,10.476633917724968],[-73.29683769404419,10.47662945370837],[-73.29684819708463,10.476800668057878],[-73.29675439533742,10.476794425975383]]]}},
{"type":"Feature","properties":{"cons":"0239","motivo":"sin_npn"},"geometry":{"type":"Polygon","coordinates":[[[-73.29654738480507,10.476643620982124],[-73.29657775108303,10.476642139101063],[-73.29660178667756,10.476807053911166],[-73.2965103499494,10.47681853594039],[-73.29649125278165,10.476656356877058],[-73.29654738480507,10.476643620982124]]]}},
{"type":"Feature","properties":{"cons":"0238","motivo":"sin_npn"},"geometry":{"type":"Polygon","coordinates":[[[-73.29657775108303,10.476642139101063],[-73.29666709805201,10.476637778932437],[-73.29667417140064,10.476797976440727],[-73.29660178667756,10.476807053911166],[-73.29657775108303,10.476642139101063]]]}},
{"type":"Feature","properties":{"cons":"0237","motivo":"sin_npn"},"geometry":{"type":"Polygon","coordinates":[[[-73.29667417140064,10.476797976440727],[-73.29666709805201,10.476637778932437],[-73.29674622006334,10.476633917724968],[-73.29675439533742,10.476794425975383],[-73.29672048002506,10.47679216905767],[-73.29667417140064,10.476797976440727]]]}},
{"type":"Feature","properties":{"cons":"0253","motivo":"sin_npn"},"geometry":{"type":"Polygon","coordinates":[[[-73.29646300132802,10.476486204782985],[-73.29657556463938,10.476474442365701],[-73.29657775108303,10.476642139101063],[-73.2965431568803,10.476643827305521],[-73.29649125278165,10.476656356877058],[-73.29646300132802,10.476486204782985]]]}},
{"type":"Feature","properties":{"cons":"0254","motivo":"sin_npn"},"geometry":{"type":"Polygon","coordinates":[[[-73.29657556463938,10.476474442365701],[-73.29666407118367,10.476465396835327],[-73.29666709805201,10.476637778932437],[-73.29657775108303,10.476642139101063],[-73.29657556463938,10.476474442365701]]]}},
{"type":"Feature","properties":{"cons":"0255","motivo":"sin_npn"},"geometry":{"type":"Polygon","coordinates":[[[-73.29666407118367,10.476465396835327],[-73.29674942143087,10.476460904243364],[-73.29674240624603,10.476587145462],[-73.29674622006334,10.476633917724968],[-73.29666709805201,10.476637778932437],[-73.29666407118367,10.476465396835327]]]}},
{"type":"Feature","properties":{"cons":"0257","motivo":"sin_npn"},"geometry":{"type":"Polygon","coordinates":[[[-73.29725790363193,10.476851213129933],[-73.29700542665607,10.476891666397805],[-73.29687617491086,10.476795551926104],[-73.29686432300737,10.476541330136785],[-73.29714432529994,10.476450579267528],[-73.29720246505575,10.476545323683169],[-73.29724175109737,10.476653012783432],[-73.29725790363193,10.476851213129933]]]}},
{"type":"Feature","properties":{"cons":"0298","motivo":"sin_npn"},"geometry":{"type":"Polygon","coordinates":[[[-73.29572162609968,10.476421415592354],[-73.29585766685912,10.4764170185296],[-73.29586021535845,10.476506620577576],[-73.2958474138223,10.476525304944229],[-73.29568995284374,10.47653109939123],[-73.29568898653658,10.476492825175699],[-73.29572574981363,10.476491354685152],[-73.29572162609968,10.476421415592354]]]}},
{"type":"Feature","properties":{"cons":"0273","motivo":"sin_npn"},"geometry":{"type":"Polygon","coordinates":[[[-73.29521926680441,10.47657394887426],[-73.29536182701976,10.476560617078356],[-73.29536079521525,10.47665554147096],[-73.29522813276382,10.476657474859108],[-73.29521926680441,10.47657394887426]]]}},
{"type":"Feature","properties":{"cons":"0274","motivo":"sin_npn"},"geometry":{"type":"Polygon","coordinates":[[[-73.29520957906757,10.476482006540008],[-73.29535630836699,10.47647982785201],[-73.29536182701976,10.476560617078356],[-73.2952192668044,10.47657394887426],[-73.29520957906757,10.476482006540008]]]}},
{"type":"Feature","properties":{"cons":"0276","motivo":"sin_npn"},"geometry":{"type":"Polygon","coordinates":[[[-73.29540214352306,10.476431415107742],[-73.29532458703764,10.476441824088317],[-73.29520926758761,10.476443731214577],[-73.29520845246726,10.476347565109881],[-73.29539306075833,10.476339181667067],[-73.29540214352306,10.476431415107742]]]}},
{"type":"Feature","properties":{"cons":"0275","motivo":"sin_npn"},"geometry":{"type":"Polygon","coordinates":[[[-73.29520926758762,10.476443731214577],[-73.29532458703764,10.476441824088317],[-73.29532785035546,10.476478136911531],[-73.29520957906755,10.476482006540008],[-73.29520926758762,10.476443731214577]]]}},
{"type":"Feature","properties":{"cons":"0272","motivo":"sin_npn"},"geometry":{"type":"Polygon","coordinates":[[[-73.29532458703764,10.476441824088317],[-73.29540214352306,10.476431415107742],[-73.29541678229793,10.47654970373817],[-73.2954412775759,10.476555665774],[-73.29545559840142,10.476654159800022],[-73.29536079521522,10.47665554147096],[-73.29536182701976,10.476560617078356],[-73.29535630836699,10.47647982785201],[-73.29532785035546,10.476478136911531],[-73.29532458703764,10.476441824088317]]]}},
{"type":"Feature","properties":{"cons":"0282","motivo":"sin_npn"},"geometry":{"type":"Polygon","coordinates":[[[-73.2952867138326,10.476144758728987],[-73.29519658551617,10.47614762501249],[-73.2951937426215,10.476099726508552],[-73.29528332399072,10.47609973390959],[-73.2952867138326,10.476144758728987]]]}},
{"type":"Feature","properties":{"cons":"0277","motivo":"sin_npn"},"geometry":{"type":"Polygon","coordinates":[[[-73.2952062072124,10.476309736000944],[-73.2952957542522,10.476309430699548],[-73.29529660102983,10.476343562115463],[-73.29520845246726,10.476347565109881],[-73.2952062072124,10.476309736000944]]]}},
{"type":"Feature","properties":{"cons":"0278","motivo":"sin_npn"},"geometry":{"type":"Polygon","coordinates":[[[-73.2952041602228,10.47627524734854],[-73.29529482870778,10.476272124384801],[-73.29529575425218,10.476309430699548],[-73.2952062072124,10.476309736000944],[-73.2952041602228,10.47627524734854]]]}},
{"type":"Feature","properties":{"cons":"0279","motivo":"sin_npn"},"geometry":{"type":"Polygon","coordinates":[[[-73.2952023811919,10.476245273384029],[-73.29529410413542,10.476242918725415],[-73.29529482870775,10.476272124384801],[-73.29520416022277,10.47627524734854],[-73.2952023811919,10.476245273384029]]]}},
{"type":"Feature","properties":{"cons":"0280","motivo":"sin_npn"},"geometry":{"type":"Polygon","coordinates":[[[-73.29519937431773,10.476194612110827],[-73.29529010367564,10.476189783548149],[-73.29529410413542,10.476242918725415],[-73.2952023811919,10.476245273384029],[-73.29519937431773,10.476194612110827]]]}},
{"type":"Feature","properties":{"cons":"0281","motivo":"sin_npn"},"geometry":{"type":"Polygon","coordinates":[[[-73.29519658551617,10.47614762501249],[-73.2952867138326,10.476144758728987],[-73.29529010367564,10.476189783548149],[-73.29519937431773,10.476194612110827],[-73.29519658551617,10.47614762501249]]]}},
{"type":"Feature","properties":{"cons":"0289","motivo":"sin_npn"},"geometry":{"type":"Polygon","coordinates":[[[-73.29553024046263,10.476099754178875],[-73.2955357522925,10.476235950542618],[-73.29547961823711,10.476237706084921],[-73.29547313861801,10.476099749508426],[-73.29553024046263,10.476099754178875]]]}},
{"type":"Feature","properties":{"cons":"0271","motivo":"sin_npn"},"geometry":{"type":"Polygon","coordinates":[[[-73.2954412775759,10.476555665774],[-73.29549605374221,10.47654717641676],[-73.29555458375253,10.476543770616676],[-73.29556042979456,10.476651812760394],[-73.29545559840142,10.476654159800022],[-73.2954412775759,10.476555665774]]]}},
{"type":"Feature","properties":{"cons":"0270","motivo":"sin_npn"},"geometry":{"type":"Polygon","coordinates":[[[-73.29555458375253,10.476543770616676],[-73.29560343726632,10.476538698056125],[-73.2956066798527,10.476650026697186],[-73.29556042979453,10.476651812760394],[-73.29555458375253,10.476543770616676]]]}},
{"type":"Feature","properties":{"cons":"0269","motivo":"sin_npn"},"geometry":{"type":"Polygon","coordinates":[[[-73.2956034372663,10.476538698056125],[-73.2956744804953,10.476531390517248],[-73.2956812108823,10.476647148478419],[-73.2956066798527,10.476650026697186],[-73.2956034372663,10.476538698056125]]]}},
{"type":"Feature","properties":{"cons":"0268","motivo":"sin_npn"},"geometry":{"type":"Polygon","coordinates":[[[-73.2956744804953,10.476531390517248],[-73.29572466822,10.476530446187738],[-73.2957341395795,10.47664517819062],[-73.2956812108823,10.476647148478419],[-73.2956744804953,10.476531390517248]]]}},
{"type":"Feature","properties":{"cons":"0267","motivo":"sin_npn"},"geometry":{"type":"Polygon","coordinates":[[[-73.29572466821999,10.476530446187738],[-73.29577243557169,10.476527768516757],[-73.29577962122609,10.47664590402975],[-73.2957341395795,10.47664517819062],[-73.29572466821999,10.476530446187738]]]}},
{"type":"Feature","properties":{"cons":"0266","motivo":"sin_npn"},"geometry":{"type":"Polygon","coordinates":[[[-73.29577243557169,10.476527768516757],[-73.2958474138223,10.476525304944229],[-73.2958561458063,10.476647125266739],[-73.29577962122609,10.47664590402975],[-73.29577243557169,10.476527768516757]]]}},
{"type":"Feature","properties":{"cons":"0265","motivo":"sin_npn"},"geometry":{"type":"Polygon","coordinates":[[[-73.29585125285709,10.476578863514876],[-73.29599761764005,10.476568026005266],[-73.29600211864903,10.476649454760377],[-73.2958561458063,10.476647125266739],[-73.29585125285709,10.476578863514876]]]}},
{"type":"Feature","properties":{"cons":"0264","motivo":"sin_npn"},"geometry":{"type":"Polygon","coordinates":[[[-73.29584833823658,10.476538201497414],[-73.29599524347887,10.476525074505512],[-73.29599761764003,10.476568026005266],[-73.29585125285709,10.476578863514876],[-73.29584833823658,10.476538201497414]]]}},
{"type":"Feature","properties":{"cons":"0296","motivo":"sin_npn"},"geometry":{"type":"Polygon","coordinates":[[[-73.29540828580238,10.476492661525905],[-73.29555034860692,10.476477463337833],[-73.29555458375253,10.476543770616676],[-73.29549605374221,10.47654717641676],[-73.2954412775759,10.476555665774],[-73.29541678229793,10.47654970373817],[-73.29540828580238,10.476492661525905]]]}},
{"type":"Feature","properties":{"cons":"0263","motivo":"sin_npn"},"geometry":{"type":"Polygon","coordinates":[[[-73.2958474138223,10.476525304944229],[-73.29586021535845,10.476506620577576],[-73.29585721273529,10.476401052092898],[-73.29598815255797,10.476396790921912],[-73.29599524347887,10.476525074505512],[-73.29584833823658,10.476538201497414],[-73.2958474138223,10.476525304944229]]]}},
{"type":"Feature","properties":{"cons":"0262","motivo":"sin_npn"},"geometry":{"type":"Polygon","coordinates":[[[-73.29597869997066,10.476301163437265],[-73.29597983818925,10.476396798651665],[-73.29585721273526,10.476401052092898],[-73.29585470112715,10.476303143651938],[-73.29597869997066,10.476301163437265]]]}},
{"type":"Feature","properties":{"cons":"0260","motivo":"sin_npn"},"geometry":{"type":"Polygon","coordinates":[[[-73.29597508252446,10.476258618885181],[-73.29585421788106,10.476266081095648],[-73.29585333668203,10.476198497492957],[-73.29596670888724,10.476191070209481],[-73.29597508252446,10.476258618885181]]]}},
{"type":"Feature","properties":{"cons":"0258","motivo":"sin_npn"},"geometry":{"type":"Polygon","coordinates":[[[-73.29595898604798,10.476128771378239],[-73.29585034029783,10.47613398759284],[-73.29584613591132,10.476085698187454],[-73.29595293149328,10.476079930295155],[-73.29595898604798,10.476128771378239]]]}},
{"type":"Feature","properties":{"cons":"0259","motivo":"sin_npn"},"geometry":{"type":"Polygon","coordinates":[[[-73.29596670888724,10.476191070209481],[-73.29585333668203,10.476198497492957],[-73.29585034029783,10.47613398759284],[-73.29595898604795,10.476128771378239],[-73.29596670888724,10.476191070209481]]]}},
{"type":"Feature","properties":{"cons":"0261","motivo":"sin_npn"},"geometry":{"type":"Polygon","coordinates":[[[-73.29585421788106,10.476266081095648],[-73.29597508252446,10.476258618885181],[-73.29597869997059,10.476301163437265],[-73.29585470112715,10.476303143651938],[-73.29585421788106,10.476266081095648]]]}},
{"type":"Feature","properties":{"cons":"0293","motivo":"sin_npn"},"geometry":{"type":"Polygon","coordinates":[[[-73.29568424923781,10.476404884041864],[-73.29557042381165,10.476413407701294],[-73.29557551228308,10.476468864194704],[-73.29554961703383,10.47647118001236],[-73.2955503486069,10.476477463337833],[-73.29540828580238,10.476492661525905],[-73.29539306075833,10.476339181667067],[-73.29568036007248,10.476332687237154],[-73.29568424923781,10.476404884041864]]]}},
{"type":"Feature","properties":{"cons":"0297","motivo":"sin_npn"},"geometry":{"type":"Polygon","coordinates":[[[-73.29555193538633,10.47650230664975],[-73.29568898653658,10.476492825175699],[-73.29568995284374,10.47653109939123],[-73.29555458375253,10.476543770616676],[-73.29555193538633,10.47650230664975]]]}},
{"type":"Feature","properties":{"cons":"0295","motivo":"sin_npn"},"geometry":{"type":"Polygon","coordinates":[[[-73.29555193538633,10.47650230664975],[-73.29554961703383,10.47647118001236],[-73.29568715792689,10.476458879676455],[-73.29568898653658,10.476492825175699],[-73.29555193538633,10.47650230664975]]]}},
{"type":"Feature","properties":{"cons":"0294","motivo":"sin_npn"},"geometry":{"type":"Polygon","coordinates":[[[-73.29568424923781,10.476404884041864],[-73.29568715792688,10.476458879676455],[-73.29557551228308,10.476468864194704],[-73.29557042381165,10.476413407701294],[-73.29568424923781,10.476404884041864]]]}},
{"type":"Feature","properties":{"cons":"0284","motivo":"sin_npn"},"geometry":{"type":"Polygon","coordinates":[[[-73.29528631575822,10.476139471396017],[-73.29544751880235,10.476133318196707],[-73.29545039127251,10.476183779629498],[-73.29529010367564,10.476189783548149],[-73.29528631575822,10.476139471396017]]]}},
{"type":"Feature","properties":{"cons":"0287","motivo":"sin_npn"},"geometry":{"type":"Polygon","coordinates":[[[-73.29529542851688,10.476296301148846],[-73.29544726940549,10.476290549699826],[-73.29545155927443,10.476336395117492],[-73.29529660102983,10.476343562115463],[-73.29529542851688,10.476296301148846]]]}},
{"type":"Feature","properties":{"cons":"0286","motivo":"sin_npn"},"geometry":{"type":"Polygon","coordinates":[[[-73.29529410413542,10.476242918725415],[-73.29544429037011,10.476238075364929],[-73.29544726940549,10.476290549699826],[-73.29529542851687,10.476296301148846],[-73.29529410413542,10.476242918725415]]]}},
{"type":"Feature","properties":{"cons":"0285","motivo":"sin_npn"},"geometry":{"type":"Polygon","coordinates":[[[-73.29529010367564,10.476189783548149],[-73.29545039127251,10.476183779629498],[-73.29545348152259,10.476238066835613],[-73.29529410413542,10.476242918725415],[-73.29529010367564,10.476189783548149]]]}},
{"type":"Feature","properties":{"cons":"0283","motivo":"sin_npn"},"geometry":{"type":"Polygon","coordinates":[[[-73.29544751880235,10.476133318196707],[-73.29528631575822,10.476139471396017],[-73.29528332399072,10.47609973390959],[-73.29544560780825,10.47609974725297],[-73.29544751880235,10.476133318196707]]]}},
{"type":"Feature","properties":{"cons":"0292","motivo":"sin_npn"},"geometry":{"type":"Polygon","coordinates":[[[-73.29563226335219,10.476099762497949],[-73.29566781283505,10.476099765389009],[-73.29568036007248,10.476332687237154],[-73.2956367939213,10.47633349769241],[-73.29563226335219,10.476099762497949]]]}},
{"type":"Feature","properties":{"cons":"0288","motivo":"sin_npn"},"geometry":{"type":"Polygon","coordinates":[[[-73.29548168787935,10.476275396569397],[-73.29563611982334,10.47627269839488],[-73.29563679392129,10.47633349769241],[-73.29548502247411,10.476336123220818],[-73.29548168787935,10.476275396569397]]]}},
{"type":"Feature","properties":{"cons":"0291","motivo":"sin_npn"},"geometry":{"type":"Polygon","coordinates":[[[-73.29557789621956,10.476099758068857],[-73.29563226335219,10.476099762497949],[-73.29563567774163,10.476232825439098],[-73.29557986980905,10.47623457079982],[-73.29557789621956,10.476099758068857]]]}},
{"type":"Feature","properties":{"cons":"0290","motivo":"sin_npn"},"geometry":{"type":"Polygon","coordinates":[[[-73.29553024046263,10.476099754178875],[-73.29557789621954,10.476099758068859],[-73.29557986980903,10.47623457079982],[-73.2955357522925,10.476235950542618],[-73.29553024046263,10.476099754178875]]]}},
{"type":"Feature","properties":{"cons":"0301","motivo":"sin_npn"},"geometry":{"type":"Polygon","coordinates":[[[-73.29574520925357,10.476096820816174],[-73.2957525970646,10.476301521887551],[-73.29571443808865,10.476301596010797],[-73.29570215598093,10.476096860805912],[-73.29574520925357,10.476096820816174]]]}},
{"type":"Feature","properties":{"cons":"0302","motivo":"sin_npn"},"geometry":{"type":"Polygon","coordinates":[[[-73.29575259706459,10.476301521887551],[-73.29574520925357,10.476096820816174],[-73.29584613591132,10.476085698187454],[-73.2958528751705,10.47616310181861],[-73.29585470112715,10.476303143651938],[-73.29575259706459,10.476301521887551]]]}},
{"type":"Feature","properties":{"cons":"0300","motivo":"sin_npn"},"geometry":{"type":"Polygon","coordinates":[[[-73.29585649907813,10.476373232056966],[-73.29571900638382,10.476377746605273],[-73.29571443808862,10.4763015960108],[-73.29585470112715,10.476303143651938],[-73.29585649907813,10.476373232056966]]]}},
{"type":"Feature","properties":{"cons":"0299","motivo":"sin_npn"},"geometry":{"type":"Polygon","coordinates":[[[-73.29585766685912,10.4764170185296],[-73.29572162609968,10.476421415592354],[-73.29571900638382,10.476377746605273],[-73.29585649907813,10.476373232056966],[-73.29585766685912,10.4764170185296]]]}},
{"type":"Feature","properties":{"cons":"0323","motivo":"sin_npn"},"geometry":{"type":"Polygon","coordinates":[[[-73.29692340170803,10.476104915836785],[-73.29700942334169,10.476087698165475],[-73.2970491446202,10.47623503299458],[-73.29691652648145,10.476264234045557],[-73.29692340170803,10.476104915836785]]]}},
{"type":"Feature","properties":{"cons":"0303","motivo":"sin_npn"},"geometry":{"type":"Polygon","coordinates":[[[-73.29605299111289,10.476448856011944],[-73.29618588368915,10.476435153910415],[-73.29621399398572,10.476427347561708],[-73.29622032330386,10.47647869763662],[-73.29605457837293,10.476466325006093],[-73.29605299111289,10.476448856011944]]]}},
{"type":"Feature","properties":{"cons":"0304","motivo":"sin_npn"},"geometry":{"type":"Polygon","coordinates":[[[-73.29604893205361,10.476404182992152],[-73.29621032809682,10.47638755227858],[-73.29621399398572,10.476427347561708],[-73.29618588368915,10.476435153910415],[-73.29605299111289,10.476448856011944],[-73.29604893205361,10.476404182992152]]]}},
{"type":"Feature","properties":{"cons":"0305","motivo":"sin_npn"},"geometry":{"type":"Polygon","coordinates":[[[-73.29604238255476,10.476332100768342],[-73.29613491990506,10.476319276400831],[-73.29619948621576,10.476304852899194],[-73.29621032809682,10.47638755227858],[-73.29604893205361,10.476404182992152],[-73.29604238255476,10.476332100768342]]]}},
{"type":"Feature","properties":{"cons":"0306","motivo":"sin_npn"},"geometry":{"type":"Polygon","coordinates":[[[-73.29603468315544,10.47624736296407],[-73.29618186907186,10.47621916743884],[-73.29619948621573,10.476304852899194],[-73.29613491990504,10.476319276400831],[-73.29604238255475,10.476332100768342],[-73.29603468315544,10.47624736296407]]]}},
{"type":"Feature","properties":{"cons":"0307","motivo":"sin_npn"},"geometry":{"type":"Polygon","coordinates":[[[-73.29602817405329,10.476175725252425],[-73.29616947458595,10.47615705709697],[-73.29618186907186,10.47621916743884],[-73.29603468315544,10.47624736296407],[-73.29602817405329,10.476175725252425]]]}},
{"type":"Feature","properties":{"cons":"0308","motivo":"sin_npn"},"geometry":{"type":"Polygon","coordinates":[[[-73.29602219811909,10.476109955433117],[-73.29616143653472,10.476097815389645],[-73.29616947458595,10.47615705709697],[-73.29602817405326,10.476175725252425],[-73.29602219811909,10.476109955433117]]]}},
{"type":"Feature","properties":{"cons":"0310","motivo":"sin_npn"},"geometry":{"type":"Polygon","coordinates":[[[-73.29617817245624,10.476200643231762],[-73.29615562094678,10.4760521170837],[-73.29620921866918,10.476047585810083],[-73.29622754262087,10.476195264976033],[-73.29617817245624,10.476200643231762]]]}},
{"type":"Feature","properties":{"cons":"0311","motivo":"sin_npn"},"geometry":{"type":"Polygon","coordinates":[[[-73.29620921866918,10.476047585810083],[-73.2962630065103,10.47604303845421],[-73.29626927899677,10.476190718319003],[-73.29622754262088,10.476195264976033],[-73.29620921866918,10.476047585810083]]]}},
{"type":"Feature","properties":{"cons":"0309","motivo":"sin_npn"},"geometry":{"type":"Polygon","coordinates":[[[-73.29615562094678,10.4760521170837],[-73.29616143653472,10.476097815389645],[-73.29602219811909,10.476109955433117],[-73.2960179999994,10.476063751830429],[-73.29615562094678,10.4760521170837]]]}},
{"type":"Feature","properties":{"cons":"0312","motivo":"sin_npn"},"geometry":{"type":"Polygon","coordinates":[[[-73.2963141446522,10.476038408568492],[-73.29631910396746,10.476189893930155],[-73.29626927899677,10.476190718319003],[-73.2962630065103,10.47604303845421],[-73.2963141446522,10.476038408568492]]]}},
{"type":"Feature","properties":{"cons":"0333","motivo":"sin_npn"},"geometry":{"type":"Polygon","coordinates":[[[-73.29632557422086,10.47645523248197],[-73.29626267685968,10.476469710314428],[-73.29624457845233,10.476350594404167],[-73.29630081278572,10.476349464815252],[-73.29632557422086,10.47645523248197]]]}},
{"type":"Feature","properties":{"cons":"0334","motivo":"sin_npn"},"geometry":{"type":"Polygon","coordinates":[[[-73.29620552650711,10.476350926861043],[-73.29624457845232,10.476350594404167],[-73.29626267685968,10.476469710314428],[-73.29622032330386,10.47647869763662],[-73.29620552650711,10.476350926861043]]]}},
{"type":"Feature","properties":{"cons":"0314","motivo":"sin_npn"},"geometry":{"type":"Polygon","coordinates":[[[-73.2961994862157,10.476304852899194],[-73.29622094404122,10.476296035329],[-73.2962568580084,10.476291692880306],[-73.29629241564759,10.476294173392445],[-73.29637186665502,10.476289790410267],[-73.2963693795447,10.47634509196287],[-73.29620552650711,10.476350926861043],[-73.2961994862157,10.476304852899194]]]}},
{"type":"Feature","properties":{"cons":"0313","motivo":"sin_npn"},"geometry":{"type":"Polygon","coordinates":[[[-73.29631910396746,10.476189893930155],[-73.29635571358031,10.47621765909281],[-73.29636952316964,10.47624170499723],[-73.29637390314859,10.476269350538724],[-73.29637186665501,10.476289790410267],[-73.29629241564759,10.476294173392445],[-73.2962568580084,10.476291692880306],[-73.29622094404122,10.476296035329],[-73.29619948621567,10.476304852899194],[-73.29617817245624,10.476200643231762],[-73.29626927899669,10.476190718319003],[-73.29631910396746,10.476189893930155]]]}},
{"type":"Feature","properties":{"cons":"0332","motivo":"sin_npn"},"geometry":{"type":"Polygon","coordinates":[[[-73.2963693795447,10.47634509196287],[-73.29638329895845,10.476438446715804],[-73.29632557422086,10.47645523248197],[-73.29630081278572,10.476349464815252],[-73.2963693795447,10.47634509196287]]]}},
{"type":"Feature","properties":{"cons":"0331","motivo":"sin_npn"},"geometry":{"type":"Polygon","coordinates":[[[-73.29637161860836,10.476295305792888],[-73.29644099009909,10.476298553585789],[-73.29644475022685,10.476433016982334],[-73.29638329895845,10.476438446715804],[-73.2963693795447,10.47634509196287],[-73.29637161860836,10.476295305792888]]]}},
{"type":"Feature","properties":{"cons":"0330","motivo":"sin_npn"},"geometry":{"type":"Polygon","coordinates":[[[-73.29644099009909,10.476298553585789],[-73.29649710200584,10.476295868037308],[-73.29650647934201,10.476427751186543],[-73.29644475022685,10.476433016982334],[-73.29644099009909,10.476298553585789]]]}},
{"type":"Feature","properties":{"cons":"0329","motivo":"sin_npn"},"geometry":{"type":"Polygon","coordinates":[[[-73.29649710200584,10.476295868037308],[-73.29656772739669,10.476294365912992],[-73.2965809649054,10.476421397187101],[-73.29650647934201,10.476427751186543],[-73.29649710200584,10.476295868037308]]]}},
{"type":"Feature","properties":{"cons":"0328","motivo":"sin_npn"},"geometry":{"type":"Polygon","coordinates":[[[-73.29656772739669,10.476294365912992],[-73.29663544348617,10.476285684764726],[-73.2966458870607,10.476415858980875],[-73.29658096490539,10.476421397187101],[-73.29656772739669,10.476294365912992]]]}},
{"type":"Feature","properties":{"cons":"0327","motivo":"sin_npn"},"geometry":{"type":"Polygon","coordinates":[[[-73.29663544348617,10.476285684764726],[-73.29672038984748,10.476286403575694],[-73.29673744105047,10.476408048914307],[-73.29664588706069,10.476415858980875],[-73.29663544348617,10.476285684764726]]]}},
{"type":"Feature","properties":{"cons":"0326","motivo":"sin_npn"},"geometry":{"type":"Polygon","coordinates":[[[-73.29672038984745,10.476286403575694],[-73.29680200707284,10.476294153577436],[-73.29680984951466,10.476401872049092],[-73.29673744105044,10.476408048914307],[-73.29672038984745,10.476286403575694]]]}},
{"type":"Feature","properties":{"cons":"0315","motivo":"sin_npn"},"geometry":{"type":"Polygon","coordinates":[[[-73.29646977841394,10.47602446636671],[-73.29649710200584,10.476295868037308],[-73.29644099009909,10.476298553585789],[-73.29637161860836,10.476295305792888],[-73.29637390314858,10.476269350538724],[-73.29636952316964,10.47624170499723],[-73.29635571358031,10.47621765909281],[-73.29631910396746,10.476189893930155],[-73.2963141446522,10.476038408568492],[-73.29641668720761,10.476022086009879],[-73.29646977841394,10.47602446636671]]]}},
{"type":"Feature","properties":{"cons":"0316","motivo":"sin_npn"},"geometry":{"type":"Polygon","coordinates":[[[-73.29653676393292,10.47602746966559],[-73.29656772739669,10.476294365912992],[-73.29649710200584,10.476295868037308],[-73.29646977841392,10.47602446636671],[-73.29653676393292,10.47602746966559]]]}},
{"type":"Feature","properties":{"cons":"0317","motivo":"sin_npn"},"geometry":{"type":"Polygon","coordinates":[[[-73.29653676393292,10.47602746966559],[-73.29660486199103,10.476019995635887],[-73.29663544348617,10.476285684764726],[-73.29656772739669,10.476294365912992],[-73.29653676393292,10.47602746966559]]]}},
{"type":"Feature","properties":{"cons":"0318","motivo":"sin_npn"},"geometry":{"type":"Polygon","coordinates":[[[-73.29669144997489,10.47601752105203],[-73.29670709360803,10.47609011564827],[-73.29672038984745,10.476286403575694],[-73.29663544348617,10.476285684764726],[-73.29660486199103,10.476019995635887],[-73.29669144997489,10.47601752105203]]]}},
{"type":"Feature","properties":{"cons":"0322","motivo":"sin_npn"},"geometry":{"type":"Polygon","coordinates":[[[-73.29690708636983,10.475986793756602],[-73.29697778201903,10.475970333533724],[-73.29700942334169,10.476087698165475],[-73.29693664169191,10.476101751478602],[-73.29690708636983,10.475986793756602]]]}},
{"type":"Feature","properties":{"cons":"0321","motivo":"sin_npn"},"geometry":{"type":"Polygon","coordinates":[[[-73.2968481812495,10.475994740017988],[-73.29690708636983,10.475986793756602],[-73.29693664169191,10.476101751478602],[-73.29687630822667,10.476116171180992],[-73.2968481812495,10.475994740017988]]]}},
{"type":"Feature","properties":{"cons":"0320","motivo":"sin_npn"},"geometry":{"type":"Polygon","coordinates":[[[-73.29677908420886,10.476004777541394],[-73.29684818124949,10.475994740017988],[-73.29687630822664,10.476116171180992],[-73.29680484692017,10.476128805816305],[-73.29677908420886,10.476004777541394]]]}},
{"type":"Feature","properties":{"cons":"0325","motivo":"sin_npn"},"geometry":{"type":"Polygon","coordinates":[[[-73.29671079395462,10.47614474265576],[-73.29681571409431,10.476126884459],[-73.29682211931681,10.476169761420325],[-73.29681854181051,10.476222909475615],[-73.29680200707284,10.476294153577436],[-73.29672038984745,10.476286403575694],[-73.29671079395462,10.47614474265576]]]}},
{"type":"Feature","properties":{"cons":"0324","motivo":"sin_npn"},"geometry":{"type":"Polygon","coordinates":[[[-73.29692340170803,10.476104915836785],[-73.29691652648145,10.476264234045557],[-73.29680200707284,10.476294153577436],[-73.29681854181051,10.476222909475615],[-73.29682211931681,10.476169761420325],[-73.29681571409431,10.476126884459],[-73.29692340170803,10.476104915836785]]]}},
{"type":"Feature","properties":{"cons":"0319","motivo":"sin_npn"},"geometry":{"type":"Polygon","coordinates":[[[-73.29680484692011,10.476128805816305],[-73.29671079395462,10.47614474265576],[-73.29670709360799,10.47609011564827],[-73.29669144997489,10.47601752105203],[-73.29677908420884,10.476004777541394],[-73.29680484692011,10.476128805816305]]]}},
{"type":"Feature","properties":{"cons":"0343","motivo":"sin_npn"},"geometry":{"type":"Polygon","coordinates":[[[-73.29561136418623,10.475836661820635],[-73.29570216668431,10.475836035698272],[-73.29570592322781,10.47598821474149],[-73.2956168352983,10.475991468620931],[-73.29561136418623,10.475836661820635]]]}},
{"type":"Feature","properties":{"cons":"0336","motivo":"sin_npn"},"geometry":{"type":"Polygon","coordinates":[[[-73.29525163544855,10.47600463280517],[-73.29550220081582,10.475995655535069],[-73.29550706203632,10.476054780516145],[-73.2952534575774,10.476053579456467],[-73.29525163544855,10.47600463280517]]]}},
{"type":"Feature","properties":{"cons":"0338","motivo":"sin_npn"},"geometry":{"type":"Polygon","coordinates":[[[-73.29536451217413,10.475925127008901],[-73.29524876751849,10.475927593439577],[-73.29524601206685,10.475853575459446],[-73.29536123565899,10.475840122335327],[-73.29536451217413,10.475925127008901]]]}},
{"type":"Feature","properties":{"cons":"0337","motivo":"sin_npn"},"geometry":{"type":"Polygon","coordinates":[[[-73.29524876751849,10.475927593439577],[-73.29536451217413,10.475925127008901],[-73.2953674168437,10.47600048460736],[-73.29525163544855,10.47600463280517],[-73.29524876751849,10.475927593439577]]]}},
{"type":"Feature","properties":{"cons":"0339","motivo":"sin_npn"},"geometry":{"type":"Polygon","coordinates":[[[-73.29544208526907,10.475838787143923],[-73.29544443939359,10.47591665037432],[-73.29544960695762,10.475945970935179],[-73.29544881732248,10.475997568178437],[-73.2953674168437,10.47600048460736],[-73.29536123565899,10.475840122335327],[-73.29544208526907,10.475838787143923]]]}},
{"type":"Feature","properties":{"cons":"0335","motivo":"sin_npn"},"geometry":{"type":"Polygon","coordinates":[[[-73.29550220081582,10.475995655535069],[-73.29570592322781,10.47598821474149],[-73.29570728506492,10.47604338323637],[-73.29550706203632,10.476054780516145],[-73.29550220081582,10.475995655535069]]]}},
{"type":"Feature","properties":{"cons":"0340","motivo":"sin_npn"},"geometry":{"type":"Polygon","coordinates":[[[-73.29549706291944,10.475837879203452],[-73.29550220081582,10.475995655535069],[-73.29544881732245,10.475997568178437],[-73.29544960695762,10.475945970935179],[-73.29544443939359,10.47591665037432],[-73.29544208526904,10.475838787143923],[-73.29549706291944,10.475837879203452]]]}},
{"type":"Feature","properties":{"cons":"0341","motivo":"sin_npn"},"geometry":{"type":"Polygon","coordinates":[[[-73.29554695614685,10.475837105926106],[-73.29555344970406,10.47599378372386],[-73.29550220081582,10.475995655535069],[-73.29549706291942,10.475837879203452],[-73.29554695614685,10.475837105926106]]]}},
{"type":"Feature","properties":{"cons":"0342","motivo":"sin_npn"},"geometry":{"type":"Polygon","coordinates":[[[-73.29561136418623,10.475836661820635],[-73.2956168352983,10.475991468620931],[-73.29555344970404,10.47599378372386],[-73.29554695614684,10.475837105926106],[-73.29561136418623,10.475836661820635]]]}},
{"type":"Feature","properties":{"cons":"0347","motivo":"sin_npn"},"geometry":{"type":"Polygon","coordinates":[[[-73.29578393569928,10.475832644223782],[-73.29584214953165,10.475830982190098],[-73.29584592916379,10.475937688038659],[-73.2957862445957,10.475940260325986],[-73.29578393569928,10.475832644223782]]]}},
{"type":"Feature","properties":{"cons":"0349","motivo":"sin_npn"},"geometry":{"type":"Polygon","coordinates":[[[-73.29584371802395,10.475875263575826],[-73.29594730272328,10.475869709599491],[-73.29594905170435,10.47593307400142],[-73.29584592916379,10.475937688038659],[-73.29584371802395,10.475875263575826]]]}},
{"type":"Feature","properties":{"cons":"0344","motivo":"sin_npn"},"geometry":{"type":"Polygon","coordinates":[[[-73.29574482334456,10.475989385550323],[-73.29584757452629,10.475984139564165],[-73.29584935684366,10.476034457549197],[-73.2957470512305,10.4760412555368],[-73.29574482334456,10.475989385550323]]]}},
{"type":"Feature","properties":{"cons":"0345","motivo":"sin_npn"},"geometry":{"type":"Polygon","coordinates":[[[-73.29574279378302,10.475942132963368],[-73.29584592916379,10.475937688038659],[-73.29584757452626,10.475984139564165],[-73.29574482334455,10.475989385550323],[-73.29574279378302,10.475942132963368]]]}},
{"type":"Feature","properties":{"cons":"0346","motivo":"sin_npn"},"geometry":{"type":"Polygon","coordinates":[[[-73.29578393569928,10.475832644223782],[-73.2957862445957,10.475940260325986],[-73.29574279378302,10.475942132963368],[-73.29573814724819,10.47583395149918],[-73.29578393569928,10.475832644223782]]]}},
{"type":"Feature","properties":{"cons":"0351","motivo":"sin_npn"},"geometry":{"type":"Polygon","coordinates":[[[-73.29584763272658,10.475985782661827],[-73.29595038346167,10.475981322642069],[-73.29595166245137,10.476027659528844],[-73.29584935684366,10.476034457549197],[-73.29584763272658,10.475985782661827]]]}},
{"type":"Feature","properties":{"cons":"0350","motivo":"sin_npn"},"geometry":{"type":"Polygon","coordinates":[[[-73.29584592916379,10.475937688038659],[-73.29594905170435,10.47593307400142],[-73.29595038346167,10.475981322642069],[-73.29584763272658,10.475985782661827],[-73.29584592916379,10.475937688038659]]]}},
{"type":"Feature","properties":{"cons":"0348","motivo":"sin_npn"},"geometry":{"type":"Polygon","coordinates":[[[-73.29594730272328,10.475869709599491],[-73.29584371802395,10.475875263575826],[-73.29584214953165,10.475830982190098],[-73.2959461518122,10.475828012847114],[-73.29594730272328,10.475869709599491]]]}},
{"type":"Feature","properties":{"cons":"0368","motivo":"sin_npn"},"geometry":{"type":"Polygon","coordinates":[[[-73.29661778571821,10.475876081305833],[-73.29670048372644,10.47586159950668],[-73.29677243971899,10.475859816949697],[-73.29677849106771,10.475958428386434],[-73.29662811536951,10.475970972235737],[-73.29661778571821,10.475876081305833]]]}},
{"type":"Feature","properties":{"cons":"0354","motivo":"sin_npn"},"geometry":{"type":"Polygon","coordinates":[[[-73.29611875315412,10.475890356419402],[-73.2960099324951,10.475899204771878],[-73.29600208786452,10.475822762081549],[-73.29611028596278,10.475812852562731],[-73.29611875315412,10.475890356419402]]]}},
{"type":"Feature","properties":{"cons":"0352","motivo":"sin_npn"},"geometry":{"type":"Polygon","coordinates":[[[-73.29601544486604,10.475952920527762],[-73.29612458656757,10.475943752144941],[-73.29613147063206,10.476006764900962],[-73.29602192344912,10.476016051590582],[-73.29601544486604,10.475952920527762]]]}},
{"type":"Feature","properties":{"cons":"0353","motivo":"sin_npn"},"geometry":{"type":"Polygon","coordinates":[[[-73.2960099324951,10.475899204771878],[-73.29611875315412,10.475890356419402],[-73.29612458656756,10.475943752144941],[-73.29601544486603,10.475952920527762],[-73.2960099324951,10.475899204771878]]]}},
{"type":"Feature","properties":{"cons":"0355","motivo":"sin_npn"},"geometry":{"type":"Polygon","coordinates":[[[-73.29616776698367,10.475917157843254],[-73.29612208240101,10.475920830441142],[-73.29611028596278,10.475812852562731],[-73.29616259000498,10.475808062188937],[-73.29616776698367,10.475917157843254]]]}},
{"type":"Feature","properties":{"cons":"0370","motivo":"sin_npn"},"geometry":{"type":"Polygon","coordinates":[[[-73.29612208240101,10.475920830441142],[-73.29616776698367,10.475917157843254],[-73.29617764672493,10.476002850384113],[-73.29613147063205,10.476006764900962],[-73.29612208240101,10.475920830441142]]]}},
{"type":"Feature","properties":{"cons":"0356","motivo":"sin_npn"},"geometry":{"type":"Polygon","coordinates":[[[-73.29623117212144,10.475907580578815],[-73.29616736115982,10.475908928872004],[-73.29616259000498,10.475808062188937],[-73.29622722386424,10.475806217667767],[-73.29623117212144,10.475907580578815]]]}},
{"type":"Feature","properties":{"cons":"0369","motivo":"sin_npn"},"geometry":{"type":"Polygon","coordinates":[[[-73.29616736115982,10.475908928872004],[-73.29623117212144,10.475907580578815],[-73.29623435930111,10.475998042641626],[-73.29617764672491,10.476002850384113],[-73.29616736115982,10.475908928872004]]]}},
{"type":"Feature","properties":{"cons":"0357","motivo":"sin_npn"},"geometry":{"type":"Polygon","coordinates":[[[-73.29622722386424,10.475806217667767],[-73.29628426220759,10.47579908700924],[-73.29629581523365,10.475993236486872],[-73.29623435930111,10.475998042641626],[-73.29622722386424,10.475806217667767]]]}},
{"type":"Feature","properties":{"cons":"0358","motivo":"sin_npn"},"geometry":{"type":"Polygon","coordinates":[[[-73.29634439436245,10.475791895095876],[-73.2963570373657,10.475989506932756],[-73.29629581523365,10.475993236486872],[-73.29628426220759,10.47579908700924],[-73.29634439436245,10.475791895095876]]]}},
{"type":"Feature","properties":{"cons":"0359","motivo":"sin_npn"},"geometry":{"type":"Polygon","coordinates":[[[-73.2963992207268,10.47578647089801],[-73.29641903322715,10.475985730232248],[-73.29635703736568,10.475989506932756],[-73.29634439436245,10.475791895095876],[-73.2963992207268,10.47578647089801]]]}},
{"type":"Feature","properties":{"cons":"0360","motivo":"sin_npn"},"geometry":{"type":"Polygon","coordinates":[[[-73.29646094972624,10.475781186866227],[-73.29647865931815,10.47598209788335],[-73.29641903322715,10.475985730232248],[-73.2963992207268,10.47578647089801],[-73.29646094972624,10.475781186866227]]]}},
{"type":"Feature","properties":{"cons":"0361","motivo":"sin_npn"},"geometry":{"type":"Polygon","coordinates":[[[-73.29654137570155,10.475782820107549],[-73.29655636001745,10.475976957807383],[-73.29647865931815,10.47598209788335],[-73.29646094972624,10.475781186866227],[-73.29654137570155,10.475782820107549]]]}},
{"type":"Feature","properties":{"cons":"0362","motivo":"sin_npn"},"geometry":{"type":"Polygon","coordinates":[[[-73.29660745607403,10.475781190374802],[-73.29662811536954,10.475970972235737],[-73.29655636001742,10.475976957807383],[-73.29654137570155,10.475782820107549],[-73.29660745607403,10.475781190374802]]]}},
{"type":"Feature","properties":{"cons":"0366","motivo":"sin_npn"},"geometry":{"type":"Polygon","coordinates":[[[-73.29686669565137,10.475754660095031],[-73.29692082881198,10.475747695510956],[-73.29696091263514,10.475931390438202],[-73.29689471095507,10.475942823233702],[-73.29686669565137,10.475754660095031]]]}},
{"type":"Feature","properties":{"cons":"0365","motivo":"sin_npn"},"geometry":{"type":"Polygon","coordinates":[[[-73.29680043226968,10.475756127779016],[-73.29682711479502,10.475759752424262],[-73.29686669565137,10.475754660095031],[-73.29689471095507,10.475942823233702],[-73.29682850926977,10.475954256015557],[-73.29680043226968,10.475756127779016]]]}},
{"type":"Feature","properties":{"cons":"0367","motivo":"sin_npn"},"geometry":{"type":"Polygon","coordinates":[[[-73.29681212573506,10.475838643953423],[-73.29682850926977,10.475954256015557],[-73.29677849106773,10.475958428386434],[-73.29677157915057,10.475845793311183],[-73.29681212573506,10.475838643953423]]]}},
{"type":"Feature","properties":{"cons":"0364","motivo":"sin_npn"},"geometry":{"type":"Polygon","coordinates":[[[-73.2966877717466,10.475763751717013],[-73.2967527294646,10.475749647661386],[-73.29680043226968,10.475756127779016],[-73.29681212573506,10.475838643953423],[-73.29677157915057,10.475845793311183],[-73.29677243971899,10.475859816949697],[-73.29670048372645,10.47586159950668],[-73.2966877717466,10.475763751717013]]]}},
{"type":"Feature","properties":{"cons":"0363","motivo":"sin_npn"},"geometry":{"type":"Polygon","coordinates":[[[-73.29670048372644,10.47586159950668],[-73.29661778571821,10.475876081305833],[-73.29660745607403,10.475781190374802],[-73.2966877717466,10.475763751717013],[-73.29670048372644,10.47586159950668]]]}},
{"type":"Feature","properties":{"cons":"0417","motivo":"sin_npn"},"geometry":{"type":"Polygon","coordinates":[[[-73.29665151748331,10.475389039495829],[-73.29668471501046,10.47553220849656],[-73.29655242239284,10.47556313233349],[-73.29652699415296,10.475403525056693],[-73.29665151748331,10.475389039495829]]]}},
{"type":"Feature","properties":{"cons":"0372","motivo":"sin_npn"},"geometry":{"type":"Polygon","coordinates":[[[-73.29673947247134,10.475519408741183],[-73.29678516653183,10.475717776690898],[-73.29666786693552,10.47572622764343],[-73.29662995754485,10.475545008242637],[-73.29673947247134,10.475519408741183]]]}},
{"type":"Feature","properties":{"cons":"0396","motivo":"sin_npn"},"geometry":{"type":"Polygon","coordinates":[[[-73.2952947013253,10.475456347375204],[-73.29530375398733,10.475408582430154],[-73.29531583896384,10.475399474375987],[-73.29547659395864,10.475403888777365],[-73.29547491091681,10.475463725679479],[-73.2952947013253,10.475456347375204]]]}},
{"type":"Feature","properties":{"cons":"0394","motivo":"sin_npn"},"geometry":{"type":"Polygon","coordinates":[[[-73.29547318211628,10.475585065452979],[-73.29527260069133,10.475592248778105],[-73.29528705679282,10.475503355210614],[-73.29547423938418,10.475510858714566],[-73.29547318211628,10.475585065452979]]]}},
{"type":"Feature","properties":{"cons":"0395","motivo":"sin_npn"},"geometry":{"type":"Polygon","coordinates":[[[-73.29528705679282,10.475503355210614],[-73.29529470132529,10.475456347375204],[-73.2954749109168,10.475463725679479],[-73.29547423938418,10.475510858714566],[-73.29528705679282,10.475503355210614]]]}},
{"type":"Feature","properties":{"cons":"0393","motivo":"sin_npn"},"geometry":{"type":"Polygon","coordinates":[[[-73.29527260069133,10.475592248778105],[-73.29547318211628,10.475585065452979],[-73.29547212484839,10.475659272191042],[-73.2952640275049,10.47565978246479],[-73.29527260069133,10.475592248778105]]]}},
{"type":"Feature","properties":{"cons":"0392","motivo":"sin_npn"},"geometry":{"type":"Polygon","coordinates":[[[-73.29535841947259,10.475657604550994],[-73.2953565161355,10.475812842197563],[-73.29526281286482,10.475819235247352],[-73.2952581185629,10.47574688377114],[-73.2952640275049,10.47565978246479],[-73.29535841947259,10.475657604550994]]]}},
{"type":"Feature","properties":{"cons":"0391","motivo":"sin_npn"},"geometry":{"type":"Polygon","coordinates":[[[-73.29543703098551,10.4756608232383],[-73.29544042172374,10.475808358200245],[-73.2953565161355,10.475812842197563],[-73.29535841947259,10.475657604550994],[-73.29543703098551,10.4756608232383]]]}},
{"type":"Feature","properties":{"cons":"0390","motivo":"sin_npn"},"geometry":{"type":"Polygon","coordinates":[[[-73.29549262770563,10.475658362423529],[-73.29549713693723,10.475806235232476],[-73.29544042172374,10.475808358200245],[-73.29543703098551,10.4756608232383],[-73.29549262770563,10.475658362423529]]]}},
{"type":"Feature","properties":{"cons":"0389","motivo":"sin_npn"},"geometry":{"type":"Polygon","coordinates":[[[-73.29558694105732,10.47565294054703],[-73.2955918009146,10.475802691741384],[-73.29549713693721,10.475806235232476],[-73.29549262770563,10.475658362423529],[-73.29558694105732,10.47565294054703]]]}},
{"type":"Feature","properties":{"cons":"0386","motivo":"sin_npn"},"geometry":{"type":"Polygon","coordinates":[[[-73.29569941507353,10.475649179905577],[-73.29570031642399,10.475696427576851],[-73.2955884513064,10.475699477245913],[-73.29558694105732,10.47565294054703],[-73.29569941507353,10.475649179905577]]]}},
{"type":"Feature","properties":{"cons":"0388","motivo":"sin_npn"},"geometry":{"type":"Polygon","coordinates":[[[-73.29564438386558,10.475697952416285],[-73.29564951872949,10.475800531216573],[-73.29559180091456,10.475802691741384],[-73.29558845130637,10.475699477245913],[-73.29564438386558,10.475697952416285]]]}},
{"type":"Feature","properties":{"cons":"0387","motivo":"sin_npn"},"geometry":{"type":"Polygon","coordinates":[[[-73.29564438386558,10.475697952416285],[-73.29570031642399,10.475696427576851],[-73.29570346703007,10.475798511784802],[-73.29564951872949,10.475800531216573],[-73.29564438386558,10.475697952416285]]]}},
{"type":"Feature","properties":{"cons":"0385","motivo":"sin_npn"},"geometry":{"type":"Polygon","coordinates":[[[-73.29582739407073,10.475646440842347],[-73.29583230240587,10.475793689088805],[-73.29573413072389,10.475797363955188],[-73.29573132906303,10.475648117280624],[-73.29582739407073,10.475646440842347]]]}},
{"type":"Feature","properties":{"cons":"0384","motivo":"sin_npn"},"geometry":{"type":"Polygon","coordinates":[[[-73.29593601284124,10.47564233367389],[-73.29594346942271,10.475785875366274],[-73.29583230240587,10.475793689088805],[-73.29582739407073,10.475646440842347],[-73.29588326662214,10.475641257608281],[-73.29593601284124,10.47564233367389]]]}},
{"type":"Feature","properties":{"cons":"0383","motivo":"sin_npn"},"geometry":{"type":"Polygon","coordinates":[[[-73.29600994564099,10.475639643667957],[-73.29601783139265,10.475716004149687],[-73.2960194450561,10.475780535158021],[-73.29594346942271,10.475785875366274],[-73.29593601284124,10.47564233367389],[-73.29600994564099,10.475639643667957]]]}},
{"type":"Feature","properties":{"cons":"0381","motivo":"sin_npn"},"geometry":{"type":"Polygon","coordinates":[[[-73.29613320886904,10.475622872480965],[-73.29615086491158,10.475768274209116],[-73.29607670027015,10.475773755272163],[-73.29605989462547,10.475632847618266],[-73.29613320886904,10.475622872480965]]]}},
{"type":"Feature","properties":{"cons":"0380","motivo":"sin_npn"},"geometry":{"type":"Polygon","coordinates":[[[-73.29617905289248,10.475616634933457],[-73.29619287984154,10.475765169130337],[-73.29615086491157,10.475768274209116],[-73.29613320886904,10.475622872480965],[-73.29617905289248,10.475616634933457]]]}},
{"type":"Feature","properties":{"cons":"0378","motivo":"sin_npn"},"geometry":{"type":"Polygon","coordinates":[[[-73.29622935204296,10.475606857069522],[-73.29629501667237,10.475601973719737],[-73.29629792876375,10.475757405551828],[-73.29623149319032,10.475762315437715],[-73.29622935204296,10.475606857069522]]]}},
{"type":"Feature","properties":{"cons":"0377","motivo":"sin_npn"},"geometry":{"type":"Polygon","coordinates":[[[-73.29634524315014,10.475594151389041],[-73.29634834899572,10.47575367926197],[-73.29629792876375,10.475757405551828],[-73.2962950132611,10.475598382863147],[-73.29634524315014,10.475594151389041]]]}},
{"type":"Feature","properties":{"cons":"0376","motivo":"sin_npn"},"geometry":{"type":"Polygon","coordinates":[[[-73.29640858186765,10.475585972394587],[-73.29641675710674,10.475748623571244],[-73.29634834899569,10.47575367926197],[-73.29634524315011,10.475594151389041],[-73.29640858186765,10.475585972394587]]]}},
{"type":"Feature","properties":{"cons":"0375","motivo":"sin_npn"},"geometry":{"type":"Polygon","coordinates":[[[-73.29648691236551,10.475573534507971],[-73.29650166697985,10.475742348299688],[-73.29641675710671,10.475748623571244],[-73.29640858186762,10.475585972394587],[-73.29648691236551,10.475573534507971]]]}},
{"type":"Feature","properties":{"cons":"0374","motivo":"sin_npn"},"geometry":{"type":"Polygon","coordinates":[[[-73.29655242239284,10.47556313233349],[-73.29658431460307,10.47573607963711],[-73.29650166697985,10.475742348299688],[-73.2964869123655,10.475573534507973],[-73.29655242239284,10.47556313233349]]]}},
{"type":"Feature","properties":{"cons":"0373","motivo":"sin_npn"},"geometry":{"type":"Polygon","coordinates":[[[-73.29662995754485,10.475545008242637],[-73.29666786693552,10.47572622764343],[-73.29658431460307,10.47573607963711],[-73.29655242239284,10.47556313233349],[-73.29662995754485,10.475545008242637]]]}},
{"type":"Feature","properties":{"cons":"0371","motivo":"sin_npn"},"geometry":{"type":"Polygon","coordinates":[[[-73.29673947247134,10.475519408741183],[-73.29682149376829,10.475500235945596],[-73.29689157079129,10.475713238573745],[-73.29678516653183,10.475717776690898],[-73.29673947247134,10.475519408741183]]]}},
{"type":"Feature","properties":{"cons":"0399","motivo":"sin_npn"},"geometry":{"type":"Polygon","coordinates":[[[-73.29547316143376,10.47558651710349],[-73.29559370834382,10.475584055050586],[-73.295596807208,10.475652596369224],[-73.29547212484839,10.475659272191042],[-73.29547316143376,10.47558651710349]]]}},
{"type":"Feature","properties":{"cons":"0397","motivo":"sin_npn"},"geometry":{"type":"Polygon","coordinates":[[[-73.29551384560428,10.47540491171201],[-73.29551038914424,10.475585756768734],[-73.29547316143375,10.47558651710349],[-73.29547659395864,10.475403888777365],[-73.29551384560428,10.47540491171201]]]}},
{"type":"Feature","properties":{"cons":"0398","motivo":"sin_npn"},"geometry":{"type":"Polygon","coordinates":[[[-73.29555206561906,10.47540596123365],[-73.29554958028741,10.47558495632837],[-73.29551038914424,10.475585756768757],[-73.29551384560426,10.47540491171201],[-73.29555206561906,10.47540596123365]]]}},
{"type":"Feature","properties":{"cons":"0402","motivo":"sin_npn"},"geometry":{"type":"Polygon","coordinates":[[[-73.29559370834382,10.475584055050586],[-73.29572865560645,10.47556571609857],[-73.2958121031165,10.475567434010376],[-73.29582088718274,10.475646720050502],[-73.295596807208,10.475652596369224],[-73.29559370834382,10.475584055050586]]]}},
{"type":"Feature","properties":{"cons":"0400","motivo":"sin_npn"},"geometry":{"type":"Polygon","coordinates":[[[-73.29568688026274,10.475409663207058],[-73.29568781281154,10.475571266525346],[-73.29559370834382,10.475584055050586],[-73.29554958028739,10.47558495632837],[-73.29555206561903,10.47540596123365],[-73.29568688026274,10.475409663207058]]]}},
{"type":"Feature","properties":{"cons":"0401","motivo":"sin_npn"},"geometry":{"type":"Polygon","coordinates":[[[-73.29580039420259,10.475411660531373],[-73.2958121031165,10.475567434010376],[-73.29572865560645,10.47556571609857],[-73.29568781281154,10.475571266525346],[-73.29568688026274,10.475409663207058],[-73.29580039420259,10.475411660531373]]]}},
{"type":"Feature","properties":{"cons":"0403","motivo":"sin_npn"},"geometry":{"type":"Polygon","coordinates":[[[-73.29586398453802,10.475412779411673],[-73.29588326662214,10.475641257608281],[-73.29582088718271,10.475646720050502],[-73.29580039420259,10.475411660531373],[-73.29586398453802,10.475412779411673]]]}},
{"type":"Feature","properties":{"cons":"0404","motivo":"sin_npn"},"geometry":{"type":"Polygon","coordinates":[[[-73.29594169323225,10.475414146689104],[-73.29595347934226,10.475552520256603],[-73.29595341091031,10.475642688606682],[-73.29588326662214,10.475641257608281],[-73.295863984538,10.475412779411673],[-73.29594169323225,10.475414146689104]]]}},
{"type":"Feature","properties":{"cons":"0408","motivo":"sin_npn"},"geometry":{"type":"Polygon","coordinates":[[[-73.29611131101937,10.475416844120844],[-73.29612140579398,10.475544763468266],[-73.29613320886902,10.475622872480965],[-73.29607871690932,10.475630286659618],[-73.29604872681044,10.475416029904078],[-73.29611131101937,10.475416844120844]]]}},
{"type":"Feature","properties":{"cons":"0410","motivo":"sin_npn"},"geometry":{"type":"Polygon","coordinates":[[[-73.29618305765769,10.475417777525095],[-73.29618549123299,10.475522919309974],[-73.29619883254956,10.475563304071681],[-73.29620129783858,10.47560894340153],[-73.29619374474014,10.4756146359561],[-73.29613320886902,10.475622872480965],[-73.29612140579395,10.475544763468266],[-73.29611131101937,10.475416844120844],[-73.29618305765769,10.475417777525095]]]}},
{"type":"Feature","properties":{"cons":"0411","motivo":"sin_npn"},"geometry":{"type":"Polygon","coordinates":[[[-73.29624622445341,10.475418599294468],[-73.29625740624694,10.475604770735048],[-73.29620129783858,10.47560894340153],[-73.29619883254956,10.475563304071681],[-73.29618549123299,10.475522919309974],[-73.29618305765769,10.475417777525095],[-73.29624622445341,10.475418599294468]]]}},
{"type":"Feature","properties":{"cons":"0412","motivo":"sin_npn"},"geometry":{"type":"Polygon","coordinates":[[[-73.29630288332822,10.47541703249282],[-73.29631372472383,10.47559680657017],[-73.29625740624694,10.475604770735048],[-73.29624622445338,10.475418599294468],[-73.29630288332822,10.47541703249282]]]}},
{"type":"Feature","properties":{"cons":"0413","motivo":"sin_npn"},"geometry":{"type":"Polygon","coordinates":[[[-73.29635531770889,10.47541520202073],[-73.29637044109423,10.475592028656898],[-73.29631372472382,10.47559680657017],[-73.29630288332821,10.47541703249282],[-73.29635531770889,10.47541520202073]]]}},
{"type":"Feature","properties":{"cons":"0414","motivo":"sin_npn"},"geometry":{"type":"Polygon","coordinates":[[[-73.29641879215845,10.475412986130836],[-73.29643416181673,10.475581910626282],[-73.29637044109423,10.475592028656898],[-73.29635531770887,10.47541520202073],[-73.29641879215845,10.475412986130836]]]}},
{"type":"Feature","properties":{"cons":"0415","motivo":"sin_npn"},"geometry":{"type":"Polygon","coordinates":[[[-73.29647074723447,10.475410056226712],[-73.29648691236548,10.475573534507973],[-73.29643416181673,10.475581910626282],[-73.29641879215845,10.475412986130836],[-73.29647074723447,10.475410056226712]]]}},
{"type":"Feature","properties":{"cons":"0416","motivo":"sin_npn"},"geometry":{"type":"Polygon","coordinates":[[[-73.29652699415296,10.475403525056693],[-73.29655242239284,10.47556313233349],[-73.29648691236547,10.475573534507973],[-73.29647074723445,10.475410056226712],[-73.29652699415296,10.475403525056693]]]}},
{"type":"Feature","properties":{"cons":"0409","motivo":"sin_npn"},"geometry":{"type":"Polygon","coordinates":[[[-73.29669583585287,10.47537781456036],[-73.29677465022863,10.475357852475694],[-73.29682149376829,10.475500235945596],[-73.29673185480208,10.47552118939968],[-73.29669583585287,10.47537781456036]]]}},
{"type":"Feature","properties":{"cons":"0406","motivo":"sin_npn"},"geometry":{"type":"Polygon","coordinates":[[[-73.29669583585287,10.47537781456036],[-73.29673185480208,10.47552118939968],[-73.29668471501044,10.47553220849656],[-73.29665151748331,10.475389039495829],[-73.29669583585287,10.47537781456036]]]}},
{"type":"Feature","properties":{"cons":"0407","motivo":"sin_npn"},"geometry":{"type":"Polygon","coordinates":[[[-73.29599883744599,10.475415152124247],[-73.29604872681044,10.475416029904078],[-73.29607871690932,10.475630286659618],[-73.29600994564099,10.475639643667957],[-73.29599883744599,10.475415152124247]]]}},
{"type":"Feature","properties":{"cons":"0405","motivo":"sin_npn"},"geometry":{"type":"Polygon","coordinates":[[[-73.29594169323225,10.475414146689104],[-73.29599883744599,10.475415152124247],[-73.29600994564099,10.475639643667957],[-73.29595341091031,10.475642688606682],[-73.29595347934226,10.475552520256603],[-73.29594169323225,10.475414146689104]]]}},
{"type":"Feature","properties":{"cons":"0379","motivo":"sin_npn"},"geometry":{"type":"Polygon","coordinates":[[[-73.29622935204296,10.475606857069522],[-73.29623149319032,10.475762315437715],[-73.29619287984154,10.475765169130337],[-73.29617905289246,10.475616634933457],[-73.29619374474014,10.4756146359561],[-73.29620129783858,10.47560894340153],[-73.29622935204296,10.475606857069522]]]}},
{"type":"Feature","properties":{"cons":"0382","motivo":"sin_npn"},"geometry":{"type":"Polygon","coordinates":[[[-73.29600994564099,10.475639643667957],[-73.29605989462547,10.475632847618266],[-73.29607701246168,10.475776488823087],[-73.2960194450561,10.475780535158021],[-73.29601783139265,10.475716004149687],[-73.29600994564099,10.475639643667957]]]}},
{"type":"Feature","properties":{"cons":"0441","motivo":"sin_npn"},"geometry":{"type":"Polygon","coordinates":[[[-73.29668537979518,10.475172738615237],[-73.29673897451244,10.475308981498978],[-73.29664064912951,10.475345904344428],[-73.29658932304666,10.475207771531414],[-73.29668537979518,10.475172738615237]]]}},
{"type":"Feature","properties":{"cons":"0423","motivo":"sin_npn"},"geometry":{"type":"Polygon","coordinates":[[[-73.29537999165835,10.47506176631519],[-73.2955292188083,10.475083113921809],[-73.2955242007919,10.47512252111573],[-73.29537219856319,10.475099368309492],[-73.29537999165835,10.47506176631519]]]}},
{"type":"Feature","properties":{"cons":"0418","motivo":"sin_npn"},"geometry":{"type":"Polygon","coordinates":[[[-73.29533782709429,10.475260595876472],[-73.29550966399616,10.475290336346834],[-73.29550561141255,10.475349526797501],[-73.29532136500345,10.475337815180039],[-73.29533782709429,10.475260595876472]]]}},
{"type":"Feature","properties":{"cons":"0419","motivo":"sin_npn"},"geometry":{"type":"Polygon","coordinates":[[[-73.29534749615547,10.475215240856683],[-73.29551288657916,10.475243268547175],[-73.29550966399614,10.475290336346834],[-73.29533782709426,10.475260595876472],[-73.29534749615547,10.475215240856683]]]}},
{"type":"Feature","properties":{"cons":"0420","motivo":"sin_npn"},"geometry":{"type":"Polygon","coordinates":[[[-73.29535692092794,10.475171031718647],[-73.29551604172346,10.475197185719775],[-73.29551288657913,10.475243268547175],[-73.29534749615546,10.475215240856683],[-73.29535692092794,10.475171031718647]]]}},
{"type":"Feature","properties":{"cons":"0421","motivo":"sin_npn"},"geometry":{"type":"Polygon","coordinates":[[[-73.29536448129114,10.47513556802722],[-73.29551936741346,10.475160478312892],[-73.29551604172343,10.475197185719775],[-73.29535692092793,10.475171031718647],[-73.29536448129114,10.47513556802722]]]}},
{"type":"Feature","properties":{"cons":"0422","motivo":"sin_npn"},"geometry":{"type":"Polygon","coordinates":[[[-73.2953721985632,10.475099368309492],[-73.2955242007919,10.47512252111573],[-73.29551936741346,10.475160478312892],[-73.29536448129113,10.47513556802722],[-73.2953721985632,10.475099368309492]]]}},
{"type":"Feature","properties":{"cons":"0424","motivo":"sin_npn"},"geometry":{"type":"Polygon","coordinates":[[[-73.29537999165835,10.47506176631519],[-73.29538752278,10.475024690655724],[-73.29553423682358,10.475043706727758],[-73.2955292188083,10.475083113921809],[-73.29537999165835,10.47506176631519]]]}},
{"type":"Feature","properties":{"cons":"0438","motivo":"sin_npn"},"geometry":{"type":"Polygon","coordinates":[[[-73.29652374176379,10.475095160059483],[-73.29660848808305,10.475088317640003],[-73.29662965554134,10.475193061846783],[-73.29656441773358,10.475216854757601],[-73.29652994630018,10.475217588889665],[-73.29652374176379,10.475095160059483]]]}},
{"type":"Feature","properties":{"cons":"0458","motivo":"sin_npn"},"geometry":{"type":"Polygon","coordinates":[[[-73.29555793871943,10.475177881794096],[-73.29554800587414,10.475352221584956],[-73.29550561141254,10.475349526797501],[-73.29551761008084,10.47517427889001],[-73.29555793871943,10.475177881794096]]]}},
{"type":"Feature","properties":{"cons":"0457","motivo":"sin_npn"},"geometry":{"type":"Polygon","coordinates":[[[-73.29563723824566,10.47518496628739],[-73.29562988770849,10.475357199859781],[-73.29554800587412,10.475352221584956],[-73.2955579387194,10.475177881794096],[-73.29563723824566,10.47518496628739]]]}},
{"type":"Feature","properties":{"cons":"0455","motivo":"sin_npn"},"geometry":{"type":"Polygon","coordinates":[[[-73.2956802962919,10.475358638540389],[-73.29567880034858,10.475191872760401],[-73.29573130829003,10.475194270337358],[-73.2957307048756,10.475360077213011],[-73.2956802962919,10.475358638540389]]]}},
{"type":"Feature","properties":{"cons":"0454","motivo":"sin_npn"},"geometry":{"type":"Polygon","coordinates":[[[-73.29578815250821,10.475196194492158],[-73.29578200965364,10.47536154145501],[-73.2957307048756,10.475360077213011],[-73.29573130829003,10.475194270337358],[-73.29578815250821,10.475196194492158]]]}},
{"type":"Feature","properties":{"cons":"0456","motivo":"sin_npn"},"geometry":{"type":"Polygon","coordinates":[[[-73.29567880034858,10.475191872760401],[-73.2956802962919,10.475358638540389],[-73.29562988770849,10.475357199859781],[-73.29563723824566,10.47518496628739],[-73.29567880034858,10.475191872760401]]]}},
{"type":"Feature","properties":{"cons":"0453","motivo":"sin_npn"},"geometry":{"type":"Polygon","coordinates":[[[-73.29586553206661,10.475197147489341],[-73.29585934221564,10.475363748516125],[-73.29578200965364,10.47536154145501],[-73.29578815250821,10.475196194492158],[-73.29586553206661,10.475197147489341]]]}},
{"type":"Feature","properties":{"cons":"0452","motivo":"sin_npn"},"geometry":{"type":"Polygon","coordinates":[[[-73.29592941437754,10.475197934241884],[-73.29591505451577,10.47536533852618],[-73.29585934221564,10.475363748516125],[-73.29586553206661,10.475197147489341],[-73.29592941437754,10.475197934241884]]]}},
{"type":"Feature","properties":{"cons":"0451","motivo":"sin_npn"},"geometry":{"type":"Polygon","coordinates":[[[-73.29599559849564,10.475198749329149],[-73.29598806590447,10.475367422231502],[-73.29591505451577,10.47536533852618],[-73.29592941437754,10.475197934241884],[-73.29599559849564,10.475198749329149]]]}},
{"type":"Feature","properties":{"cons":"0450","motivo":"sin_npn"},"geometry":{"type":"Polygon","coordinates":[[[-73.29603743853504,10.47519965923844],[-73.29602913443756,10.475368594297734],[-73.29598806590447,10.475367422231502],[-73.29599559849562,10.475198749329149],[-73.29603743853504,10.47519965923844]]]}},
{"type":"Feature","properties":{"cons":"0449","motivo":"sin_npn"},"geometry":{"type":"Polygon","coordinates":[[[-73.29609046199539,10.475202761940109],[-73.29608341324762,10.475370143367535],[-73.29602913443755,10.475368594297734],[-73.29603743853504,10.47519965923844],[-73.29609046199539,10.475202761940109]]]}},
{"type":"Feature","properties":{"cons":"0448","motivo":"sin_npn"},"geometry":{"type":"Polygon","coordinates":[[[-73.29618378360058,10.475208222691869],[-73.29618012095894,10.475369709120985],[-73.29608341324762,10.475370143367535],[-73.29609046199539,10.475202761940109],[-73.29618378360058,10.475208222691869]]]}},
{"type":"Feature","properties":{"cons":"0447","motivo":"sin_npn"},"geometry":{"type":"Polygon","coordinates":[[[-73.29625534147365,10.475212409911254],[-73.29625549679155,10.475370943108713],[-73.29618012095894,10.475369709120985],[-73.29618378360057,10.475208222691869],[-73.29625534147365,10.475212409911254]]]}},
{"type":"Feature","properties":{"cons":"0446","motivo":"sin_npn"},"geometry":{"type":"Polygon","coordinates":[[[-73.2963268993482,10.475216597114525],[-73.29632174269916,10.475262485122505],[-73.29632182000552,10.475372109547564],[-73.29625549679155,10.475370943108713],[-73.29625534147365,10.475212409911254],[-73.2963268993482,10.475216597114525]]]}},
{"type":"Feature","properties":{"cons":"0445","motivo":"sin_npn"},"geometry":{"type":"Polygon","coordinates":[[[-73.29639334981111,10.475218126410383],[-73.29638913752859,10.475373293459407],[-73.29632182000552,10.475372109547564],[-73.29632174269916,10.475262485122505],[-73.2963268993482,10.475216597114525],[-73.29639334981111,10.475218126410383]]]}},
{"type":"Feature","properties":{"cons":"0444","motivo":"sin_npn"},"geometry":{"type":"Polygon","coordinates":[[[-73.29644687040232,10.475219358127125],[-73.29644510494063,10.475371926452027],[-73.29638913752859,10.475373293459407],[-73.2963933498111,10.475218126410384],[-73.29644687040232,10.475219358127125]]]}},
{"type":"Feature","properties":{"cons":"0443","motivo":"sin_npn"},"geometry":{"type":"Polygon","coordinates":[[[-73.2965214663827,10.475217769484406],[-73.29652663467904,10.475360753752996],[-73.29644510494063,10.475371926452027],[-73.29644687040232,10.475219358127125],[-73.2965214663827,10.475217769484406]]]}},
{"type":"Feature","properties":{"cons":"0442","motivo":"sin_npn"},"geometry":{"type":"Polygon","coordinates":[[[-73.29658932304667,10.475207771531414],[-73.29664064912951,10.475345904344428],[-73.29652663467904,10.475360753752996],[-73.29652146638269,10.475217769484406],[-73.29656441773358,10.475216854757601],[-73.29658932304667,10.475207771531414]]]}},
{"type":"Feature","properties":{"cons":"0440","motivo":"sin_npn"},"geometry":{"type":"Polygon","coordinates":[[[-73.29668537979518,10.475172738615237],[-73.29674547428654,10.475150821497493],[-73.29680108960929,10.475287483887692],[-73.29673897451244,10.475308981498978],[-73.29668537979518,10.475172738615237]]]}},
{"type":"Feature","properties":{"cons":"0425","motivo":"sin_npn"},"geometry":{"type":"Polygon","coordinates":[[[-73.2956295554737,10.47504510781505],[-73.29562824093401,10.475184162482908],[-73.29551761008084,10.47517427889001],[-73.29553423682358,10.475043706727758],[-73.2956295554737,10.47504510781505]]]}},
{"type":"Feature","properties":{"cons":"0426","motivo":"sin_npn"},"geometry":{"type":"Polygon","coordinates":[[[-73.29570041101186,10.475046149300983],[-73.29571040476998,10.475127797750284],[-73.29571319822992,10.47519140923623],[-73.2956731302545,10.475191949166616],[-73.29562824093401,10.475184162482908],[-73.29562955547368,10.47504510781505],[-73.29570041101186,10.475046149300983]]]}},
{"type":"Feature","properties":{"cons":"0427","motivo":"sin_npn"},"geometry":{"type":"Polygon","coordinates":[[[-73.295746615124,10.47504970737443],[-73.2957535220814,10.47519576798198],[-73.29571319822992,10.47519140923623],[-73.29571040476998,10.475127797750284],[-73.29570041101186,10.475046149300983],[-73.295746615124,10.47504970737443]]]}},
{"type":"Feature","properties":{"cons":"0428","motivo":"sin_npn"},"geometry":{"type":"Polygon","coordinates":[[[-73.2958028212178,10.47505455116624],[-73.29579318242227,10.475196256440553],[-73.2957535220814,10.47519576798198],[-73.295746615124,10.47504970737443],[-73.2958028212178,10.47505455116624]]]}},
{"type":"Feature","properties":{"cons":"0429","motivo":"sin_npn"},"geometry":{"type":"Polygon","coordinates":[[[-73.29586917702996,10.475057803244347],[-73.29586553206661,10.475197147489341],[-73.29579318242226,10.475196256440553],[-73.29580282121778,10.47505455116624],[-73.29586917702996,10.475057803244347]]]}},
{"type":"Feature","properties":{"cons":"0430","motivo":"sin_npn"},"geometry":{"type":"Polygon","coordinates":[[[-73.29593633575091,10.47506109465858],[-73.29592941437754,10.475197934241884],[-73.29586553206661,10.475197147489341],[-73.29586917702996,10.475057803244347],[-73.29593633575091,10.47506109465858]]]}},
{"type":"Feature","properties":{"cons":"0431","motivo":"sin_npn"},"geometry":{"type":"Polygon","coordinates":[[[-73.29600010037318,10.475064219716566],[-73.29599559849562,10.475198749329149],[-73.29592941437754,10.475197934241884],[-73.29593633575091,10.47506109465858],[-73.29600010037318,10.475064219716566]]]}},
{"type":"Feature","properties":{"cons":"0432","motivo":"sin_npn"},"geometry":{"type":"Polygon","coordinates":[[[-73.2960656772522,10.475078206506954],[-73.29606123753148,10.475201051853034],[-73.29599559849562,10.475198749329149],[-73.2959992021582,10.47507349693985],[-73.2960656772522,10.475078206506954]]]}},
{"type":"Feature","properties":{"cons":"0433","motivo":"sin_npn"},"geometry":{"type":"Polygon","coordinates":[[[-73.29613662645298,10.475083233036003],[-73.29613105350515,10.475205137172242],[-73.29606123753148,10.475201051853034],[-73.2960656772522,10.475078206506954],[-73.29613662645298,10.475083233036003]]]}},
{"type":"Feature","properties":{"cons":"0434","motivo":"sin_npn"},"geometry":{"type":"Polygon","coordinates":[[[-73.2962612013851,10.475092058741714],[-73.29625534147365,10.475212409911254],[-73.29613105350514,10.475205137172265],[-73.29613662645298,10.475083233036003],[-73.2962612013851,10.475092058741714]]]}},
{"type":"Feature","properties":{"cons":"0435","motivo":"sin_npn"},"geometry":{"type":"Polygon","coordinates":[[[-73.29635356809325,10.475098602573603],[-73.2963466017768,10.475217050549125],[-73.29625534147365,10.475212409911254],[-73.2962612013851,10.475092058741714],[-73.29635356809325,10.475098602573603]]]}},
{"type":"Feature","properties":{"cons":"0436","motivo":"sin_npn"},"geometry":{"type":"Polygon","coordinates":[[[-73.29644856135053,10.475095515783588],[-73.29644687040232,10.475219358127125],[-73.29634660177679,10.475217050549125],[-73.29635416594849,10.475091420297474],[-73.29644856135053,10.475095515783588]]]}},
{"type":"Feature","properties":{"cons":"0439","motivo":"sin_npn"},"geometry":{"type":"Polygon","coordinates":[[[-73.29660848808305,10.475088317640003],[-73.2967144178077,10.475074506991014],[-73.29674547428654,10.475150821497493],[-73.29662965554135,10.475193061846783],[-73.29660848808305,10.475088317640003]]]}},
{"type":"Feature","properties":{"cons":"0437","motivo":"sin_npn"},"geometry":{"type":"Polygon","coordinates":[[[-73.29652374176379,10.475095160059483],[-73.29652994630018,10.475217588889665],[-73.29644687040232,10.475219358127125],[-73.29644856135053,10.475095515783588],[-73.29652374176379,10.475095160059483]]]}},
{"type":"Feature","properties":{"cons":"0479","motivo":"sin_npn"},"geometry":{"type":"Polygon","coordinates":[[[-73.29653382256173,10.475034661662727],[-73.2965213514852,10.474858867755044],[-73.2966191526967,10.474848142268819],[-73.29668245387798,10.475044276995146],[-73.29653382256173,10.475034661662727]]]}},
{"type":"Feature","properties":{"cons":"0463","motivo":"sin_npn"},"geometry":{"type":"Polygon","coordinates":[[[-73.29550572766034,10.47473918972594],[-73.29553510443569,10.474654167652817],[-73.2956387016193,10.474672339248253],[-73.29561962029751,10.47475940083452],[-73.29550572766034,10.47473918972594]]]}},
{"type":"Feature","properties":{"cons":"0478","motivo":"sin_npn"},"geometry":{"type":"Polygon","coordinates":[[[-73.29649960530148,10.474717725911422],[-73.29657171320426,10.474701153807917],[-73.2966191526967,10.474848142268819],[-73.2965213514852,10.474858867755044],[-73.29649960530148,10.474717725911422]]]}},
{"type":"Feature","properties":{"cons":"0459","motivo":"sin_npn"},"geometry":{"type":"Polygon","coordinates":[[[-73.29546270793922,10.474886723798427],[-73.29558365324057,10.474911477410519],[-73.29556860349513,10.474971872834411],[-73.2954458989756,10.47496039041731],[-73.29546270793922,10.474886723798427]]]}},
{"type":"Feature","properties":{"cons":"0460","motivo":"sin_npn"},"geometry":{"type":"Polygon","coordinates":[[[-73.2954843821756,10.474800967660162],[-73.29560553958058,10.474823646330329],[-73.29558365324056,10.474911477410519],[-73.29546270793921,10.474886723798427],[-73.2954843821756,10.474800967660162]]]}},
{"type":"Feature","properties":{"cons":"0461","motivo":"sin_npn"},"geometry":{"type":"Polygon","coordinates":[[[-73.29549623288842,10.474766669423213],[-73.29561271541924,10.474790905435698],[-73.29560553958054,10.474823646330329],[-73.29548438217559,10.474800967660162],[-73.29549623288842,10.474766669423213]]]}},
{"type":"Feature","properties":{"cons":"0462","motivo":"sin_npn"},"geometry":{"type":"Polygon","coordinates":[[[-73.29549623288842,10.474766669423213],[-73.29550572766031,10.47473918972594],[-73.29561962029751,10.47475940083452],[-73.29561271541924,10.474790905435698],[-73.29549623288842,10.474766669423213]]]}},
{"type":"Feature","properties":{"cons":"0464","motivo":"sin_npn"},"geometry":{"type":"Polygon","coordinates":[[[-73.29568932596625,10.474681219062964],[-73.29566413028697,10.474829329327903],[-73.29560553958058,10.474823646330329],[-73.2956387016193,10.474672339248253],[-73.29568932596625,10.474681219062964]]]}},
{"type":"Feature","properties":{"cons":"0465","motivo":"sin_npn"},"geometry":{"type":"Polygon","coordinates":[[[-73.29574045735257,10.474687577540283],[-73.2957185538907,10.474831971933359],[-73.29566413028697,10.474829329327903],[-73.29568932596625,10.474681219062964],[-73.29574045735257,10.474687577540283]]]}},
{"type":"Feature","properties":{"cons":"0466","motivo":"sin_npn"},"geometry":{"type":"Polygon","coordinates":[[[-73.29578544489624,10.474690457829837],[-73.2957759793563,10.474829909170234],[-73.29571855389068,10.474831971933359],[-73.29574045735257,10.474687577540283],[-73.29578544489624,10.474690457829837]]]}},
{"type":"Feature","properties":{"cons":"0467","motivo":"sin_npn"},"geometry":{"type":"Polygon","coordinates":[[[-73.29585080920614,10.474694642713223],[-73.29584916356268,10.47483093039294],[-73.29577597935628,10.474829909170234],[-73.29578544489624,10.474690457829837],[-73.29585080920614,10.474694642713223]]]}},
{"type":"Feature","properties":{"cons":"0468","motivo":"sin_npn"},"geometry":{"type":"Polygon","coordinates":[[[-73.29589895112493,10.474701422001802],[-73.29589602300868,10.474827617728055],[-73.29584916356265,10.47483093039294],[-73.29585080920614,10.474694642713223],[-73.29589895112493,10.474701422001802]]]}},
{"type":"Feature","properties":{"cons":"0469","motivo":"sin_npn"},"geometry":{"type":"Polygon","coordinates":[[[-73.29598760578472,10.47471390622714],[-73.29598704258798,10.474832301548396],[-73.29589602300868,10.474827617728055],[-73.29589895112493,10.474701422001802],[-73.29598760578472,10.47471390622714]]]}},
{"type":"Feature","properties":{"cons":"0470","motivo":"sin_npn"},"geometry":{"type":"Polygon","coordinates":[[[-73.2960454753531,10.474715827401985],[-73.29603945570234,10.474834998688202],[-73.29598704258798,10.474832301548396],[-73.29598760578472,10.47471390622714],[-73.2960454753531,10.474715827401985]]]}},
{"type":"Feature","properties":{"cons":"0471","motivo":"sin_npn"},"geometry":{"type":"Polygon","coordinates":[[[-73.29610576345094,10.474717929932215],[-73.29610212506215,10.474838223595361],[-73.29603945570234,10.474834998688202],[-73.2960454753531,10.474715827401985],[-73.29610576345094,10.474717929932215]]]}},
{"type":"Feature","properties":{"cons":"0472","motivo":"sin_npn"},"geometry":{"type":"Polygon","coordinates":[[[-73.2961613097515,10.474722095354773],[-73.29615876880708,10.474841138419224],[-73.29610212506215,10.474838223595361],[-73.29610576345094,10.474717929932215],[-73.2961613097515,10.474722095354773]]]}},
{"type":"Feature","properties":{"cons":"0473","motivo":"sin_npn"},"geometry":{"type":"Polygon","coordinates":[[[-73.29623470342648,10.474727599138625],[-73.2962300469609,10.474848379222971],[-73.29615877335303,10.474845926228298],[-73.2961613097515,10.474722095354773],[-73.29623470342648,10.474727599138625]]]}},
{"type":"Feature","properties":{"cons":"0474","motivo":"sin_npn"},"geometry":{"type":"Polygon","coordinates":[[[-73.29628976493588,10.474729507314244],[-73.29629378011434,10.47485057268732],[-73.2962300469609,10.474848379222971],[-73.29623470342648,10.474727599138625],[-73.29628976493588,10.474729507314244]]]}},
{"type":"Feature","properties":{"cons":"0475","motivo":"sin_npn"},"geometry":{"type":"Polygon","coordinates":[[[-73.29634939765712,10.474731523179832],[-73.2963516423799,10.474852564085861],[-73.29629378011434,10.47485057268732],[-73.29628976493588,10.474729507314244],[-73.29634939765712,10.474731523179832]]]}},
{"type":"Feature","properties":{"cons":"0476","motivo":"sin_npn"},"geometry":{"type":"Polygon","coordinates":[[[-73.29642409120362,10.474730346110585],[-73.29642830412725,10.474856747240608],[-73.2963516423799,10.474852564085861],[-73.29634939765712,10.474731523179832],[-73.29642409120362,10.474730346110585]]]}},
{"type":"Feature","properties":{"cons":"0477","motivo":"sin_npn"},"geometry":{"type":"Polygon","coordinates":[[[-73.29649960530148,10.474717725911422],[-73.2965213514852,10.474858867755044],[-73.29642830412722,10.474856747240608],[-73.29642409120362,10.474730346110585],[-73.29644620934374,10.474729997555238],[-73.29649960530148,10.474717725911422]]]}},
{"type":"Feature","properties":{"cons":"0493","motivo":"sin_npn"},"geometry":{"type":"Polygon","coordinates":[[[-73.29565014379486,10.474827972711017],[-73.2956302972904,10.474977645984866],[-73.29556860349513,10.474971872834411],[-73.29560553958058,10.474823646330329],[-73.29565014379486,10.474827972711017]]]}},
{"type":"Feature","properties":{"cons":"0492","motivo":"sin_npn"},"geometry":{"type":"Polygon","coordinates":[[[-73.29569829908095,10.47483098843712],[-73.295693437989,10.47492173883159],[-73.29568410744702,10.474982681394238],[-73.29563029729039,10.474977645984866],[-73.29565014379486,10.474827972711017],[-73.29569829908095,10.47483098843712]]]}},
{"type":"Feature","properties":{"cons":"0491","motivo":"sin_npn"},"geometry":{"type":"Polygon","coordinates":[[[-73.29574440289679,10.474830900591616],[-73.29574284909296,10.474988178268465],[-73.29568410744702,10.474982681394238],[-73.295693437989,10.47492173883159],[-73.29569829908095,10.47483098843712],[-73.29574440289679,10.474830900591616]]]}},
{"type":"Feature","properties":{"cons":"0490","motivo":"sin_npn"},"geometry":{"type":"Polygon","coordinates":[[[-73.29579346485609,10.474830153166865],[-73.29579032157882,10.474992620599027],[-73.29574284909295,10.474988178268465],[-73.29574440289679,10.474830900591616],[-73.29579346485609,10.474830153166865]]]}},
{"type":"Feature","properties":{"cons":"0489","motivo":"sin_npn"},"geometry":{"type":"Polygon","coordinates":[[[-73.29584916356265,10.47483093039294],[-73.29585157050191,10.474995958786979],[-73.29579032157882,10.474992620599027],[-73.29579346485609,10.474830153166865],[-73.29584916356265,10.47483093039294]]]}},
{"type":"Feature","properties":{"cons":"0488","motivo":"sin_npn"},"geometry":{"type":"Polygon","coordinates":[[[-73.29591643108321,10.474828667919265],[-73.2959136280587,10.474999341034973],[-73.29585157050191,10.474995958786979],[-73.29584916356264,10.47483093039294],[-73.29591643108321,10.474828667919265]]]}},
{"type":"Feature","properties":{"cons":"0487","motivo":"sin_npn"},"geometry":{"type":"Polygon","coordinates":[[[-73.29597353480249,10.474831606446443],[-73.29596436227723,10.475002106131686],[-73.2959136280587,10.474999341034973],[-73.29591643108321,10.474828667919265],[-73.29597353480249,10.474831606446443]]]}},
{"type":"Feature","properties":{"cons":"0486","motivo":"sin_npn"},"geometry":{"type":"Polygon","coordinates":[[[-73.29603945570234,10.474834998688202],[-73.29602029296512,10.475005154434923],[-73.29596436227723,10.475002106131686],[-73.29597353480249,10.474831606446443],[-73.29603945570234,10.474834998688202]]]}},
{"type":"Feature","properties":{"cons":"0485","motivo":"sin_npn"},"geometry":{"type":"Polygon","coordinates":[[[-73.29615876880708,10.474841138419224],[-73.29614104042136,10.475011584768772],[-73.29602029296512,10.475005154434923],[-73.29603945570234,10.474834998688202],[-73.29615876880708,10.474841138419224]]]}},
{"type":"Feature","properties":{"cons":"0484","motivo":"sin_npn"},"geometry":{"type":"Polygon","coordinates":[[[-73.29621764356713,10.474847952341571],[-73.29620583533602,10.475015035364327],[-73.29614104042136,10.475011584768772],[-73.29615877335303,10.474845926228298],[-73.29621764356713,10.474847952341571]]]}},
{"type":"Feature","properties":{"cons":"0483","motivo":"sin_npn"},"geometry":{"type":"Polygon","coordinates":[[[-73.29628998123985,10.474850441944167],[-73.29627719710675,10.475018835656584],[-73.29620583533601,10.475015035364327],[-73.29621764356713,10.474847952341571],[-73.29628998123985,10.474850441944167]]]}},
{"type":"Feature","properties":{"cons":"0482","motivo":"sin_npn"},"geometry":{"type":"Polygon","coordinates":[[[-73.29635693685957,10.474852817544617],[-73.2963472609863,10.475022592427536],[-73.29627719710675,10.475018835656584],[-73.29628998123984,10.474850441944167],[-73.29635693685957,10.474852817544617]]]}},
{"type":"Feature","properties":{"cons":"0481","motivo":"sin_npn"},"geometry":{"type":"Polygon","coordinates":[[[-73.29642830412722,10.474856747240608],[-73.29644647749075,10.475029011058453],[-73.2963472609863,10.475022592427536],[-73.29635693685957,10.474852817544617],[-73.29642830412722,10.474856747240608]]]}},
{"type":"Feature","properties":{"cons":"0480","motivo":"sin_npn"},"geometry":{"type":"Polygon","coordinates":[[[-73.2965213514852,10.474858867755044],[-73.29653382256173,10.475034661662727],[-73.29644647749073,10.475029011058453],[-73.29642830412722,10.474856747240608],[-73.2965213514852,10.474858867755044]]]}},
{"type":"Feature","properties":{"cons":"0513","motivo":"sin_npn"},"geometry":{"type":"Polygon","coordinates":[[[-73.29636609313559,10.474501723681065],[-73.29636820837337,10.474661704005248],[-73.2962861833827,10.474660480175318],[-73.29628522230689,10.474496352085566],[-73.29636609313559,10.474501723681065]]]}},
{"type":"Feature","properties":{"cons":"0499","motivo":"sin_npn"},"geometry":{"type":"Polygon","coordinates":[[[-73.29567285247511,10.474338792098012],[-73.29570058139198,10.474248102511583],[-73.29574360289111,10.474261160890027],[-73.29571709717051,10.474353563189952],[-73.29567285247511,10.474338792098012]]]}},
{"type":"Feature","properties":{"cons":"0494","motivo":"sin_npn"},"geometry":{"type":"Polygon","coordinates":[[[-73.29556979876541,10.474531904224575],[-73.29571092747896,10.47457183601959],[-73.29570281549204,10.474620867087973],[-73.29567728657678,10.4746235967341],[-73.29562755368813,10.474619238122326],[-73.29554754203443,10.47460584268081],[-73.29556979876541,10.474531904224575]]]}},
{"type":"Feature","properties":{"cons":"0495","motivo":"sin_npn"},"geometry":{"type":"Polygon","coordinates":[[[-73.29558637870261,10.47447682446143],[-73.29572155196082,10.474507618722342],[-73.29571092747896,10.47457183601959],[-73.29556979876541,10.474531904224575],[-73.29558637870261,10.47447682446143]]]}},
{"type":"Feature","properties":{"cons":"0496","motivo":"sin_npn"},"geometry":{"type":"Polygon","coordinates":[[[-73.29562413874449,10.47439750168545],[-73.29574034799955,10.474433868936977],[-73.29572155196082,10.474507618722342],[-73.29558637870261,10.47447682446143],[-73.29559907979096,10.474434630504591],[-73.29561026944552,10.474437911738779],[-73.29562413874449,10.47439750168545]]]}},
{"type":"Feature","properties":{"cons":"0497","motivo":"sin_npn"},"geometry":{"type":"Polygon","coordinates":[[[-73.2956338840678,10.474325782488506],[-73.2957493467129,10.474364329695145],[-73.29573115463089,10.474431483568393],[-73.29561173718398,10.474391528431617],[-73.2956338840678,10.474325782488506]]]}},
{"type":"Feature","properties":{"cons":"0500","motivo":"sin_npn"},"geometry":{"type":"Polygon","coordinates":[[[-73.29571709717052,10.474353563189952],[-73.29574360289114,10.474261160890027],[-73.29577473534849,10.474270610565876],[-73.29574934671287,10.474364329695145],[-73.29571709717052,10.474353563189952]]]}},
{"type":"Feature","properties":{"cons":"0498","motivo":"sin_npn"},"geometry":{"type":"Polygon","coordinates":[[[-73.29570058139198,10.474248102511583],[-73.29567285247511,10.474338792098012],[-73.2956338840678,10.474325782488535],[-73.29566381065358,10.47423694143015],[-73.29570058139198,10.474248102511583]]]}},
{"type":"Feature","properties":{"cons":"0511","motivo":"sin_npn"},"geometry":{"type":"Polygon","coordinates":[[[-73.29629347555161,10.474496900282862],[-73.29629992499594,10.474382765487352],[-73.29640080020566,10.47439847139018],[-73.29642990310869,10.474505962047141],[-73.29629347555161,10.474496900282862]]]}},
{"type":"Feature","properties":{"cons":"0523","motivo":"sin_npn"},"geometry":{"type":"Polygon","coordinates":[[[-73.29578884857112,10.474438982857174],[-73.2957629420622,10.474625543826184],[-73.29570281549202,10.474620867087973],[-73.29572155196082,10.474507618722342],[-73.29574034799955,10.474433868936977],[-73.29578884857112,10.474438982857174]]]}},
{"type":"Feature","properties":{"cons":"0522","motivo":"sin_npn"},"geometry":{"type":"Polygon","coordinates":[[[-73.29585259253209,10.474451030722074],[-73.29582580682398,10.474630433532901],[-73.2957629420622,10.474625543826184],[-73.29578884857112,10.474438982857174],[-73.29585259253209,10.474451030722074]]]}},
{"type":"Feature","properties":{"cons":"0521","motivo":"sin_npn"},"geometry":{"type":"Polygon","coordinates":[[[-73.29591166174983,10.474459605735744],[-73.2958888599256,10.474635337876247],[-73.29582580682398,10.474630433532901],[-73.29585259253209,10.474451030722074],[-73.29591166174983,10.474459605735744]]]}},
{"type":"Feature","properties":{"cons":"0520","motivo":"sin_npn"},"geometry":{"type":"Polygon","coordinates":[[[-73.29596336253076,10.474467111072103],[-73.29595235370553,10.474524710243447],[-73.29594248946233,10.474639509233823],[-73.29588885992557,10.474635337876247],[-73.29591166174983,10.47445960573577],[-73.29596336253076,10.474467111072103]]]}},
{"type":"Feature","properties":{"cons":"0519","motivo":"sin_npn"},"geometry":{"type":"Polygon","coordinates":[[[-73.29601533064834,10.474474655208466],[-73.29599477599095,10.474643418141488],[-73.29594248946233,10.474639509233823],[-73.29595235370552,10.474524710243447],[-73.29596336253074,10.474467111072148],[-73.29601533064834,10.474474655208466]]]}},
{"type":"Feature","properties":{"cons":"0518","motivo":"sin_npn"},"geometry":{"type":"Polygon","coordinates":[[[-73.29606639087552,10.474482067538995],[-73.29605012085237,10.474647555678677],[-73.29599477599095,10.474643418141488],[-73.29601533064834,10.474474655208466],[-73.29606639087552,10.474482067538995]]]}},
{"type":"Feature","properties":{"cons":"0517","motivo":"sin_npn"},"geometry":{"type":"Polygon","coordinates":[[[-73.29612335701195,10.474485984770455],[-73.29610783375146,10.474651870238041],[-73.29605012085236,10.474647555678677],[-73.2960663908755,10.474482067538995],[-73.29612335701195,10.474485984770455]]]}},
{"type":"Feature","properties":{"cons":"0516","motivo":"sin_npn"},"geometry":{"type":"Polygon","coordinates":[[[-73.29615939552792,10.474488293009639],[-73.2961423528086,10.47465445084364],[-73.29610783375146,10.474651870238041],[-73.29612335701195,10.474485984770455],[-73.29615939552792,10.474488293009639]]]}},
{"type":"Feature","properties":{"cons":"0515","motivo":"sin_npn"},"geometry":{"type":"Polygon","coordinates":[[[-73.29622230891675,10.474492322553859],[-73.2962083249962,10.474659382838984],[-73.29614235280859,10.47465445084364],[-73.2961593955279,10.474488293009639],[-73.29622230891675,10.474492322553859]]]}},
{"type":"Feature","properties":{"cons":"0514","motivo":"sin_npn"},"geometry":{"type":"Polygon","coordinates":[[[-73.29628522230689,10.474496352085566],[-73.29628618338272,10.474660480175318],[-73.2962083249962,10.474659382838984],[-73.29622230891675,10.474492322553859],[-73.29628522230689,10.474496352085566]]]}},
{"type":"Feature","properties":{"cons":"0512","motivo":"sin_npn"},"geometry":{"type":"Polygon","coordinates":[[[-73.29636820837337,10.474661704005248],[-73.29636609313559,10.474501723681065],[-73.29642990310869,10.474505962047141],[-73.29645752462457,10.474607981171266],[-73.29644234748743,10.474671912607775],[-73.29636820837337,10.474661704005248]]]}},
{"type":"Feature","properties":{"cons":"0501","motivo":"sin_npn"},"geometry":{"type":"Polygon","coordinates":[[[-73.29580441888763,10.474279620446309],[-73.295765807493,10.474436553397377],[-73.29573115463089,10.474431483568393],[-73.29577473534849,10.474270610565876],[-73.29580441888763,10.474279620446309]]]}},
{"type":"Feature","properties":{"cons":"0502","motivo":"sin_npn"},"geometry":{"type":"Polygon","coordinates":[[[-73.29587473250331,10.474300962809599],[-73.29584380586935,10.47444934105278],[-73.295765807493,10.474436553397377],[-73.29580441888763,10.474279620446309],[-73.29587473250331,10.474300962809599]]]}},
{"type":"Feature","properties":{"cons":"0503","motivo":"sin_npn"},"geometry":{"type":"Polygon","coordinates":[[[-73.29594435330608,10.474322094864323],[-73.295925203221,10.474396781161078],[-73.29591559622833,10.474460176899257],[-73.29584380586932,10.47444934105278],[-73.2958747325033,10.474300962809599],[-73.29594435330608,10.474322094864323]]]}},
{"type":"Feature","properties":{"cons":"0504","motivo":"sin_npn"},"geometry":{"type":"Polygon","coordinates":[[[-73.29599039179271,10.474333324863006],[-73.29596336253074,10.474467111072068],[-73.29591559622833,10.474460176899257],[-73.295925203221,10.474396781161078],[-73.29594435330608,10.474322094864323],[-73.29599039179271,10.474333324863006]]]}},
{"type":"Feature","properties":{"cons":"0505","motivo":"sin_npn"},"geometry":{"type":"Polygon","coordinates":[[[-73.29603647308987,10.47434440877785],[-73.29601533064834,10.47447465520843],[-73.29596336253074,10.474467111072068],[-73.2959903917927,10.474333324863006],[-73.29603647308987,10.47434440877785]]]}},
{"type":"Feature","properties":{"cons":"0506","motivo":"sin_npn"},"geometry":{"type":"Polygon","coordinates":[[[-73.29608904365877,10.474353174462017],[-73.2960697018939,10.474482548193862],[-73.29601533064834,10.47447465520843],[-73.29603647308987,10.47434440877785],[-73.29608904365877,10.474353174462017]]]}},
{"type":"Feature","properties":{"cons":"0507","motivo":"sin_npn"},"geometry":{"type":"Polygon","coordinates":[[[-73.29613725681118,10.474361213576845],[-73.29612127572662,10.474485851465623],[-73.2960697018939,10.474482548193862],[-73.29608904365875,10.474353174462017],[-73.29613725681118,10.474361213576845]]]}},
{"type":"Feature","properties":{"cons":"0508","motivo":"sin_npn"},"geometry":{"type":"Polygon","coordinates":[[[-73.29619563209994,10.474370947127237],[-73.2961850772055,10.474489937898788],[-73.2961212757266,10.474485851465623],[-73.29613725681116,10.474361213576845],[-73.29619563209994,10.474370947127237]]]}},
{"type":"Feature","properties":{"cons":"0509","motivo":"sin_npn"},"geometry":{"type":"Polygon","coordinates":[[[-73.29625189113843,10.47437800074152],[-73.29623779294286,10.474493314289424],[-73.2961850772055,10.474489937898788],[-73.29619563209994,10.474370947127237],[-73.29625189113843,10.47437800074152]]]}},
{"type":"Feature","properties":{"cons":"0510","motivo":"sin_npn"},"geometry":{"type":"Polygon","coordinates":[[[-73.29623779294286,10.474493314289424],[-73.29625189113843,10.47437800074152],[-73.29629992499594,10.474382765487352],[-73.2962934755516,10.474496900282862],[-73.29623779294286,10.474493314289424]]]}},
{"type":"Feature","properties":{"cons":"0524","motivo":"sin_npn"},"geometry":{"type":"Polygon","coordinates":[[[-73.29630247672726,10.474338596855356],[-73.29630118823108,10.474205419078237],[-73.29637080351368,10.474216453970728],[-73.29636883899774,10.47434549406046],[-73.29630247672726,10.474338596855356]]]}},
{"type":"Feature","properties":{"cons":"0544","motivo":"sin_npn"},"geometry":{"type":"Polygon","coordinates":[[[-73.29627325334272,10.47420099104469],[-73.29629539702407,10.474059120095882],[-73.29637310768037,10.474065103765808],[-73.29637080351368,10.474216453970728],[-73.29627325334272,10.47420099104469]]]}},
{"type":"Feature","properties":{"cons":"0533","motivo":"sin_npn"},"geometry":{"type":"Polygon","coordinates":[[[-73.29579823667122,10.474108815196379],[-73.29576501672648,10.474215719002963],[-73.29568590271741,10.474192332188315],[-73.29568877834754,10.474184256179658],[-73.29567841329926,10.47418131542057],[-73.29572470277262,10.474077190968837],[-73.29579823667122,10.474108815196379]]]}},
{"type":"Feature","properties":{"cons":"0536","motivo":"sin_npn"},"geometry":{"type":"Polygon","coordinates":[[[-73.2958871392931,10.473889106429127],[-73.2958541507896,10.47397966418243],[-73.29578092358433,10.473950726669507],[-73.29581855073909,10.473866087279543],[-73.2958871392931,10.473889106429127]]]}},
{"type":"Feature","properties":{"cons":"0534","motivo":"sin_npn"},"geometry":{"type":"Polygon","coordinates":[[[-73.29572470277265,10.474077190968794],[-73.29575611322744,10.47400653563179],[-73.29589745575528,10.474077989065833],[-73.29587177058433,10.47414043940648],[-73.29572470277265,10.474077190968794]]]}},
{"type":"Feature","properties":{"cons":"0532","motivo":"sin_npn"},"geometry":{"type":"Polygon","coordinates":[[[-73.29587177058433,10.47414043940648],[-73.29584092101967,10.474233902032328],[-73.29576501672648,10.474215719002963],[-73.29579823667122,10.474108815196379],[-73.29587177058433,10.47414043940648]]]}},
{"type":"Feature","properties":{"cons":"0535","motivo":"sin_npn"},"geometry":{"type":"Polygon","coordinates":[[[-73.29578092358433,10.473950726669507],[-73.29592192266949,10.474006445870694],[-73.29589745575528,10.474077989065833],[-73.29575611322744,10.47400653563179],[-73.29578092358433,10.473950726669507]]]}},
{"type":"Feature","properties":{"cons":"0537","motivo":"sin_npn"},"geometry":{"type":"Polygon","coordinates":[[[-73.2958541507896,10.47397966418243],[-73.2958871392931,10.473889106429127],[-73.2959512669285,10.473918849356561],[-73.29592192266949,10.474006445870694],[-73.2958541507896,10.47397966418243]]]}},
{"type":"Feature","properties":{"cons":"0531","motivo":"sin_npn"},"geometry":{"type":"Polygon","coordinates":[[[-73.29595292470711,10.474104694781166],[-73.29592316978163,10.474250757330354],[-73.29584092101966,10.474233902032328],[-73.29587177058433,10.47414043940648],[-73.29589745575527,10.474077989065833],[-73.29595292470711,10.474104694781166]]]}},
{"type":"Feature","properties":{"cons":"0530","motivo":"sin_npn"},"geometry":{"type":"Polygon","coordinates":[[[-73.29601462890783,10.474128870515004],[-73.29597823270241,10.474266379661923],[-73.29592316978163,10.474250757330354],[-73.29595292470711,10.474104694781166],[-73.29601462890783,10.474128870515004]]]}},
{"type":"Feature","properties":{"cons":"0529","motivo":"sin_npn"},"geometry":{"type":"Polygon","coordinates":[[[-73.29608213186748,10.474155325493971],[-73.29605745435443,10.474295409289066],[-73.29597570702738,10.474281104536084],[-73.29601462890781,10.474128870515004],[-73.29608213186748,10.474155325493971]]]}},
{"type":"Feature","properties":{"cons":"0528","motivo":"sin_npn"},"geometry":{"type":"Polygon","coordinates":[[[-73.29613204962385,10.474166889445932],[-73.2961062085187,10.47430361428218],[-73.29605745435443,10.474295409289066],[-73.29608213186748,10.474155325493971],[-73.29613204962385,10.474166889445932]]]}},
{"type":"Feature","properties":{"cons":"0526","motivo":"sin_npn"},"geometry":{"type":"Polygon","coordinates":[[[-73.29624271049741,10.474193339988597],[-73.29623770506626,10.474328146282351],[-73.29615722178907,10.474312265042263],[-73.29618196738372,10.474178453389962],[-73.29624271049741,10.474193339988597]]]}},
{"type":"Feature","properties":{"cons":"0525","motivo":"sin_npn"},"geometry":{"type":"Polygon","coordinates":[[[-73.29630118823108,10.474205419078237],[-73.29630247672726,10.474338596855356],[-73.29623770506626,10.474328146282351],[-73.29624271049741,10.474193339988597],[-73.29630118823108,10.474205419078237]]]}},
{"type":"Feature","properties":{"cons":"0538","motivo":"sin_npn"},"geometry":{"type":"Polygon","coordinates":[[[-73.29599817649607,10.473968479322899],[-73.29595652991819,10.474106107304939],[-73.29589745575528,10.474077989065833],[-73.29594041454564,10.47395237413782],[-73.29599817649607,10.473968479322899]]]}},
{"type":"Feature","properties":{"cons":"0539","motivo":"sin_npn"},"geometry":{"type":"Polygon","coordinates":[[[-73.29606186126762,10.473974389092815],[-73.29601462890781,10.474128870515004],[-73.29595652991819,10.474106107304939],[-73.29600330205031,10.473953512640986],[-73.29606186126762,10.473974389092815]]]}},
{"type":"Feature","properties":{"cons":"0540","motivo":"sin_npn"},"geometry":{"type":"Polygon","coordinates":[[[-73.296118834485,10.473994700120015],[-73.29608213186748,10.474155325493971],[-73.29601462890781,10.474128870515004],[-73.2960618612676,10.473974389092815],[-73.296118834485,10.473994700120015]]]}},
{"type":"Feature","properties":{"cons":"0541","motivo":"sin_npn"},"geometry":{"type":"Polygon","coordinates":[[[-73.29618776551243,10.474036845280741],[-73.29615033408461,10.474171125223572],[-73.29608213186748,10.474155325493971],[-73.29611190399524,10.474019244109108],[-73.29618776551243,10.474036845280741]]]}},
{"type":"Feature","properties":{"cons":"0542","motivo":"sin_npn"},"geometry":{"type":"Polygon","coordinates":[[[-73.29623350012382,10.474047456484392],[-73.29619946512071,10.474182506912152],[-73.2961503340846,10.474171125223572],[-73.29618776551241,10.474036845280741],[-73.29623350012382,10.474047456484392]]]}},
{"type":"Feature","properties":{"cons":"0543","motivo":"sin_npn"},"geometry":{"type":"Polygon","coordinates":[[[-73.29629539702407,10.474059120095882],[-73.29627325334272,10.47420099104469],[-73.29619946512071,10.474182506912152],[-73.29623350012379,10.474047456484392],[-73.29629539702407,10.474059120095882]]]}},
{"type":"Feature","properties":{"cons":"0527","motivo":"sin_npn"},"geometry":{"type":"Polygon","coordinates":[[[-73.2961062085187,10.47430361428218],[-73.29613204962385,10.474166889445932],[-73.29618196738372,10.474178453389962],[-73.29615722178907,10.474312265042263],[-73.2961062085187,10.47430361428218]]]}},
{"type":"Feature","properties":{"cons":"0554","motivo":"sin_npn"},"geometry":{"type":"Polygon","coordinates":[[[-73.29653552148166,10.473933097779348],[-73.29638789558206,10.47391609125271],[-73.29640031853037,10.473817301113005],[-73.29654219736939,10.473831589918158],[-73.29653552148166,10.473933097779348]]]}},
{"type":"Feature","properties":{"cons":"0545","motivo":"sin_npn"},"geometry":{"type":"Polygon","coordinates":[[[-73.29657818963227,10.474215182338893],[-73.29647479041645,10.47421587710144],[-73.29646976017698,10.474012998192839],[-73.29657921064467,10.474017085611285],[-73.29657818963227,10.474215182338893]]]}},
{"type":"Feature","properties":{"cons":"0546","motivo":"sin_npn"},"geometry":{"type":"Polygon","coordinates":[[[-73.29597462968894,10.473781006296692],[-73.29596078451848,10.473886953672077],[-73.29591914962002,10.473852041325022],[-73.29593601197497,10.47377972966831],[-73.29597462968894,10.473781006296692]]]}},
{"type":"Feature","properties":{"cons":"0547","motivo":"sin_npn"},"geometry":{"type":"Polygon","coordinates":[[[-73.2960243916216,10.473782684985498],[-73.2960067635567,10.473911807566695],[-73.29596078451848,10.473886953672077],[-73.29597462968891,10.473781006296692],[-73.2960243916216,10.473782684985498]]]}},
{"type":"Feature","properties":{"cons":"0548","motivo":"sin_npn"},"geometry":{"type":"Polygon","coordinates":[[[-73.29608828048416,10.473791198574725],[-73.29606763392835,10.473934522570636],[-73.2960067635567,10.473911807566695],[-73.2960243916216,10.473782684985498],[-73.29608828048416,10.473791198574725]]]}},
{"type":"Feature","properties":{"cons":"0549","motivo":"sin_npn"},"geometry":{"type":"Polygon","coordinates":[[[-73.29614161975192,10.4737983306962],[-73.29612168715516,10.473970115070063],[-73.29610403008408,10.47394810452125],[-73.29606763392835,10.473934522570636],[-73.29608828048416,10.473791198574725],[-73.29614161975192,10.4737983306962]]]}},
{"type":"Feature","properties":{"cons":"0550","motivo":"sin_npn"},"geometry":{"type":"Polygon","coordinates":[[[-73.29618413211746,10.473802331252113],[-73.29616568003163,10.47398489113524],[-73.29612168715515,10.473970115070063],[-73.29614161975192,10.4737983306962],[-73.29618413211746,10.473802331252113]]]}},
{"type":"Feature","properties":{"cons":"0551","motivo":"sin_npn"},"geometry":{"type":"Polygon","coordinates":[[[-73.29625119698932,10.473808642269288],[-73.29623371730581,10.47399490447693],[-73.29616568003163,10.47398489113524],[-73.29618413211746,10.473802331252113],[-73.29625119698932,10.473808642269288]]]}},
{"type":"Feature","properties":{"cons":"0552","motivo":"sin_npn"},"geometry":{"type":"Polygon","coordinates":[[[-73.29631743541616,10.47381248845731],[-73.29629675180193,10.474006977908047],[-73.29623372276187,10.47400064984801],[-73.29625119698932,10.473808642269288],[-73.29631743541616,10.47381248845731]]]}},
{"type":"Feature","properties":{"cons":"0553","motivo":"sin_npn"},"geometry":{"type":"Polygon","coordinates":[[[-73.29640031853037,10.473817301113005],[-73.29637547262678,10.47401488139154],[-73.29629675180193,10.474006977908047],[-73.29631743541616,10.47381248845731],[-73.29640031853037,10.473817301113005]]]}},
{"type":"Feature","properties":{"cons":"0555","motivo":"sin_npn"},"geometry":{"type":"Polygon","coordinates":[[[-73.29638789558206,10.47391609125271],[-73.29645823653736,10.47392550923697],[-73.29644623514318,10.474022473631578],[-73.29637547262678,10.47401488139154],[-73.29638789558206,10.47391609125271]]]}},
{"type":"Feature","properties":{"cons":"0563","motivo":"sin_npn"},"geometry":{"type":"Polygon","coordinates":[[[-73.29610572020714,10.47358611192147],[-73.29607786996509,10.47374581032978],[-73.29600290724528,10.473735502614684],[-73.29603879590042,10.473570078256566],[-73.29610572020714,10.47358611192147]]]}},
{"type":"Feature","properties":{"cons":"0577","motivo":"sin_npn"},"geometry":{"type":"Polygon","coordinates":[[[-73.29643300456017,10.473616114988921],[-73.29643550526183,10.473488604663245],[-73.29649800298627,10.473489571718941],[-73.29649812272314,10.473615550951136],[-73.29643300456017,10.473616114988921]]]}},
{"type":"Feature","properties":{"cons":"0565","motivo":"sin_npn"},"geometry":{"type":"Polygon","coordinates":[[[-73.29592967395745,10.473595075239013],[-73.29602819469079,10.47362373991764],[-73.2960158728104,10.473678198831973],[-73.29590758407767,10.473651190340927],[-73.29592967395745,10.473595075239013]]]}},
{"type":"Feature","properties":{"cons":"0564","motivo":"sin_npn"},"geometry":{"type":"Polygon","coordinates":[[[-73.29590758407768,10.473651190340927],[-73.29601587281043,10.473678198831973],[-73.29600290724528,10.473735502614684],[-73.29588290204528,10.473719001315283],[-73.29590758407768,10.473651190340927]]]}},
{"type":"Feature","properties":{"cons":"0566","motivo":"sin_npn"},"geometry":{"type":"Polygon","coordinates":[[[-73.29592967395745,10.473595075239013],[-73.29595227634174,10.473546635402442],[-73.29603879590042,10.473570078256566],[-73.29602819469079,10.47362373991764],[-73.29592967395745,10.473595075239013]]]}},
{"type":"Feature","properties":{"cons":"0567","motivo":"sin_npn"},"geometry":{"type":"Polygon","coordinates":[[[-73.2960165709675,10.473455352752648],[-73.29599076143528,10.473557102753707],[-73.29595227634178,10.47354663540244],[-73.29597909015801,10.473447263346443],[-73.2960165709675,10.473455352752648]]]}},
{"type":"Feature","properties":{"cons":"0568","motivo":"sin_npn"},"geometry":{"type":"Polygon","coordinates":[[[-73.29606309640754,10.473465394236138],[-73.29603879590042,10.473570078256532],[-73.29599076143528,10.473557102753707],[-73.2960165709675,10.473455352752648],[-73.29606309640754,10.473465394236138]]]}},
{"type":"Feature","properties":{"cons":"0569","motivo":"sin_npn"},"geometry":{"type":"Polygon","coordinates":[[[-73.29611118067776,10.473475772150666],[-73.29608669181498,10.47358155311809],[-73.29603879590042,10.473570078256532],[-73.29606309640754,10.473465394236138],[-73.29611118067776,10.473475772150666]]]}},
{"type":"Feature","properties":{"cons":"0570","motivo":"sin_npn"},"geometry":{"type":"Polygon","coordinates":[[[-73.29615046567454,10.473480207479918],[-73.29613947260049,10.473590291263019],[-73.29608669181498,10.47358155311809],[-73.29611118067776,10.473475772150666],[-73.29615046567454,10.473480207479918]]]}},
{"type":"Feature","properties":{"cons":"0571","motivo":"sin_npn"},"geometry":{"type":"Polygon","coordinates":[[[-73.29619773203255,10.473485381659746],[-73.29618394614477,10.473595798129997],[-73.29613947260049,10.473590291263019],[-73.29615046567453,10.473480207479918],[-73.29619773203255,10.473485381659746]]]}},
{"type":"Feature","properties":{"cons":"0572","motivo":"sin_npn"},"geometry":{"type":"Polygon","coordinates":[[[-73.29623508058052,10.473489305338102],[-73.2962275064401,10.473599514439226],[-73.29618394614475,10.473595798129997],[-73.29619773203252,10.473485381659746],[-73.29623508058052,10.473489305338102]]]}},
{"type":"Feature","properties":{"cons":"0573","motivo":"sin_npn"},"geometry":{"type":"Polygon","coordinates":[[[-73.2962739295304,10.473488224315256],[-73.29626718333718,10.473601402446121],[-73.29622750644008,10.473599514439226],[-73.29623508058052,10.473489305338102],[-73.2962739295304,10.473488224315256]]]}},
{"type":"Feature","properties":{"cons":"0574","motivo":"sin_npn"},"geometry":{"type":"Polygon","coordinates":[[[-73.29632131632985,10.473486905709139],[-73.29632478053446,10.473606512786453],[-73.29626718333718,10.473601402446121],[-73.29627392953039,10.473488224315256],[-73.29632131632985,10.473486905709139]]]}},
{"type":"Feature","properties":{"cons":"0575","motivo":"sin_npn"},"geometry":{"type":"Polygon","coordinates":[[[-73.29637619369356,10.473487686897016],[-73.29638276032314,10.473611657061667],[-73.29632478053446,10.473606512786453],[-73.29632131632985,10.473486905709139],[-73.29637619369356,10.473487686897016]]]}},
{"type":"Feature","properties":{"cons":"0576","motivo":"sin_npn"},"geometry":{"type":"Polygon","coordinates":[[[-73.29643550526183,10.473488604663245],[-73.29643300456017,10.473616114988921],[-73.29638276032313,10.473611657061667],[-73.29637619369355,10.473487686897043],[-73.29643550526183,10.473488604663245]]]}},
{"type":"Feature","properties":{"cons":"0556","motivo":"sin_npn"},"geometry":{"type":"Polygon","coordinates":[[[-73.29642268591203,10.47376354692499],[-73.29643376317607,10.473662427704244],[-73.29643300456014,10.473616114988921],[-73.29649812272314,10.473615550951136],[-73.29649729807413,10.473765829214972],[-73.29642268591203,10.47376354692499]]]}},
{"type":"Feature","properties":{"cons":"0557","motivo":"sin_npn"},"geometry":{"type":"Polygon","coordinates":[[[-73.29638059973989,10.473762162789672],[-73.29639344000915,10.473612604619078],[-73.29643300456014,10.473616114988921],[-73.29643376317607,10.473662427704244],[-73.29642268591203,10.47376354692499],[-73.29638059973989,10.473762162789672]]]}},
{"type":"Feature","properties":{"cons":"0558","motivo":"sin_npn"},"geometry":{"type":"Polygon","coordinates":[[[-73.29633346136804,10.473760608933075],[-73.29633764770708,10.473607654431392],[-73.29639344000915,10.473612604619078],[-73.29638059973986,10.473762162789672],[-73.29633346136804,10.473760608933075]]]}},
{"type":"Feature","properties":{"cons":"0559","motivo":"sin_npn"},"geometry":{"type":"Polygon","coordinates":[[[-73.29626048687358,10.473758203407657],[-73.29626718333718,10.473601402446121],[-73.29633764770706,10.473607654431392],[-73.29633346136804,10.473760608933075],[-73.29626048687358,10.473758203407657]]]}},
{"type":"Feature","properties":{"cons":"0560","motivo":"sin_npn"},"geometry":{"type":"Polygon","coordinates":[[[-73.29619656429597,10.473756096255082],[-73.29620550355101,10.473598467439711],[-73.29626718333718,10.473601402446121],[-73.29626048687358,10.473758203407657],[-73.29619656429597,10.473756096255082]]]}},
{"type":"Feature","properties":{"cons":"0561","motivo":"sin_npn"},"geometry":{"type":"Polygon","coordinates":[[[-73.29613883463408,10.473754193235576],[-73.29615151144591,10.473591781954825],[-73.29620550355101,10.473598467439711],[-73.29619656429597,10.473756096255082],[-73.29613883463408,10.473754193235576]]]}},
{"type":"Feature","properties":{"cons":"0562","motivo":"sin_npn"},"geometry":{"type":"Polygon","coordinates":[[[-73.29607786996509,10.47374581032978],[-73.29610572020714,10.47358611192147],[-73.29615151144591,10.473591781954825],[-73.29613883463408,10.473754193235576],[-73.29607786996509,10.47374581032978]]]}},
{"type":"Feature","properties":{"cons":"0578","motivo":"sin_npn"},"geometry":{"type":"Polygon","coordinates":[[[-73.29644866102042,10.473450135754257],[-73.29644967350947,10.473339271386036],[-73.2965627293352,10.473342322104967],[-73.29656448802052,10.473452336428636],[-73.29644866102042,10.473450135754257]]]}},
{"type":"Feature","properties":{"cons":"0586","motivo":"sin_npn"},"geometry":{"type":"Polygon","coordinates":[[[-73.29607339673902,10.473267209404886],[-73.29616956105791,10.473291617584618],[-73.29615417539388,10.473346668197973],[-73.29613918807839,10.473355778981382],[-73.296053314584,10.473338820255075],[-73.29607339673902,10.473267209404886]]]}},
{"type":"Feature","properties":{"cons":"0584","motivo":"sin_npn"},"geometry":{"type":"Polygon","coordinates":[[[-73.29604391710053,10.473372330680427],[-73.2961332404123,10.47339130491406],[-73.29612633146512,10.473432572653852],[-73.29603161309238,10.473416205452452],[-73.29604391710053,10.473372330680427]]]}},
{"type":"Feature","properties":{"cons":"0585","motivo":"sin_npn"},"geometry":{"type":"Polygon","coordinates":[[[-73.296053314584,10.473338820255075],[-73.29613918807839,10.473355778981382],[-73.29613324041229,10.47339130491406],[-73.29604391710052,10.473372330680427],[-73.296053314584,10.473338820255075]]]}},
{"type":"Feature","properties":{"cons":"0587","motivo":"sin_npn"},"geometry":{"type":"Polygon","coordinates":[[[-73.29608207247944,10.473269411460345],[-73.29609619384188,10.473211520563957],[-73.29618494671676,10.473236566970481],[-73.29616956105791,10.473291617584618],[-73.29608207247944,10.473269411460345]]]}},
{"type":"Feature","properties":{"cons":"0593","motivo":"sin_npn"},"geometry":{"type":"Polygon","coordinates":[[[-73.29644967350947,10.473339271386036],[-73.29644597844556,10.473278521202078],[-73.29656191638864,10.47329146828775],[-73.2965627293352,10.473342322104967],[-73.29644967350947,10.473339271386036]]]}},
{"type":"Feature","properties":{"cons":"0583","motivo":"sin_npn"},"geometry":{"type":"Polygon","coordinates":[[[-73.2961929410931,10.473348330343372],[-73.29618174276489,10.473441052128852],[-73.29612633146512,10.473432572653852],[-73.29613918807839,10.473355778981382],[-73.29615417539388,10.473346668197973],[-73.2961929410931,10.473348330343372]]]}},
{"type":"Feature","properties":{"cons":"0582","motivo":"sin_npn"},"geometry":{"type":"Polygon","coordinates":[[[-73.29622794886606,10.473349831357162],[-73.29622631181009,10.473443866681901],[-73.29618174276489,10.473441052128852],[-73.2961929410931,10.473348330343372],[-73.29622794886606,10.473349831357162]]]}},
{"type":"Feature","properties":{"cons":"0581","motivo":"sin_npn"},"geometry":{"type":"Polygon","coordinates":[[[-73.29627879244286,10.47334325236405],[-73.29627433624982,10.473446823562222],[-73.29622631181007,10.473443866681901],[-73.29622758094615,10.473344445408951],[-73.29627879244286,10.47334325236405]]]}},
{"type":"Feature","properties":{"cons":"0580","motivo":"sin_npn"},"geometry":{"type":"Polygon","coordinates":[[[-73.29635717407585,10.473341426336082],[-73.29635508009095,10.47344835771699],[-73.29627433624982,10.473446823562222],[-73.29627879244285,10.47334325236405],[-73.29635717407585,10.473341426336082]]]}},
{"type":"Feature","properties":{"cons":"0588","motivo":"sin_npn"},"geometry":{"type":"Polygon","coordinates":[[[-73.29622300752466,10.473247307869611],[-73.2961929410931,10.473348330343372],[-73.29615417539388,10.473346668197973],[-73.29618494671676,10.473236566970481],[-73.29622300752466,10.473247307869611]]]}},
{"type":"Feature","properties":{"cons":"0589","motivo":"sin_npn"},"geometry":{"type":"Polygon","coordinates":[[[-73.29626141467497,10.473257910405568],[-73.29624614367128,10.473344012964736],[-73.29622758094615,10.473344445408951],[-73.29622794886606,10.473349831357162],[-73.2961929410931,10.473348330343372],[-73.29622300752466,10.473247307869611],[-73.29626141467497,10.473257910405568]]]}},
{"type":"Feature","properties":{"cons":"0590","motivo":"sin_npn"},"geometry":{"type":"Polygon","coordinates":[[[-73.29631120628791,10.473263470796981],[-73.29630556840078,10.473342628576594],[-73.29624614367127,10.473344012964736],[-73.29626141467497,10.473257910405568],[-73.29631120628791,10.473263470796981]]]}},
{"type":"Feature","properties":{"cons":"0591","motivo":"sin_npn"},"geometry":{"type":"Polygon","coordinates":[[[-73.29636051880028,10.473268977677762],[-73.29636269179628,10.47334129779104],[-73.29630556840075,10.473342628576594],[-73.29631120628791,10.473263470796981],[-73.29636051880028,10.473268977677762]]]}},
{"type":"Feature","properties":{"cons":"0592","motivo":"sin_npn"},"geometry":{"type":"Polygon","coordinates":[[[-73.29644597844556,10.473278521202078],[-73.29644967350947,10.473339271386036],[-73.29636269179626,10.47334129779104],[-73.29636051880027,10.473268977677762],[-73.29644597844556,10.473278521202078]]]}},
{"type":"Feature","properties":{"cons":"0579","motivo":"sin_npn"},"geometry":{"type":"Polygon","coordinates":[[[-73.29644967350947,10.473339271386036],[-73.29644866102042,10.473450135754257],[-73.29635508009092,10.47344835771699],[-73.29635717407584,10.473341426336082],[-73.29644967350947,10.473339271386036]]]}},
{"type":"Feature","properties":{"cons":"0599","motivo":"sin_npn"},"geometry":{"type":"Polygon","coordinates":[[[-73.29647453780319,10.473132087288667],[-73.296466914685,10.473249697936804],[-73.29635829323517,10.473227209882307],[-73.29637267151998,10.473120050046882],[-73.29647453780319,10.473132087288667]]]}},
{"type":"Feature","properties":{"cons":"0594","motivo":"sin_npn"},"geometry":{"type":"Polygon","coordinates":[[[-73.29603613951707,10.473084039112312],[-73.29602870228982,10.473148614233164],[-73.29596093373243,10.47313493521608],[-73.29596754945901,10.473078077894836],[-73.29603613951707,10.473084039112312]]]}},
{"type":"Feature","properties":{"cons":"0595","motivo":"sin_npn"},"geometry":{"type":"Polygon","coordinates":[[[-73.29610434854891,10.473089967199515],[-73.29609227421297,10.473163074988204],[-73.29602870228982,10.473148614233164],[-73.29603613951706,10.473084039112312],[-73.29610434854891,10.473089967199515]]]}},
{"type":"Feature","properties":{"cons":"0596","motivo":"sin_npn"},"geometry":{"type":"Polygon","coordinates":[[[-73.29621027962604,10.473099173702508],[-73.29618567799395,10.473185483150832],[-73.29609227421294,10.473163074988204],[-73.29610434854888,10.473089967199515],[-73.29621027962604,10.473099173702508]]]}},
{"type":"Feature","properties":{"cons":"0597","motivo":"sin_npn"},"geometry":{"type":"Polygon","coordinates":[[[-73.2962986511745,10.473110526753139],[-73.29628299499937,10.473209007080408],[-73.29618567799393,10.473185483150832],[-73.29621027962604,10.473099173702508],[-73.2962986511745,10.473110526753139]]]}},
{"type":"Feature","properties":{"cons":"0598","motivo":"sin_npn"},"geometry":{"type":"Polygon","coordinates":[[[-73.29637267151999,10.473120050046882],[-73.29635829323517,10.473227209882307],[-73.29628299499937,10.473209007080408],[-73.2962986511745,10.473110526753139],[-73.29637267151999,10.473120050046882]]]}},
{"type":"Feature","properties":{"cons":"0600","motivo":"sin_npn"},"geometry":{"type":"Polygon","coordinates":[[[-73.296466914685,10.473249697936804],[-73.29647453780319,10.473132087288667],[-73.29655775514854,10.473141920814841],[-73.29656549591891,10.473270107315894],[-73.296466914685,10.473249697936804]]]}},
{"type":"Feature","properties":{"cons":"0619","motivo":"sin_npn"},"geometry":{"type":"Polygon","coordinates":[[[-73.29502684731524,10.47614803750364],[-73.29511496579391,10.47614081940519],[-73.29511754443078,10.47619150058174],[-73.29502694849414,10.476194409803812],[-73.29502684731524,10.47614803750364]]]}},
{"type":"Feature","properties":{"cons":"0601","motivo":"sin_npn"},"geometry":{"type":"Polygon","coordinates":[[[-73.29505780759744,10.477273585311968],[-73.29514166442647,10.477269623819792],[-73.29512853125692,10.477394408041166],[-73.2950656635725,10.477396205890612],[-73.29505780759744,10.477273585311968]]]}},
{"type":"Feature","properties":{"cons":"0602","motivo":"sin_npn"},"geometry":{"type":"Polygon","coordinates":[[[-73.2950612441803,10.477208168018084],[-73.2951407085166,10.477207134737734],[-73.29514166442644,10.477269623819792],[-73.29506399938039,10.477273397636136],[-73.2950612441803,10.477208168018084]]]}},
{"type":"Feature","properties":{"cons":"0603","motivo":"sin_npn"},"geometry":{"type":"Polygon","coordinates":[[[-73.2950593099929,10.477162375929566],[-73.29513986833251,10.477161764519257],[-73.2951407085166,10.477207134737734],[-73.29506124418027,10.477208168018084],[-73.2950593099929,10.477162375929566]]]}},
{"type":"Feature","properties":{"cons":"0604","motivo":"sin_npn"},"geometry":{"type":"Polygon","coordinates":[[[-73.29505672497147,10.477104765791584],[-73.29513879084192,10.477102197511183],[-73.29513986833248,10.477161764519257],[-73.29505930999288,10.477162375929566],[-73.29505672497147,10.477104765791584]]]}},
{"type":"Feature","properties":{"cons":"0605","motivo":"sin_npn"},"geometry":{"type":"Polygon","coordinates":[[[-73.29505133332815,10.47702420886826],[-73.29514059364632,10.477022250819985],[-73.29513879084192,10.477102197511183],[-73.29505672497147,10.477104765791584],[-73.29505133332815,10.47702420886826]]]}},
{"type":"Feature","properties":{"cons":"0606","motivo":"sin_npn"},"geometry":{"type":"Polygon","coordinates":[[[-73.29504891712762,10.476988108229207],[-73.29514145027557,10.476984262959224],[-73.29514059364631,10.477022250819985],[-73.29505133332812,10.47702420886826],[-73.29504891712762,10.476988108229207]]]}},
{"type":"Feature","properties":{"cons":"0607","motivo":"sin_npn"},"geometry":{"type":"Polygon","coordinates":[[[-73.29505036092974,10.476916694754337],[-73.29514629856035,10.476914430396187],[-73.29514145027555,10.476984262959224],[-73.29504891712762,10.476988108229207],[-73.29505036092974,10.476916694754337]]]}},
{"type":"Feature","properties":{"cons":"0608","motivo":"sin_npn"},"geometry":{"type":"Polygon","coordinates":[[[-73.29505129246894,10.476870618869777],[-73.29515214552372,10.476865249698365],[-73.29514629856034,10.476914430396187],[-73.29505036092974,10.476916694754337],[-73.29505129246894,10.476870618869777]]]}},
{"type":"Feature","properties":{"cons":"0609","motivo":"sin_npn"},"geometry":{"type":"Polygon","coordinates":[[[-73.29505250924502,10.476810434565165],[-73.29515847789403,10.476811986070489],[-73.29515214552372,10.476865249698365],[-73.29505129246891,10.476870618869777],[-73.29505250924502,10.476810434565165]]]}},
{"type":"Feature","properties":{"cons":"0610","motivo":"sin_npn"},"geometry":{"type":"Polygon","coordinates":[[[-73.29505353833211,10.476759533747531],[-73.29516138722157,10.476765758956939],[-73.295158477894,10.476811986070489],[-73.29505250924502,10.476810434565165],[-73.29505353833211,10.476759533747531]]]}},
{"type":"Feature","properties":{"cons":"0611","motivo":"sin_npn"},"geometry":{"type":"Polygon","coordinates":[[[-73.29505374058849,10.476649942325434],[-73.29516109486778,10.476649937971393],[-73.29516138722155,10.476765758956939],[-73.29505353833211,10.476759533747531],[-73.29505374058849,10.476649942325434]]]}},
{"type":"Feature","properties":{"cons":"0612","motivo":"sin_npn"},"geometry":{"type":"Polygon","coordinates":[[[-73.29504991268134,10.476590069422581],[-73.295105230089,10.476584291772205],[-73.29516055638615,10.47658395075391],[-73.29516109486775,10.476649937971395],[-73.29505374058849,10.476649942325434],[-73.29504991268134,10.476590069422581]]]}},
{"type":"Feature","properties":{"cons":"0613","motivo":"sin_npn"},"geometry":{"type":"Polygon","coordinates":[[[-73.2950467629317,10.47654080366754],[-73.29515672267067,10.476529544291106],[-73.29516055638615,10.47658395075391],[-73.29510523008899,10.476584291772205],[-73.29504991268134,10.476590069422581],[-73.2950467629317,10.47654080366754]]]}},
{"type":"Feature","properties":{"cons":"0614","motivo":"sin_npn"},"geometry":{"type":"Polygon","coordinates":[[[-73.29504213678268,10.476468445271077],[-73.29514415951708,10.476459916915116],[-73.29515672267067,10.476529544291106],[-73.2950467629317,10.47654080366754],[-73.29504213678268,10.476468445271077]]]}},
{"type":"Feature","properties":{"cons":"0615","motivo":"sin_npn"},"geometry":{"type":"Polygon","coordinates":[[[-73.29503340833509,10.476383548539138],[-73.29513167755566,10.476377436034857],[-73.29514415951708,10.476459916915116],[-73.29504213678268,10.476468445271077],[-73.29503340833509,10.476383548539138]]]}},
{"type":"Feature","properties":{"cons":"0616","motivo":"sin_npn"},"geometry":{"type":"Polygon","coordinates":[[[-73.29502646841071,10.476316047734928],[-73.29512463110343,10.476305325083038],[-73.29513167755566,10.476377436034857],[-73.29503340833507,10.476383548539138],[-73.29502646841071,10.476316047734928]]]}},
{"type":"Feature","properties":{"cons":"0617","motivo":"sin_npn"},"geometry":{"type":"Polygon","coordinates":[[[-73.29502676622488,10.47624059103004],[-73.29511990518742,10.47623789946647],[-73.29512463110343,10.476305325083063],[-73.29502646841071,10.476316047734928],[-73.29502676622488,10.47624059103004]]]}},
{"type":"Feature","properties":{"cons":"0618","motivo":"sin_npn"},"geometry":{"type":"Polygon","coordinates":[[[-73.29502694849415,10.476194409803812],[-73.29511754443078,10.47619150058174],[-73.29511990518739,10.47623789946647],[-73.29502676622486,10.47624059103004],[-73.29502694849415,10.476194409803812]]]}},
{"type":"Feature","properties":{"cons":"0620","motivo":"sin_npn"},"geometry":{"type":"Polygon","coordinates":[[[-73.29511496579391,10.47614081940519],[-73.29502684731524,10.47614803750364],[-73.29502674657007,10.476106927314541],[-73.29511289893595,10.476100196844328],[-73.29511496579391,10.47614081940519]]]}},
{"type":"Feature","properties":{"cons":"0627","motivo":"sin_npn"},"geometry":{"type":"Polygon","coordinates":[[[-73.29504640610143,10.475621962014287],[-73.29520445701282,10.475645534548693],[-73.29519660361309,10.475688343088414],[-73.29504075522556,10.475664995241019],[-73.29504640610143,10.475621962014287]]]}},
{"type":"Feature","properties":{"cons":"0621","motivo":"sin_npn"},"geometry":{"type":"Polygon","coordinates":[[[-73.29502220006489,10.475977795029385],[-73.29515706923642,10.475969967558294],[-73.29513851643925,10.476033291335373],[-73.29502388632716,10.47603380669956],[-73.29502220006489,10.475977795029385]]]}},
{"type":"Feature","properties":{"cons":"0622","motivo":"sin_npn"},"geometry":{"type":"Polygon","coordinates":[[[-73.29502020002852,10.475911360853216],[-73.29516228972658,10.475923753858966],[-73.2951570692364,10.475969967558294],[-73.29502220006488,10.475977795029385],[-73.29502020002852,10.475911360853216]]]}},
{"type":"Feature","properties":{"cons":"0623","motivo":"sin_npn"},"geometry":{"type":"Polygon","coordinates":[[[-73.29501805112383,10.47583998174746],[-73.29517056239628,10.475850521118527],[-73.29516228972656,10.475923753858966],[-73.29502020002852,10.475911360853216],[-73.29501805112383,10.47583998174746]]]}},
{"type":"Feature","properties":{"cons":"0624","motivo":"sin_npn"},"geometry":{"type":"Polygon","coordinates":[[[-73.29502586172883,10.475778413929289],[-73.29517680684798,10.475796254343704],[-73.29517056239628,10.475850521118527],[-73.29501805112383,10.47583998174746],[-73.29502586172883,10.475778413929289]]]}},
{"type":"Feature","properties":{"cons":"0625","motivo":"sin_npn"},"geometry":{"type":"Polygon","coordinates":[[[-73.29503592766784,10.475701758628293],[-73.29518887118975,10.475730492180563],[-73.29517680684795,10.475796254343704],[-73.29502586172883,10.475778413929289],[-73.29503592766784,10.475701758628293]]]}},
{"type":"Feature","properties":{"cons":"0626","motivo":"sin_npn"},"geometry":{"type":"Polygon","coordinates":[[[-73.29504075522556,10.475664995241019],[-73.29519660361312,10.475688343088414],[-73.29518887118972,10.475730492180563],[-73.29503592766784,10.475701758628317],[-73.29504075522556,10.475664995241019]]]}},
{"type":"Feature","properties":{"cons":"0628","motivo":"sin_npn"},"geometry":{"type":"Polygon","coordinates":[[[-73.29504640610143,10.475621962014287],[-73.29505082105362,10.475588340734198],[-73.29521110016351,10.475609323015018],[-73.29520445701282,10.475645534548693],[-73.29504640610143,10.475621962014287]]]}},
{"type":"Feature","properties":{"cons":"0632","motivo":"sin_npn"},"geometry":{"type":"Polygon","coordinates":[[[-73.29509147805548,10.475360728633184],[-73.29510239035015,10.47528938538803],[-73.29524862830819,10.475317258526742],[-73.29523874205515,10.475381060756762],[-73.29509147805548,10.475360728633184]]]}},
{"type":"Feature","properties":{"cons":"0629","motivo":"sin_npn"},"geometry":{"type":"Polygon","coordinates":[[[-73.29507457821688,10.475471217647224],[-73.29522162006946,10.475491559678654],[-73.29521005974235,10.475583377023169],[-73.29506020275514,10.475565202546573],[-73.29507457821688,10.475471217647224]]]}},
{"type":"Feature","properties":{"cons":"0630","motivo":"sin_npn"},"geometry":{"type":"Polygon","coordinates":[[[-73.29508369417684,10.475411618659356],[-73.29523065807412,10.475433231769998],[-73.29522162006944,10.475491559678654],[-73.29507457821686,10.475471217647224],[-73.29508369417684,10.475411618659356]]]}},
{"type":"Feature","properties":{"cons":"0631","motivo":"sin_npn"},"geometry":{"type":"Polygon","coordinates":[[[-73.29509147805548,10.475360728633184],[-73.29523874205515,10.475381060756762],[-73.2952306580741,10.475433231769998],[-73.29508369417684,10.475411618659356],[-73.29509147805548,10.475360728633184]]]}},
{"type":"Feature","properties":{"cons":"0634","motivo":"sin_npn"},"geometry":{"type":"Polygon","coordinates":[[[-73.29524215327359,10.475058331973967],[-73.29521508923587,10.47516561463178],[-73.29513327452996,10.475148136799573],[-73.29517500274214,10.475041918148698],[-73.29524215327359,10.475058331973967]]]}},
{"type":"Feature","properties":{"cons":"0637","motivo":"sin_npn"},"geometry":{"type":"Polygon","coordinates":[[[-73.29522375360125,10.474926891187094],[-73.29523899846602,10.474892109610185],[-73.29536859801034,10.474922655362667],[-73.29535036033158,10.474966580409152],[-73.29522375360125,10.474926891187094]]]}},
{"type":"Feature","properties":{"cons":"0636","motivo":"sin_npn"},"geometry":{"type":"Polygon","coordinates":[[[-73.29520657727352,10.474966079439765],[-73.29522375360125,10.474926891187094],[-73.29535036033158,10.474966580409152],[-73.295336013627,10.475001593430829],[-73.29520657727352,10.474966079439765]]]}},
{"type":"Feature","properties":{"cons":"0635","motivo":"sin_npn"},"geometry":{"type":"Polygon","coordinates":[[[-73.29517500274214,10.475041918148698],[-73.29520657727352,10.474966079439765],[-73.29533601362698,10.475001593430829],[-73.29531558816434,10.47507628188748],[-73.29517500274214,10.475041918148698]]]}},
{"type":"Feature","properties":{"cons":"0633","motivo":"sin_npn"},"geometry":{"type":"Polygon","coordinates":[[[-73.29521508923587,10.47516561463178],[-73.29524215327359,10.475058331973967],[-73.29531558816434,10.47507628188748],[-73.29528503364598,10.47518055662963],[-73.29521508923587,10.47516561463178]]]}},
{"type":"Feature","properties":{"cons":"0638","motivo":"sin_npn"},"geometry":{"type":"Polygon","coordinates":[[[-73.29534663113513,10.474636460239886],[-73.29539362018673,10.474652942589175],[-73.29545974319393,10.47468634805829],[-73.29538223418886,10.474889303571123],[-73.29526265914676,10.474846962527046],[-73.29534663113513,10.474636460239886]]]}},
{"type":"Feature","properties":{"cons":"0646","motivo":"sin_npn"},"geometry":{"type":"Polygon","coordinates":[[[-73.2955935675294,10.474185767544764],[-73.29555770113191,10.474287646482646],[-73.29550676134592,10.474268951099349],[-73.29555252229832,10.474166484935415],[-73.2955935675294,10.474185767544764]]]}},
{"type":"Feature","properties":{"cons":"0647","motivo":"sin_npn"},"geometry":{"type":"Polygon","coordinates":[[[-73.29555770113191,10.474287646482646],[-73.2955935675294,10.474185767544764],[-73.29562753571774,10.474201725429445],[-73.29559702806439,10.474302079831677],[-73.29555770113191,10.474287646482646]]]}},
{"type":"Feature","properties":{"cons":"0645","motivo":"sin_npn"},"geometry":{"type":"Polygon","coordinates":[[[-73.29548433835333,10.47431915977539],[-73.29550676134592,10.474268951099349],[-73.29559702806439,10.474302079831677],[-73.29557994644972,10.474358269481861],[-73.29548433835333,10.47431915977539]]]}},
{"type":"Feature","properties":{"cons":"0644","motivo":"sin_npn"},"geometry":{"type":"Polygon","coordinates":[[[-73.29545857193264,10.474372872711637],[-73.29548433835333,10.47431915977539],[-73.29557994644972,10.474358269481861],[-73.29555235517643,10.47441216039214],[-73.29545857193264,10.474372872711637]]]}},
{"type":"Feature","properties":{"cons":"0643","motivo":"sin_npn"},"geometry":{"type":"Polygon","coordinates":[[[-73.29543266543413,10.474430297039712],[-73.29545857193264,10.474372872711637],[-73.29555235517643,10.47441216039214],[-73.29553755198442,10.474459040340419],[-73.29543266543413,10.474430297039712]]]}},
{"type":"Feature","properties":{"cons":"0642","motivo":"sin_npn"},"geometry":{"type":"Polygon","coordinates":[[[-73.29541121538048,10.474479634848619],[-73.29543266543412,10.474430297039712],[-73.29553755198441,10.474459040340419],[-73.29552030098759,10.474513672177586],[-73.29541121538048,10.474479634848619]]]}},
{"type":"Feature","properties":{"cons":"0641","motivo":"sin_npn"},"geometry":{"type":"Polygon","coordinates":[[[-73.29538461674184,10.474544069946205],[-73.29541121538047,10.474479634848619],[-73.29552030098759,10.474513672177586],[-73.29549744060736,10.47458606822922],[-73.29538461674184,10.474544069946205]]]}},
{"type":"Feature","properties":{"cons":"0640","motivo":"sin_npn"},"geometry":{"type":"Polygon","coordinates":[[[-73.29536397457302,10.474594276760724],[-73.29538461674184,10.474544069946205],[-73.29549744060736,10.47458606822922],[-73.29547874888411,10.474642342384861],[-73.29536397457302,10.474594276760724]]]}},
{"type":"Feature","properties":{"cons":"0639","motivo":"sin_npn"},"geometry":{"type":"Polygon","coordinates":[[[-73.29534663113513,10.474636460239886],[-73.29536397457302,10.474594276760724],[-73.29547874888411,10.474642342384861],[-73.29545974319393,10.47468634805829],[-73.29539362018673,10.474652942589175],[-73.29534663113513,10.474636460239886]]]}},
{"type":"Feature","properties":{"cons":"0652","motivo":"sin_npn"},"geometry":{"type":"Polygon","coordinates":[[[-73.29569231416329,10.473925660089225],[-73.29573520786418,10.473823823882332],[-73.29578811382885,10.473838145344113],[-73.29574423242045,10.473949791085191],[-73.29569231416329,10.473925660089225]]]}},
{"type":"Feature","properties":{"cons":"0648","motivo":"sin_npn"},"geometry":{"type":"Polygon","coordinates":[[[-73.29558915511885,10.474073149228188],[-73.29567392093661,10.474100072986857],[-73.29564746998359,10.474161381561354],[-73.29556574767417,10.474129331194973],[-73.29558915511885,10.474073149228188]]]}},
{"type":"Feature","properties":{"cons":"0649","motivo":"sin_npn"},"geometry":{"type":"Polygon","coordinates":[[[-73.29562729854584,10.473981598277232],[-73.29570544420741,10.474018662851897],[-73.29567082372007,10.474098735274795],[-73.29558915511885,10.474073149228188],[-73.29562729854584,10.473981598277232]]]}},
{"type":"Feature","properties":{"cons":"0650","motivo":"sin_npn"},"geometry":{"type":"Polygon","coordinates":[[[-73.29565668536438,10.473909100234941],[-73.29574423242045,10.473949791085191],[-73.2957133064237,10.474020151742666],[-73.29562729854584,10.473981598277232],[-73.29565668536438,10.473909100234941]]]}},
{"type":"Feature","properties":{"cons":"0653","motivo":"sin_npn"},"geometry":{"type":"Polygon","coordinates":[[[-73.29576594864272,10.473652562573776],[-73.29584407177106,10.47367495516783],[-73.2958048794466,10.473778567372985],[-73.29571972045764,10.47375695168474],[-73.29576594864272,10.473652562573776]]]}},
{"type":"Feature","properties":{"cons":"0651","motivo":"sin_npn"},"geometry":{"type":"Polygon","coordinates":[[[-73.29573520786418,10.473823823882332],[-73.29569231416329,10.473925660089225],[-73.29565668536436,10.473909100234941],[-73.29569557451089,10.473813095263875],[-73.29573520786418,10.473823823882332]]]}},
{"type":"Feature","properties":{"cons":"0657","motivo":"sin_npn"},"geometry":{"type":"Polygon","coordinates":[[[-73.29586044146704,10.473534056664407],[-73.29588550431836,10.473454437344795],[-73.29592612404917,10.473467127136734],[-73.29589578737384,10.473549112116205],[-73.29586044146704,10.473534056664407]]]}},
{"type":"Feature","properties":{"cons":"0656","motivo":"sin_npn"},"geometry":{"type":"Polygon","coordinates":[[[-73.29588550431836,10.473454437344795],[-73.29586044146704,10.473534056664407],[-73.29582509556354,10.473519001208587],[-73.29584592634497,10.473448529176931],[-73.29588550431836,10.473454437344795]]]}},
{"type":"Feature","properties":{"cons":"0655","motivo":"sin_npn"},"geometry":{"type":"Polygon","coordinates":[[[-73.29587003293061,10.473618713561343],[-73.29579229554803,10.473593067883256],[-73.29582509556354,10.473519001208587],[-73.29589578737384,10.473549112116205],[-73.29587003293061,10.473618713561343]]]}},
{"type":"Feature","properties":{"cons":"0654","motivo":"sin_npn"},"geometry":{"type":"Polygon","coordinates":[[[-73.29576594864272,10.473652562573776],[-73.29579229554801,10.473593067883256],[-73.29586567858239,10.473617999434838],[-73.29584407177106,10.47367495516783],[-73.29576594864272,10.473652562573776]]]}},
{"type":"Feature","properties":{"cons":"0660","motivo":"sin_npn"},"geometry":{"type":"Polygon","coordinates":[[[-73.29601265933212,10.473180950120167],[-73.29597624889206,10.473296218328185],[-73.29592614376307,10.473283447045096],[-73.29593523184762,10.473251852578935],[-73.29594820937449,10.473163864439371],[-73.29601265933212,10.473180950120167]]]}},
{"type":"Feature","properties":{"cons":"0659","motivo":"sin_npn"},"geometry":{"type":"Polygon","coordinates":[[[-73.29597624889206,10.473296218328185],[-73.29594384496335,10.473405044291136],[-73.29588421357295,10.473396611658123],[-73.29591241940169,10.473298554962046],[-73.29592076732783,10.473302138065469],[-73.29592614376307,10.473283447045096],[-73.29597624889206,10.473296218328185]]]}},
{"type":"Feature","properties":{"cons":"0658","motivo":"sin_npn"},"geometry":{"type":"Polygon","coordinates":[[[-73.29594384496335,10.473405044291136],[-73.29597624889206,10.473296218328185],[-73.29602635402496,10.473308989603217],[-73.29599016703858,10.473411594810575],[-73.29594384496335,10.473405044291136]]]}},
{"type":"Feature","properties":{"cons":"0661","motivo":"sin_npn"},"geometry":{"type":"Polygon","coordinates":[[[-73.29597624889206,10.473296218328185],[-73.29601265933212,10.473180950120167],[-73.29605889286022,10.473193206617045],[-73.29604299452103,10.473261806829441],[-73.29602635402496,10.473308989603217],[-73.29597624889206,10.473296218328185]]]}},
{"type":"Feature","properties":{"cons":"0709","motivo":"sin_npn"},"geometry":{"type":"Polygon","coordinates":[[[-73.2824133561113,10.451058018458141],[-73.28244199296077,10.45115878222004],[-73.28238641806442,10.45117415740779],[-73.28237112367407,10.451093880127305],[-73.28238817302996,10.451092428692414],[-73.28238379340073,10.451063346525991],[-73.2824133561113,10.451058018458141]]]}},
{"type":"Feature","properties":{"cons":"0708","motivo":"sin_npn"},"geometry":{"type":"Polygon","coordinates":[[[-73.28244390746926,10.451052512203955],[-73.28249668050167,10.451123579200011],[-73.28246586029206,10.451141405225416],[-73.2824664708731,10.451147987945413],[-73.28244199296077,10.45115878222004],[-73.2824133561113,10.451058018458141],[-73.28244390746926,10.451052512203955]]]}},
{"type":"Feature","properties":{"cons":"0707","motivo":"sin_npn"},"geometry":{"type":"Polygon","coordinates":[[[-73.2825273340567,10.451166668427737],[-73.28244615934965,10.451055544707737],[-73.28260031098011,10.450964558141068],[-73.2826654429445,10.451060779349705],[-73.2825273340567,10.451166668427737]]]}},
{"type":"Feature","properties":{"cons":"0706","motivo":"sin_npn"},"geometry":{"type":"Polygon","coordinates":[[[-73.2824826747724,10.451203439565862],[-73.28266544294448,10.451060779349705],[-73.28269884208964,10.451110120779106],[-73.28252080398725,10.451244700807214],[-73.2824826747724,10.451203439565862]]]}},
{"type":"Feature","properties":{"cons":"0705","motivo":"sin_npn"},"geometry":{"type":"Polygon","coordinates":[[[-73.28252465134243,10.451241728067265],[-73.28269884208964,10.451110120779106],[-73.28273057494944,10.451157000543427],[-73.28259548567624,10.451255108046848],[-73.28254925556112,10.451282080504555],[-73.28252465134243,10.451241728067265]]]}},
{"type":"Feature","properties":{"cons":"0704","motivo":"sin_npn"},"geometry":{"type":"Polygon","coordinates":[[[-73.28254925556112,10.451282080504555],[-73.28259548567623,10.451255108046848],[-73.28273057494944,10.451157000543427],[-73.28276261676818,10.451208976126743],[-73.28257620664726,10.451331730331242],[-73.28254925556112,10.451282080504555]]]}},
{"type":"Feature","properties":{"cons":"0703","motivo":"sin_npn"},"geometry":{"type":"Polygon","coordinates":[[[-73.28257620664726,10.45133173033127],[-73.28276261676818,10.451208976126743],[-73.28279365795638,10.45125932854986],[-73.28272915078901,10.451300473989033],[-73.28259831282877,10.451372706511927],[-73.28257620664726,10.45133173033127]]]}},
{"type":"Feature","properties":{"cons":"0702","motivo":"sin_npn"},"geometry":{"type":"Polygon","coordinates":[[[-73.28259831282874,10.451372706511927],[-73.28272915078901,10.451300473989033],[-73.28279365795635,10.45125932854986],[-73.28281014201478,10.451286067604702],[-73.2826128462171,10.451397231247205],[-73.28259831282874,10.451372706511927]]]}},
{"type":"Feature","properties":{"cons":"0701","motivo":"sin_npn"},"geometry":{"type":"Polygon","coordinates":[[[-73.2826128462171,10.451397231247205],[-73.28281014201478,10.451286067604702],[-73.2828268217343,10.451313124038833],[-73.28262798559406,10.451423251640506],[-73.2826128462171,10.451397231247205]]]}},
{"type":"Feature","properties":{"cons":"0700","motivo":"sin_npn"},"geometry":{"type":"Polygon","coordinates":[[[-73.28262798559405,10.451423251640506],[-73.28282682173428,10.451313124038833],[-73.28285772188552,10.451363247642616],[-73.28265735767548,10.451475592466801],[-73.28262798559405,10.451423251640506]]]}},
{"type":"Feature","properties":{"cons":"0699","motivo":"sin_npn"},"geometry":{"type":"Polygon","coordinates":[[[-73.28265735767548,10.451475592466801],[-73.28285772188552,10.451363247642616],[-73.28288746620615,10.451411496337462],[-73.28268684978454,10.451526927740293],[-73.28265735767548,10.451475592466801]]]}},
{"type":"Feature","properties":{"cons":"0698","motivo":"sin_npn"},"geometry":{"type":"Polygon","coordinates":[[[-73.28268684978454,10.451526927740293],[-73.28288746620615,10.451411496337462],[-73.28291634480271,10.451461596944554],[-73.28271583491245,10.45157591742531],[-73.28268684978454,10.451526927740293]]]}},
{"type":"Feature","properties":{"cons":"0697","motivo":"sin_npn"},"geometry":{"type":"Polygon","coordinates":[[[-73.28271583491242,10.45157591742531],[-73.2829163448027,10.451461596944554],[-73.28294697725882,10.451513974855802],[-73.28274551340007,10.451632746557287],[-73.28273643360436,10.45162138351706],[-73.28271583491242,10.45157591742531]]]}},
{"type":"Feature","properties":{"cons":"0696","motivo":"sin_npn"},"geometry":{"type":"Polygon","coordinates":[[[-73.28274551340007,10.451632746557287],[-73.28294697725882,10.451513974855802],[-73.28296132359381,10.451538241195713],[-73.2828628999345,10.45159571641533],[-73.28280959303041,10.451619882336656],[-73.28275822885014,10.451652784309369],[-73.28274551340007,10.451632746557287]]]}},
{"type":"Feature","properties":{"cons":"0695","motivo":"sin_npn"},"geometry":{"type":"Polygon","coordinates":[[[-73.28275822885014,10.451652784309369],[-73.28280959303038,10.451619882336656],[-73.2828628999345,10.45159571641533],[-73.28296132359381,10.451538241195713],[-73.28297638281055,10.45156371334603],[-73.28277107459368,10.451683175618088],[-73.28276078444455,10.45167061669487],[-73.28275822885014,10.451652784309369]]]}},
{"type":"Feature","properties":{"cons":"0694","motivo":"sin_npn"},"geometry":{"type":"Polygon","coordinates":[[[-73.28282557858576,10.451651461513334],[-73.28297638281055,10.45156371334603],[-73.28300447807257,10.451611235507984],[-73.28285367867333,10.451695311360083],[-73.28282557858576,10.451651461513334]]]}},
{"type":"Feature","properties":{"cons":"0693","motivo":"sin_npn"},"geometry":{"type":"Polygon","coordinates":[[[-73.28279167568306,10.451731275007491],[-73.28300447807256,10.451611235507984],[-73.2830192262502,10.451636181532225],[-73.2828700284909,10.451722587471712],[-73.28280439444273,10.451754963471409],[-73.28279167568306,10.451731275007491]]]}},
{"type":"Feature","properties":{"cons":"0692","motivo":"sin_npn"},"geometry":{"type":"Polygon","coordinates":[[[-73.28287002849089,10.451722587471712],[-73.2830192262502,10.451636181532225],[-73.28304953961712,10.451687455512115],[-73.28290381647663,10.45177713872715],[-73.28287002849089,10.451722587471712]]]}},
{"type":"Feature","properties":{"cons":"0691","motivo":"sin_npn"},"geometry":{"type":"Polygon","coordinates":[[[-73.2829038164766,10.45177713872715],[-73.2830495396171,10.451687455512117],[-73.28307732424223,10.451734409738636],[-73.28293396984256,10.451824152376396],[-73.2829038164766,10.45177713872715]]]}},
{"type":"Feature","properties":{"cons":"0690","motivo":"sin_npn"},"geometry":{"type":"Polygon","coordinates":[[[-73.28293396984253,10.451824152376396],[-73.28307732424223,10.451734409738636],[-73.28312108410638,10.451803358736148],[-73.2829795055306,10.451898323290001],[-73.28293396984253,10.451824152376396]]]}},
{"type":"Feature","properties":{"cons":"0689","motivo":"sin_npn"},"geometry":{"type":"Polygon","coordinates":[[[-73.28290306528652,10.45194926171709],[-73.28312108410637,10.451803358736148],[-73.28315649934133,10.451859159726167],[-73.28292880992701,10.452001904969556],[-73.28290306528652,10.45194926171709]]]}},
{"type":"Feature","properties":{"cons":"0688","motivo":"sin_npn"},"geometry":{"type":"Polygon","coordinates":[[[-73.28292880992701,10.452001904969556],[-73.28315649934132,10.451859159726167],[-73.2831894707267,10.451911110113153],[-73.28295818401101,10.452056340435457],[-73.28292880992701,10.452001904969556]]]}},
{"type":"Feature","properties":{"cons":"0687","motivo":"sin_npn"},"geometry":{"type":"Polygon","coordinates":[[[-73.28295818401101,10.452056340435457],[-73.28318947072668,10.451911110113153],[-73.28322161156147,10.451961751847165],[-73.28306944604942,10.452066415877642],[-73.28298725768407,10.452112870838198],[-73.28295818401101,10.452056340435457]]]}},
{"type":"Feature","properties":{"cons":"0686","motivo":"sin_npn"},"geometry":{"type":"Polygon","coordinates":[[[-73.28299647199987,10.452107662673589],[-73.28306944604942,10.452066415877642],[-73.28322161156146,10.451961751847165],[-73.28323929952882,10.451989621349188],[-73.28308458685257,10.452093932440503],[-73.28301297390738,10.452134094004364],[-73.28299647199987,10.452107662673589]]]}},
{"type":"Feature","properties":{"cons":"0685","motivo":"sin_npn"},"geometry":{"type":"Polygon","coordinates":[[[-73.28301297390738,10.452134094004364],[-73.28308458685255,10.452093932440503],[-73.2832392995288,10.451989621349188],[-73.28325627943778,10.452016375215013],[-73.28310335388883,10.452119701221346],[-73.28302990614131,10.452163500171775],[-73.28301297390738,10.452134094004364]]]}},
{"type":"Feature","properties":{"cons":"0684","motivo":"sin_npn"},"geometry":{"type":"Polygon","coordinates":[[[-73.28303473923168,10.452160618065419],[-73.28310335388883,10.452119701221346],[-73.28325627943775,10.452016375215013],[-73.28329430994849,10.452076296786542],[-73.28306533747867,10.452203222652695],[-73.28303473923168,10.452160618065419]]]}},
{"type":"Feature","properties":{"cons":"0683","motivo":"sin_npn"},"geometry":{"type":"Polygon","coordinates":[[[-73.28306533747867,10.452203222652695],[-73.28329430994849,10.452076296786542],[-73.28331208867736,10.452104309268737],[-73.28307956916775,10.452228346109269],[-73.28306533747867,10.452203222652695]]]}},
{"type":"Feature","properties":{"cons":"0682","motivo":"sin_npn"},"geometry":{"type":"Polygon","coordinates":[[[-73.2830901028809,10.45222316996803],[-73.28331208867736,10.452104309268737],[-73.28332900525369,10.452130963322213],[-73.28311042805889,10.45225315557335],[-73.2830901028809,10.45222316996803]]]}},
{"type":"Feature","properties":{"cons":"0681","motivo":"sin_npn"},"geometry":{"type":"Polygon","coordinates":[[[-73.28335903506023,10.452178278796683],[-73.28319328044384,10.452272233348992],[-73.28309773201981,10.452320175872831],[-73.28307086312779,10.452275378808938],[-73.28332900525369,10.452130963322213],[-73.28335903506023,10.452178278796683]]]}},
{"type":"Feature","properties":{"cons":"0680","motivo":"sin_npn"},"geometry":{"type":"Polygon","coordinates":[[[-73.28341363644091,10.45226430961639],[-73.28314886338515,10.452405424415243],[-73.28309773201981,10.452320175872831],[-73.28319328044383,10.452272233349015],[-73.28335903506023,10.452178278796708],[-73.28341363644091,10.45226430961639]]]}},
{"type":"Feature","properties":{"cons":"0679","motivo":"sin_npn"},"geometry":{"type":"Polygon","coordinates":[[[-73.28341363644091,10.45226430961639],[-73.2834303747216,10.452290515801291],[-73.2831656957351,10.452433488063779],[-73.28314886338515,10.452405424415243],[-73.28341363644091,10.45226430961639]]]}},
{"type":"Feature","properties":{"cons":"0678","motivo":"sin_npn"},"geometry":{"type":"Polygon","coordinates":[[[-73.28339657593746,10.452308982646416],[-73.28342584297903,10.452360541768607],[-73.28320515046944,10.45249926874186],[-73.2831656957351,10.452433488063779],[-73.28339657593746,10.452308982646416]]]}},
{"type":"Feature","properties":{"cons":"0677","motivo":"sin_npn"},"geometry":{"type":"Polygon","coordinates":[[[-73.2834561949095,10.452412165537728],[-73.2832350797671,10.45254916816811],[-73.28320515046943,10.45249926874186],[-73.28342584297903,10.452360541768607],[-73.2834561949095,10.452412165537728]]]}},
{"type":"Feature","properties":{"cons":"0676","motivo":"sin_npn"},"geometry":{"type":"Polygon","coordinates":[[[-73.2832350797671,10.45254916816811],[-73.2834561949095,10.452412165537728],[-73.28347032745502,10.452436202725526],[-73.28333942623806,10.452528256235375],[-73.283323574654,10.452543782864888],[-73.28334899326286,10.452582457643903],[-73.28327969925442,10.452623559681273],[-73.2832350797671,10.45254916816811]]]}},
{"type":"Feature","properties":{"cons":"0675","motivo":"sin_npn"},"geometry":{"type":"Polygon","coordinates":[[[-73.283507481883,10.45241013694635],[-73.28348412664523,10.452426499917955],[-73.2834197636337,10.452324159698225],[-73.28344296828463,10.452309416523295],[-73.283507481883,10.45241013694635]]]}},
{"type":"Feature","properties":{"cons":"0674","motivo":"sin_npn"},"geometry":{"type":"Polygon","coordinates":[[[-73.2834429682846,10.452309416523295],[-73.28350242988722,10.452271300486373],[-73.28356458754152,10.452370127993733],[-73.28350748188299,10.45241013694635],[-73.2834429682846,10.452309416523295]]]}},
{"type":"Feature","properties":{"cons":"0671","motivo":"sin_npn"},"geometry":{"type":"Polygon","coordinates":[[[-73.2836183427827,10.4521949071532],[-73.28367320402343,10.452158750380418],[-73.28373564604429,10.452250282103897],[-73.28367763169621,10.452290927757527],[-73.2836183427827,10.4521949071532]]]}},
{"type":"Feature","properties":{"cons":"0673","motivo":"sin_npn"},"geometry":{"type":"Polygon","coordinates":[[[-73.2835634815292,10.452231063916757],[-73.28362596218018,10.452327128116579],[-73.2835645875415,10.452370127993733],[-73.28350242988722,10.452271300486373],[-73.2835634815292,10.452231063916757]]]}},
{"type":"Feature","properties":{"cons":"0672","motivo":"sin_npn"},"geometry":{"type":"Polygon","coordinates":[[[-73.2836183427827,10.4521949071532],[-73.28367763169621,10.452290927757527],[-73.28362596218017,10.452327128116595],[-73.28356348152919,10.452231063916777],[-73.2836183427827,10.4521949071532]]]}},
{"type":"Feature","properties":{"cons":"0662","motivo":"sin_npn"},"geometry":{"type":"Polygon","coordinates":[[[-73.28333432400564,10.451661996021864],[-73.28319317045936,10.451758076471945],[-73.28315615436789,10.451703253816493],[-73.28329493362284,10.45160425467606],[-73.28333432400564,10.451661996021864]]]}},
{"type":"Feature","properties":{"cons":"0663","motivo":"sin_npn"},"geometry":{"type":"Polygon","coordinates":[[[-73.28337371216844,10.451719734086499],[-73.28323228212575,10.45181600275073],[-73.28319317045934,10.451758076471945],[-73.28333432400561,10.451661996021864],[-73.28337371216844,10.451719734086499]]]}},
{"type":"Feature","properties":{"cons":"0664","motivo":"sin_npn"},"geometry":{"type":"Polygon","coordinates":[[[-73.283413100346,10.451777472145672],[-73.28327139380677,10.451873929024107],[-73.28323228212575,10.45181600275073],[-73.28337371216844,10.451719734086499],[-73.283413100346,10.451777472145672]]]}},
{"type":"Feature","properties":{"cons":"0665","motivo":"sin_npn"},"geometry":{"type":"Polygon","coordinates":[[[-73.28345248853822,10.451835210199365],[-73.28331050550244,10.451931855292088],[-73.28327139380677,10.451873929024107],[-73.28341310034597,10.451777472145672],[-73.28345248853822,10.451835210199365]]]}},
{"type":"Feature","properties":{"cons":"0666","motivo":"sin_npn"},"geometry":{"type":"Polygon","coordinates":[[[-73.28349187674516,10.451892948247611],[-73.28334961721279,10.451989781554763],[-73.28331050550243,10.451931855292088],[-73.28345248853819,10.451835210199365],[-73.28349187674516,10.451892948247611]]]}},
{"type":"Feature","properties":{"cons":"0667","motivo":"sin_npn"},"geometry":{"type":"Polygon","coordinates":[[[-73.28353126496683,10.451950686290393],[-73.2833887289378,10.452047707812044],[-73.28334961721278,10.451989781554763],[-73.28349187674516,10.451892948247611],[-73.28353126496683,10.451950686290393]]]}},
{"type":"Feature","properties":{"cons":"0668","motivo":"sin_npn"},"geometry":{"type":"Polygon","coordinates":[[[-73.28357065320317,10.452008424327738],[-73.28342784067749,10.452105634063958],[-73.2833887289378,10.452047707812044],[-73.28353126496683,10.451950686290393],[-73.28357065320317,10.452008424327738]]]}},
{"type":"Feature","properties":{"cons":"0669","motivo":"sin_npn"},"geometry":{"type":"Polygon","coordinates":[[[-73.28361004145425,10.45206616235963],[-73.28346695243188,10.452163560310504],[-73.28342784067749,10.452105634063958],[-73.28357065320316,10.452008424327738],[-73.28361004145425,10.45206616235963]]]}},
{"type":"Feature","properties":{"cons":"0670","motivo":"sin_npn"},"geometry":{"type":"Polygon","coordinates":[[[-73.28364942972003,10.452123900386054],[-73.28350606420094,10.45222148655172],[-73.28346695243188,10.452163560310504],[-73.28361004145425,10.45206616235963],[-73.28364942972003,10.452123900386054]]]}},
{"type":"Feature","properties":{"cons":"0734","motivo":"sin_npn"},"geometry":{"type":"Polygon","coordinates":[[[-73.28258539835244,10.45214739616775],[-73.2827122166141,10.452108762180204],[-73.28273539382361,10.452184635974977],[-73.2826126290095,10.45222612743212],[-73.28258539835244,10.45214739616775]]]}},
{"type":"Feature","properties":{"cons":"0737","motivo":"sin_npn"},"geometry":{"type":"Polygon","coordinates":[[[-73.28269085928775,10.452034732986162],[-73.28256450770215,10.452071274987816],[-73.28255494978191,10.452036447903044],[-73.28268009917512,10.451997378475888],[-73.28269085928775,10.452034732986162]]]}},
{"type":"Feature","properties":{"cons":"0736","motivo":"sin_npn"},"geometry":{"type":"Polygon","coordinates":[[[-73.28270345335055,10.452078454174643],[-73.28257662331616,10.452115421767672],[-73.28256450770212,10.452071274987832],[-73.28269085928775,10.452034732986162],[-73.28270345335055,10.452078454174643]]]}},
{"type":"Feature","properties":{"cons":"0735","motivo":"sin_npn"},"geometry":{"type":"Polygon","coordinates":[[[-73.2827122166141,10.452108762180204],[-73.28258539835244,10.45214739616775],[-73.28257662331616,10.452115421767672],[-73.28270345335055,10.452078454174643],[-73.2827122166141,10.452108762180204]]]}},
{"type":"Feature","properties":{"cons":"0724","motivo":"sin_npn"},"geometry":{"type":"Polygon","coordinates":[[[-73.28249456063445,10.451833227122377],[-73.28262430033038,10.451766558957768],[-73.28265640601643,10.451832961598491],[-73.2825107003333,10.451901761182532],[-73.28249456063445,10.451833227122377]]]}},
{"type":"Feature","properties":{"cons":"0730","motivo":"sin_npn"},"geometry":{"type":"Polygon","coordinates":[[[-73.28253528212112,10.451976538765306],[-73.2826800109504,10.451914164216785],[-73.28270187943534,10.451972067491491],[-73.28254868299196,10.452017304080135],[-73.28253528212112,10.451976538765306]]]}},
{"type":"Feature","properties":{"cons":"0728","motivo":"sin_npn"},"geometry":{"type":"Polygon","coordinates":[[[-73.28252411792678,10.451942577388989],[-73.28266705265777,10.451879853297381],[-73.2826800109504,10.451914164216815],[-73.28253528212112,10.451976538765297],[-73.28252411792678,10.451942577388989]]]}},
{"type":"Feature","properties":{"cons":"0726","motivo":"sin_npn"},"geometry":{"type":"Polygon","coordinates":[[[-73.28251070033333,10.451901761182532],[-73.28265036210625,10.4518356601042],[-73.28266705265776,10.451879853297381],[-73.28252411792678,10.451942577388989],[-73.28251070033333,10.451901761182532]]]}},
{"type":"Feature","properties":{"cons":"0722","motivo":"sin_npn"},"geometry":{"type":"Polygon","coordinates":[[[-73.28262430033038,10.451766558957768],[-73.28249456063445,10.451833227122377],[-73.28247088398903,10.451773227442729],[-73.28259854683449,10.45170404079575],[-73.28262430033038,10.451766558957768]]]}},
{"type":"Feature","properties":{"cons":"0721","motivo":"sin_npn"},"geometry":{"type":"Polygon","coordinates":[[[-73.28259854683449,10.45170404079575],[-73.2827264226932,10.451632329576357],[-73.2827615438707,10.451690231144665],[-73.28262430033038,10.451766558957768],[-73.28259854683449,10.45170404079575]]]}},
{"type":"Feature","properties":{"cons":"0720","motivo":"sin_npn"},"geometry":{"type":"Polygon","coordinates":[[[-73.28249892706042,10.451682858102208],[-73.28269868389052,10.451580865078595],[-73.2827264226932,10.451632329576357],[-73.28252791490291,10.451742497714081],[-73.28249892706042,10.451682858102208]]]}},
{"type":"Feature","properties":{"cons":"0719","motivo":"sin_npn"},"geometry":{"type":"Polygon","coordinates":[[[-73.28248159180875,10.451646802583594],[-73.28267567478825,10.451544378292486],[-73.28269868389049,10.451580865078595],[-73.28249892706042,10.451682858102208],[-73.28248159180875,10.451646802583594]]]}},
{"type":"Feature","properties":{"cons":"0718","motivo":"sin_npn"},"geometry":{"type":"Polygon","coordinates":[[[-73.28246835073719,10.451619260995274],[-73.28265690137515,10.451511478621631],[-73.28267567478825,10.451544378292486],[-73.28248159180875,10.451646802583594],[-73.28246835073719,10.451619260995274]]]}},
{"type":"Feature","properties":{"cons":"0717","motivo":"sin_npn"},"geometry":{"type":"Polygon","coordinates":[[[-73.28245240141663,10.451586086208865],[-73.28263812688397,10.451477381994124],[-73.28265690137513,10.451511478621631],[-73.28246835073718,10.451619260995274],[-73.28245240141663,10.451586086208865]]]}},
{"type":"Feature","properties":{"cons":"0716","motivo":"sin_npn"},"geometry":{"type":"Polygon","coordinates":[[[-73.28242041462454,10.451519553256368],[-73.28255406330983,10.451455911226827],[-73.2825613243244,10.451461889579306],[-73.28261329523907,10.451431321165813],[-73.28263812688397,10.451477381994124],[-73.28245240141663,10.451586086208865],[-73.28242041462454,10.451519553256368]]]}},
{"type":"Feature","properties":{"cons":"0715","motivo":"sin_npn"},"geometry":{"type":"Polygon","coordinates":[[[-73.28242811141304,10.451464945809468],[-73.2825872537934,10.45138466292847],[-73.28261329523906,10.451431321165813],[-73.2825613243244,10.451461889579306],[-73.28255406330983,10.451455911226827],[-73.2824398212011,10.451512042738173],[-73.28242811141304,10.451464945809468]]]}},
{"type":"Feature","properties":{"cons":"0714","motivo":"sin_npn"},"geometry":{"type":"Polygon","coordinates":[[[-73.28241194203787,10.45141007803079],[-73.28256605429233,10.45134338670501],[-73.2825872537934,10.45138466292847],[-73.28242354534207,10.451466732851184],[-73.28241194203787,10.45141007803079]]]}},
{"type":"Feature","properties":{"cons":"0710","motivo":"sin_npn"},"geometry":{"type":"Polygon","coordinates":[[[-73.2824826747724,10.451203439565862],[-73.28239882630615,10.451239285821963],[-73.28238641806436,10.45117415740779],[-73.28246647087309,10.451147987945413],[-73.28246586029206,10.451141405225416],[-73.28249668050167,10.451123579200011],[-73.2825273340567,10.451166668427737],[-73.2824826747724,10.451203439565862]]]}},
{"type":"Feature","properties":{"cons":"0713","motivo":"sin_npn"},"geometry":{"type":"Polygon","coordinates":[[[-73.28241210814532,10.451348293554718],[-73.2825516424302,10.451286477643006],[-73.28257465297695,10.45132886812953],[-73.28242749416702,10.451394511685617],[-73.28241210814532,10.451348293554718]]]}},
{"type":"Feature","properties":{"cons":"0712","motivo":"sin_npn"},"geometry":{"type":"Polygon","coordinates":[[[-73.28240706887239,10.451294882340253],[-73.28252465134241,10.451241728067265],[-73.28255164243018,10.451286477643032],[-73.28242842373092,10.451340342599156],[-73.28240706887239,10.451294882340253]]]}},
{"type":"Feature","properties":{"cons":"0711","motivo":"sin_npn"},"geometry":{"type":"Polygon","coordinates":[[[-73.28238407925214,10.451245941980805],[-73.2824826747724,10.451203439565862],[-73.28252080398724,10.451244700807214],[-73.28240706887237,10.451294882340253],[-73.28238407925214,10.451245941980805]]]}},
{"type":"Feature","properties":{"cons":"0729","motivo":"sin_npn"},"geometry":{"type":"Polygon","coordinates":[[[-73.28284965760784,10.451905503711028],[-73.28270187943534,10.451972067491491],[-73.28267734294384,10.45190709987965],[-73.28280934276812,10.451836140897427],[-73.28284965760784,10.451905503711028]]]}},
{"type":"Feature","properties":{"cons":"0732","motivo":"sin_npn"},"geometry":{"type":"Polygon","coordinates":[[[-73.28292880992701,10.452001904969556],[-73.28298089023366,10.452100490067673],[-73.28282170843504,10.452155050960792],[-73.28278761730414,10.45206629571841],[-73.28292880992701,10.452001904969556]]]}},
{"type":"Feature","properties":{"cons":"0733","motivo":"sin_npn"},"geometry":{"type":"Polygon","coordinates":[[[-73.28270754629101,10.452092663106933],[-73.28278761730414,10.45206629571841],[-73.28282170843504,10.452155050960792],[-73.28273539382361,10.452184635974977],[-73.28270754629101,10.452092663106933]]]}},
{"type":"Feature","properties":{"cons":"0738","motivo":"sin_npn"},"geometry":{"type":"Polygon","coordinates":[[[-73.28267916924621,10.451994172543039],[-73.28275488343745,10.451973919696806],[-73.28278290292066,10.452067848165793],[-73.282707546291,10.452092663106933],[-73.28267916924621,10.451994172543039]]]}},
{"type":"Feature","properties":{"cons":"0731","motivo":"sin_npn"},"geometry":{"type":"Polygon","coordinates":[[[-73.2827578661343,10.451983918462048],[-73.28287356881214,10.45194664359177],[-73.28287829276124,10.451955257489587],[-73.28290306528648,10.45194926171709],[-73.28292880992701,10.452001904969556],[-73.28278290292064,10.452067848165793],[-73.2827578661343,10.451983918462048]]]}},
{"type":"Feature","properties":{"cons":"0739","motivo":"sin_npn"},"geometry":{"type":"Polygon","coordinates":[[[-73.28287829276124,10.451955257489587],[-73.28277158953689,10.451771185369365],[-73.28287002849088,10.451722587471712],[-73.2829795055306,10.451898323290001],[-73.28290306528648,10.45194926171709],[-73.28287829276124,10.451955257489587]]]}},
{"type":"Feature","properties":{"cons":"0723","motivo":"sin_npn"},"geometry":{"type":"Polygon","coordinates":[[[-73.28279167568306,10.451731275007491],[-73.2826424729092,10.45180364850922],[-73.28262430033038,10.451766558957768],[-73.28274003101659,10.451703656119168],[-73.28282557858572,10.451651461513334],[-73.28285367867329,10.451695311360083],[-73.28279167568306,10.451731275007491]]]}},
{"type":"Feature","properties":{"cons":"0725","motivo":"sin_npn"},"geometry":{"type":"Polygon","coordinates":[[[-73.2827841529335,10.451792801060835],[-73.28265706151711,10.45185339878631],[-73.28265036210622,10.4518356601042],[-73.28265640601643,10.451832961598491],[-73.2826424729092,10.45180364850922],[-73.28279167568306,10.451731275007491],[-73.28280439444273,10.451754963471409],[-73.28277158953685,10.451771185369365],[-73.2827841529335,10.451792801060835]]]}},
{"type":"Feature","properties":{"cons":"0727","motivo":"sin_npn"},"geometry":{"type":"Polygon","coordinates":[[[-73.28280934276813,10.451836140897427],[-73.28268313290333,10.451906519817436],[-73.28267734294386,10.45190709987965],[-73.28265706151711,10.45185339878631],[-73.2827841529335,10.451792801060835],[-73.28280934276813,10.451836140897427]]]}},
{"type":"Feature","properties":{"cons":"0745","motivo":"sin_npn"},"geometry":{"type":"Polygon","coordinates":[[[-73.28305921092044,10.447957300424521],[-73.28314218305512,10.447923206608703],[-73.2832014618347,10.448056662356217],[-73.28311577410501,10.448092916203],[-73.28305921092044,10.447957300424521]]]}},
{"type":"Feature","properties":{"cons":"0741","motivo":"sin_npn"},"geometry":{"type":"Polygon","coordinates":[[[-73.28329693487436,10.448270503216111],[-73.2831474467624,10.448331500628154],[-73.28313147291948,10.44829701169481],[-73.28328171002796,10.44823646661991],[-73.28329693487436,10.448270503216111]]]}},
{"type":"Feature","properties":{"cons":"0751","motivo":"sin_npn"},"geometry":{"type":"Polygon","coordinates":[[[-73.28288327411191,10.448260436742697],[-73.28307418171839,10.44818044358992],[-73.2830997580209,10.448240886747271],[-73.28292902411462,10.448310042421426],[-73.28291855625874,10.448284885800307],[-73.28289776399784,10.448292564751634],[-73.28288327411191,10.448260436742697]]]}},
{"type":"Feature","properties":{"cons":"0749","motivo":"sin_npn"},"geometry":{"type":"Polygon","coordinates":[[[-73.28290851665224,10.448019221653047],[-73.282963260368,10.44815783511068],[-73.2828559626306,10.44819987975706],[-73.28279544037369,10.448065685349189],[-73.28290851665224,10.448019221653047]]]}},
{"type":"Feature","properties":{"cons":"0748","motivo":"sin_npn"},"geometry":{"type":"Polygon","coordinates":[[[-73.28295547821867,10.447999924858376],[-73.28301984807509,10.448151800157566],[-73.28297174009754,10.448174345594701],[-73.28290851665224,10.448019221653047],[-73.28295547821867,10.447999924858376]]]}},
{"type":"Feature","properties":{"cons":"0747","motivo":"sin_npn"},"geometry":{"type":"Polygon","coordinates":[[[-73.2830055580821,10.447979346726253],[-73.28306227266879,10.448115552250476],[-73.28301209476307,10.44813624659605],[-73.28295547821867,10.447999924858376],[-73.2830055580821,10.447979346726253]]]}},
{"type":"Feature","properties":{"cons":"0746","motivo":"sin_npn"},"geometry":{"type":"Polygon","coordinates":[[[-73.28305921092044,10.447957300424521],[-73.28311577410501,10.448092916203],[-73.28306227266879,10.448115552250476],[-73.2830055580821,10.447979346726253],[-73.28305921092044,10.447957300424521]]]}},
{"type":"Feature","properties":{"cons":"0744","motivo":"sin_npn"},"geometry":{"type":"Polygon","coordinates":[[[-73.28322748664787,10.448115245013234],[-73.2830741817184,10.44818044358992],[-73.28304908430623,10.448121132143674],[-73.2832014618347,10.448056662356217],[-73.28322748664787,10.448115245013234]]]}},
{"type":"Feature","properties":{"cons":"0743","motivo":"sin_npn"},"geometry":{"type":"Polygon","coordinates":[[[-73.28325530948541,10.448177445668971],[-73.28309975802091,10.448240886747271],[-73.2830741817184,10.44818044358992],[-73.28322748664787,10.448115245013234],[-73.28325530948541,10.448177445668971]]]}},
{"type":"Feature","properties":{"cons":"0742","motivo":"sin_npn"},"geometry":{"type":"Polygon","coordinates":[[[-73.28328171002796,10.44823646661991],[-73.28312421890487,10.448298693868521],[-73.2830997580209,10.448240886747271],[-73.28325530948541,10.448177445668971],[-73.28328171002796,10.44823646661991]]]}},
{"type":"Feature","properties":{"cons":"0740","motivo":"sin_npn"},"geometry":{"type":"Polygon","coordinates":[[[-73.2831474467624,10.448331500628154],[-73.28329693487436,10.448270503216111],[-73.28331114774592,10.448302277438414],[-73.28316176823037,10.448362421931021],[-73.2831474467624,10.448331500628154]]]}},
{"type":"Feature","properties":{"cons":"0754","motivo":"sin_npn"},"geometry":{"type":"Polygon","coordinates":[[[-73.28296737429217,10.448402206517628],[-73.2831474467624,10.448331500628154],[-73.28316176823037,10.448362421931021],[-73.28298108986895,10.448435168116383],[-73.28296737429217,10.448402206517628]]]}},
{"type":"Feature","properties":{"cons":"0753","motivo":"sin_npn"},"geometry":{"type":"Polygon","coordinates":[[[-73.28295321881885,10.448368187740847],[-73.28313147291948,10.44829701169481],[-73.2831474467624,10.448331500628154],[-73.28296737429217,10.448402206517628],[-73.28295321881885,10.448368187740847]]]}},
{"type":"Feature","properties":{"cons":"0752","motivo":"sin_npn"},"geometry":{"type":"Polygon","coordinates":[[[-73.28292902411462,10.448310042421426],[-73.2830997580209,10.448240886747271],[-73.28312421890487,10.448298693868521],[-73.28295321881885,10.448368187740847],[-73.28292902411462,10.448310042421426]]]}},
{"type":"Feature","properties":{"cons":"0750","motivo":"sin_npn"},"geometry":{"type":"Polygon","coordinates":[[[-73.28307418171839,10.44818044358992],[-73.28288327411191,10.448260436742697],[-73.2828559626306,10.44819987975706],[-73.282963260368,10.44815783511068],[-73.28297174009754,10.448174345594701],[-73.28301984807509,10.448151800157566],[-73.28301209476307,10.44813624659605],[-73.28304908430623,10.448121132143674],[-73.28307418171839,10.44818044358992]]]}},
{"type":"Feature","properties":{"cons":"0782","motivo":"sin_npn"},"geometry":{"type":"Polygon","coordinates":[[[-73.27436251039146,10.44308653669193],[-73.27448665003182,10.443046001984042],[-73.27450663356498,10.443165403824086],[-73.27453468280707,10.44315963431389],[-73.27453463766791,10.443182275748569],[-73.27439945703603,10.44321545369903],[-73.27436251039146,10.44308653669193]]]}},
{"type":"Feature","properties":{"cons":"0789","motivo":"sin_npn"},"geometry":{"type":"Polygon","coordinates":[[[-73.27402218270004,10.443156584745912],[-73.27407888893863,10.443322055026192],[-73.27403232960066,10.443336127209921],[-73.27397285833365,10.44317258812392],[-73.27402218270004,10.443156584745912]]]}},
{"type":"Feature","properties":{"cons":"0788","motivo":"sin_npn"},"geometry":{"type":"Polygon","coordinates":[[[-73.2740866036476,10.443135683241515],[-73.27412320189639,10.443226753110105],[-73.27417147840295,10.443304711083188],[-73.27412535404787,10.443323034550867],[-73.27408376531251,10.443333364086635],[-73.27402218270001,10.443156584745912],[-73.2740866036476,10.443135683241515]]]}},
{"type":"Feature","properties":{"cons":"0787","motivo":"sin_npn"},"geometry":{"type":"Polygon","coordinates":[[[-73.2741257678701,10.443122976324059],[-73.27416176480732,10.443171924272368],[-73.27416950224217,10.443170002496913],[-73.27422697877282,10.443282662866663],[-73.27417147840292,10.443304711083188],[-73.27412320189639,10.443226753110105],[-73.27408660364758,10.443135683241515],[-73.2741257678701,10.443122976324059]]]}},
{"type":"Feature","properties":{"cons":"0755","motivo":"sin_npn"},"geometry":{"type":"Polygon","coordinates":[[[-73.27565083738118,10.442963193261843],[-73.27580295540469,10.44291067263556],[-73.27585244942217,10.443020421233166],[-73.2757911967308,10.443044863577034],[-73.27574005713434,10.443057475794276],[-73.27573241584828,10.443031269018569],[-73.27567728767168,10.443046039193518],[-73.27565083738118,10.442963193261843]]]}},
{"type":"Feature","properties":{"cons":"0758","motivo":"sin_npn"},"geometry":{"type":"Polygon","coordinates":[[[-73.27556274739423,10.442839383020132],[-73.27560357771542,10.442826364144464],[-73.27563668439277,10.442916627255602],[-73.27567438076012,10.44304065539329],[-73.27561743244462,10.443047551843978],[-73.27558468095056,10.442909490390878],[-73.27556274739423,10.442839383020132]]]}},
{"type":"Feature","properties":{"cons":"0759","motivo":"sin_npn"},"geometry":{"type":"Polygon","coordinates":[[[-73.27553361848392,10.442848670860537],[-73.27556274739423,10.442839383020132],[-73.27558468095056,10.442909490390878],[-73.2756174324446,10.443047551843978],[-73.27556032610288,10.443054467421186],[-73.2755187467476,10.442874476421709],[-73.27554050496883,10.442865360770078],[-73.27553361848392,10.442848670860537]]]}},
{"type":"Feature","properties":{"cons":"0760","motivo":"sin_npn"},"geometry":{"type":"Polygon","coordinates":[[[-73.27549519099152,10.443062355269463],[-73.27547818220647,10.442949201579207],[-73.27545963940834,10.442872259296204],[-73.27553361848392,10.442848670860537],[-73.27554050496883,10.442865360770078],[-73.27551874674758,10.442874476421709],[-73.27556032610285,10.443054467421186],[-73.27549519099152,10.443062355269463]]]}},
{"type":"Feature","properties":{"cons":"0757","motivo":"sin_npn"},"geometry":{"type":"Polygon","coordinates":[[[-73.27576759729605,10.442832269109191],[-73.27562459298834,10.44288366086803],[-73.27560357771542,10.442826364144464],[-73.27574234606726,10.442776276681032],[-73.27576759729605,10.442832269109191]]]}},
{"type":"Feature","properties":{"cons":"0756","motivo":"sin_npn"},"geometry":{"type":"Polygon","coordinates":[[[-73.27580295540469,10.44291067263556],[-73.27565083738118,10.442963193261843],[-73.27562459298832,10.44288366086803],[-73.27576759729605,10.442832269109191],[-73.27580295540469,10.44291067263556]]]}},
{"type":"Feature","properties":{"cons":"0761","motivo":"sin_npn"},"geometry":{"type":"Polygon","coordinates":[[[-73.27539172469767,10.442878263216208],[-73.27545747571038,10.442862706915774],[-73.27547818220646,10.442949201579207],[-73.27548789700438,10.443018552909185],[-73.27543122615472,10.443032800105318],[-73.27541633593988,10.44295621323849],[-73.27539172469767,10.442878263216208]]]}},
{"type":"Feature","properties":{"cons":"0762","motivo":"sin_npn"},"geometry":{"type":"Polygon","coordinates":[[[-73.27532756897975,10.442899216028723],[-73.27539172469767,10.442878263216208],[-73.27541633593988,10.44295621323849],[-73.27543122615472,10.443032800105318],[-73.27537195781288,10.443047700305542],[-73.2753504378746,10.44296225485389],[-73.27532756897975,10.442899216028723]]]}},
{"type":"Feature","properties":{"cons":"0763","motivo":"sin_npn"},"geometry":{"type":"Polygon","coordinates":[[[-73.275277412546,10.442915596761265],[-73.27532756897975,10.442899216028723],[-73.2753504378746,10.44296225485389],[-73.27537195781285,10.443047700305542],[-73.2753289085917,10.443058522972999],[-73.275277412546,10.442915596761265]]]}},
{"type":"Feature","properties":{"cons":"0764","motivo":"sin_npn"},"geometry":{"type":"Polygon","coordinates":[[[-73.27522936611068,10.442931288374483],[-73.275277412546,10.442915596761265],[-73.2753289085917,10.443058522972999],[-73.27528007519824,10.443070799786005],[-73.27522936611068,10.442931288374483]]]}},
{"type":"Feature","properties":{"cons":"0765","motivo":"sin_npn"},"geometry":{"type":"Polygon","coordinates":[[[-73.27520745795226,10.442938443415333],[-73.27522936611068,10.442931288374483],[-73.27528007519824,10.443070799786005],[-73.27522992195767,10.443076951628978],[-73.27520745795226,10.442938443415333]]]}},
{"type":"Feature","properties":{"cons":"0766","motivo":"sin_npn"},"geometry":{"type":"Polygon","coordinates":[[[-73.27512445918326,10.442961434835139],[-73.27520745795226,10.442938443415333],[-73.2752133067568,10.44297450589616],[-73.27512856537017,10.442987701892905],[-73.27512445918326,10.442961434835139]]]}},
{"type":"Feature","properties":{"cons":"0767","motivo":"sin_npn"},"geometry":{"type":"Polygon","coordinates":[[[-73.27518251101715,10.4429793014362],[-73.27521330675678,10.44297450589616],[-73.27522992195767,10.443076951628978],[-73.27519945987481,10.443080688132333],[-73.27518251101715,10.4429793014362]]]}},
{"type":"Feature","properties":{"cons":"0768","motivo":"sin_npn"},"geometry":{"type":"Polygon","coordinates":[[[-73.27515439792225,10.442983679229718],[-73.27518251101714,10.44297930143624],[-73.27519945987481,10.443080688132333],[-73.27516879902025,10.44308444901418],[-73.27515439792225,10.442983679229718]]]}},
{"type":"Feature","properties":{"cons":"0769","motivo":"sin_npn"},"geometry":{"type":"Polygon","coordinates":[[[-73.27512856537015,10.442987701892905],[-73.27515439792225,10.442983679229718],[-73.27516879902024,10.44308444901418],[-73.2751412982285,10.443087822277924],[-73.27512856537015,10.442987701892905]]]}},
{"type":"Feature","properties":{"cons":"0770","motivo":"sin_npn"},"geometry":{"type":"Polygon","coordinates":[[[-73.27509135584074,10.442970537459605],[-73.27512445918322,10.442961434835139],[-73.2751412982285,10.443087822277924],[-73.27511126567389,10.443091506086462],[-73.27509135584074,10.442970537459605]]]}},
{"type":"Feature","properties":{"cons":"0771","motivo":"sin_npn"},"geometry":{"type":"Polygon","coordinates":[[[-73.27504370588395,10.442977001063129],[-73.27509135584074,10.442970537459605],[-73.27511126567389,10.443091506086462],[-73.27505221729774,10.443098543065407],[-73.27504370588395,10.442977001063129]]]}},
{"type":"Feature","properties":{"cons":"0772","motivo":"sin_npn"},"geometry":{"type":"Polygon","coordinates":[[[-73.27499181467222,10.442983342445276],[-73.27504370588392,10.442977001063129],[-73.27505221729774,10.443098543065407],[-73.27500918751,10.443102909529603],[-73.27499181467222,10.442983342445276]]]}},
{"type":"Feature","properties":{"cons":"0773","motivo":"sin_npn"},"geometry":{"type":"Polygon","coordinates":[[[-73.27487665679949,10.442881222664028],[-73.2749655979771,10.44284711991873],[-73.27499181467222,10.442983342445276],[-73.27500918751,10.443102909529603],[-73.27494131859153,10.443109796542126],[-73.27491499527798,10.442966166025691],[-73.274900485398,10.442967255778596],[-73.27489215936355,10.442917583208086],[-73.27487665679949,10.442881222664028]]]}},
{"type":"Feature","properties":{"cons":"0774","motivo":"sin_npn"},"geometry":{"type":"Polygon","coordinates":[[[-73.2748384758405,10.442895862392014],[-73.27487665679949,10.442881222664028],[-73.27489215936355,10.442917583208086],[-73.274900485398,10.442967255778596],[-73.27491499527797,10.442966166025691],[-73.27494131859153,10.443109796542126],[-73.27488914194055,10.443115091168567],[-73.27486131026716,10.44297195763472],[-73.2748384758405,10.442895862392014]]]}},
{"type":"Feature","properties":{"cons":"0775","motivo":"sin_npn"},"geometry":{"type":"Polygon","coordinates":[[[-73.27479628959448,10.442912037860612],[-73.2748384758405,10.442895862392014],[-73.27486131026716,10.44297195763472],[-73.27488914194055,10.443115091168567],[-73.27486407822677,10.443117634506207],[-73.27486568540301,10.443134520685057],[-73.27483167839496,10.44313769196845],[-73.27480355517716,10.442978909796441],[-73.27479628959448,10.442912037860612]]]}},
{"type":"Feature","properties":{"cons":"0776","motivo":"sin_npn"},"geometry":{"type":"Polygon","coordinates":[[[-73.27475595313278,10.442929347267683],[-73.27479628959448,10.442912037860612],[-73.27480355517716,10.442978909796441],[-73.27483167839496,10.44313769196845],[-73.27479318075653,10.443141040752472],[-73.27476733638372,10.443022350631036],[-73.27477791456876,10.443019349134728],[-73.27475595313278,10.442929347267683]]]}},
{"type":"Feature","properties":{"cons":"0777","motivo":"sin_npn"},"geometry":{"type":"Polygon","coordinates":[[[-73.27468140762474,10.44296549381139],[-73.27475595313278,10.442929347267683],[-73.27477791456876,10.443019349134728],[-73.27476733638372,10.443022350631036],[-73.27479318075653,10.443141040752472],[-73.2747488148451,10.443142794431179],[-73.27472584509705,10.443028825961195],[-73.27470084028653,10.443031337143799],[-73.27468140762474,10.44296549381139]]]}},
{"type":"Feature","properties":{"cons":"0778","motivo":"sin_npn"},"geometry":{"type":"Polygon","coordinates":[[[-73.27465089338759,10.4429790953507],[-73.27468140762474,10.44296549381139],[-73.2747008402865,10.443031337143799],[-73.27472584509705,10.443028825961195],[-73.2747488148451,10.443142794431179],[-73.27469270777635,10.443148181970459],[-73.2746712216271,10.443040040564744],[-73.27465089338759,10.4429790953507]]]}},
{"type":"Feature","properties":{"cons":"0779","motivo":"sin_npn"},"geometry":{"type":"Polygon","coordinates":[[[-73.27465015664876,10.443154755168578],[-73.2746313267373,10.443051346229257],[-73.27460950447565,10.442995955664353],[-73.27465089338759,10.4429790953507],[-73.27467122162709,10.443040040564744],[-73.27469270777635,10.443148181970459],[-73.27465015664876,10.443154755168578]]]}},
{"type":"Feature","properties":{"cons":"0780","motivo":"sin_npn"},"geometry":{"type":"Polygon","coordinates":[[[-73.27456569110133,10.443013803606659],[-73.27460950447562,10.442995955664353],[-73.2746313267373,10.443051346229257],[-73.27464869259198,10.443144244012807],[-73.27459093081804,10.443151620345708],[-73.27458394485828,10.44307436856387],[-73.27456569110133,10.443013803606659]]]}},
{"type":"Feature","properties":{"cons":"0781","motivo":"sin_npn"},"geometry":{"type":"Polygon","coordinates":[[[-73.27448665003182,10.443046001984042],[-73.27456569110133,10.443013803606659],[-73.27458394485828,10.44307436856387],[-73.27459093081802,10.443151620345708],[-73.27456911820141,10.443155438297266],[-73.27456912670947,10.443165133648119],[-73.27453539216631,10.443168753525013],[-73.27453468280707,10.44315963431389],[-73.27450663356501,10.443165403824086],[-73.27448665003182,10.443046001984042]]]}},
{"type":"Feature","properties":{"cons":"0783","motivo":"sin_npn"},"geometry":{"type":"Polygon","coordinates":[[[-73.27436251039146,10.44308653669193],[-73.27439945703603,10.44321545369903],[-73.27434804359915,10.443228226539617],[-73.27431228795214,10.443102797357259],[-73.27436251039146,10.44308653669193]]]}},
{"type":"Feature","properties":{"cons":"0784","motivo":"sin_npn"},"geometry":{"type":"Polygon","coordinates":[[[-73.27426370369903,10.443118527613214],[-73.27431228795214,10.443102797357259],[-73.27434804359915,10.443228226539617],[-73.27434100079816,10.443230324521],[-73.27434427077475,10.44323606710927],[-73.2743121448496,10.443248829552127],[-73.27426370369903,10.443118527613214]]]}},
{"type":"Feature","properties":{"cons":"0785","motivo":"sin_npn"},"geometry":{"type":"Polygon","coordinates":[[[-73.27420305511707,10.443097900291102],[-73.27424510115804,10.443084258342617],[-73.27425867607745,10.4431201554194],[-73.27426370369903,10.443118527613214],[-73.27431214484959,10.443248829552127],[-73.27426638190107,10.443267009473105],[-73.2742352855414,10.443170903577611],[-73.27420305511707,10.443097900291102]]]}},
{"type":"Feature","properties":{"cons":"0786","motivo":"sin_npn"},"geometry":{"type":"Polygon","coordinates":[[[-73.2741257678701,10.443122976324059],[-73.27420305511707,10.443097900291102],[-73.27423528554138,10.443170903577611],[-73.27426638190107,10.443267009473105],[-73.27422697877282,10.443282662866663],[-73.27416950224217,10.443170002496913],[-73.27416176480732,10.443171924272368],[-73.2741257678701,10.443122976324059]]]}},
{"type":"Feature","properties":{"cons":"0841","motivo":"sin_npn"},"geometry":{"type":"Polygon","coordinates":[[[-73.27714034987488,10.447491006368397],[-73.27720369699308,10.447481632134028],[-73.2772305004828,10.447602164401133],[-73.27716211114276,10.447615174732132],[-73.27714034987488,10.447491006368397]]]}},
{"type":"Feature","properties":{"cons":"0797","motivo":"sin_npn"},"geometry":{"type":"Polygon","coordinates":[[[-73.27593093958284,10.448011486723233],[-73.27608896354914,10.448005566830137],[-73.27609116529312,10.448081920826384],[-73.2759359053743,10.448091630741276],[-73.27593093958284,10.448011486723233]]]}},
{"type":"Feature","properties":{"cons":"0796","motivo":"sin_npn"},"geometry":{"type":"Polygon","coordinates":[[[-73.27592912772158,10.44798224467694],[-73.27608699788614,10.447970617377178],[-73.27608896354914,10.448005566830137],[-73.27593093958284,10.448011486723233],[-73.27592912772158,10.44798224467694]]]}},
{"type":"Feature","properties":{"cons":"0795","motivo":"sin_npn"},"geometry":{"type":"Polygon","coordinates":[[[-73.27607875083864,10.447899301675367],[-73.27615613685697,10.447895045522545],[-73.27615371746353,10.447935129725751],[-73.27608355988639,10.44794106971703],[-73.27608699788614,10.447970617377178],[-73.2759567795016,10.44798081275753],[-73.27595293881419,10.447914323415693],[-73.2760791994833,10.447903594513287],[-73.27607875083864,10.447899301675367]]]}},
{"type":"Feature","properties":{"cons":"0794","motivo":"sin_npn"},"geometry":{"type":"Polygon","coordinates":[[[-73.27594988193493,10.447861403204724],[-73.27607334561188,10.44784758197434],[-73.2760791994833,10.447903594513287],[-73.27595293881419,10.447914323415693],[-73.27594988193493,10.447861403204724]]]}},
{"type":"Feature","properties":{"cons":"0793","motivo":"sin_npn"},"geometry":{"type":"Polygon","coordinates":[[[-73.27606916067715,10.447796770669042],[-73.27607334561188,10.44784758197434],[-73.2759498819349,10.447861403204724],[-73.27594678000527,10.447807703065202],[-73.27606916067715,10.447796770669042]]]}},
{"type":"Feature","properties":{"cons":"0798","motivo":"sin_npn"},"geometry":{"type":"Polygon","coordinates":[[[-73.2760835598864,10.44794106971703],[-73.27615371746353,10.447935129725751],[-73.27615319999967,10.448081771406008],[-73.27609116529312,10.448081920826384],[-73.2760835598864,10.44794106971703]]]}},
{"type":"Feature","properties":{"cons":"0799","motivo":"sin_npn"},"geometry":{"type":"Polygon","coordinates":[[[-73.27615319999967,10.448081771406008],[-73.27615443197135,10.447922620903805],[-73.27623000800294,10.447919862356384],[-73.27622103106427,10.448071285436036],[-73.27615319999967,10.448081771406008]]]}},
{"type":"Feature","properties":{"cons":"0800","motivo":"sin_npn"},"geometry":{"type":"Polygon","coordinates":[[[-73.27623000800291,10.447919862356384],[-73.27626404887097,10.447920231881845],[-73.27626093053624,10.448065117389824],[-73.27622103106425,10.448071285436036],[-73.27623000800291,10.447919862356384]]]}},
{"type":"Feature","properties":{"cons":"0792","motivo":"sin_npn"},"geometry":{"type":"Polygon","coordinates":[[[-73.27606916067712,10.447796770669042],[-73.27610602822145,10.447793477242607],[-73.27611282575837,10.447897427591537],[-73.27607875083862,10.447899301675367],[-73.27606916067712,10.447796770669042]]]}},
{"type":"Feature","properties":{"cons":"0791","motivo":"sin_npn"},"geometry":{"type":"Polygon","coordinates":[[[-73.27610602822145,10.447793477242607],[-73.27616742300914,10.44778799275549],[-73.27617572614506,10.447894310399858],[-73.27611282575837,10.447897427591537],[-73.27610602822145,10.447793477242607]]]}},
{"type":"Feature","properties":{"cons":"0790","motivo":"sin_npn"},"geometry":{"type":"Polygon","coordinates":[[[-73.27625989695383,10.447779731898793],[-73.2762548080585,10.447920131569969],[-73.27615443197135,10.447922620903805],[-73.27615613685697,10.447895045522545],[-73.27617572614506,10.447894310399858],[-73.27616742300914,10.44778799275549],[-73.27625989695383,10.447779731898793]]]}},
{"type":"Feature","properties":{"cons":"0801","motivo":"sin_npn"},"geometry":{"type":"Polygon","coordinates":[[[-73.2763537083941,10.44793993997336],[-73.27637095791563,10.448048834185824],[-73.2763008300065,10.448058949338607],[-73.27629857304561,10.447947528534302],[-73.2763537083941,10.44793993997336]]]}},
{"type":"Feature","properties":{"cons":"0803","motivo":"sin_npn"},"geometry":{"type":"Polygon","coordinates":[[[-73.27635434673894,10.44794372301709],[-73.27638526930485,10.44793919447281],[-73.27638526486201,10.447934167256074],[-73.27642067596607,10.44793196810495],[-73.27643042998724,10.448022449627334],[-73.27637095199208,10.448042131230268],[-73.27635434673894,10.44794372301709]]]}},
{"type":"Feature","properties":{"cons":"0804","motivo":"sin_npn"},"geometry":{"type":"Polygon","coordinates":[[[-73.27643806275367,10.447827068844136],[-73.27644093938787,10.447873060258798],[-73.27631974287719,10.44788799150808],[-73.27629736955546,10.447885616960551],[-73.27629491218474,10.447841630907268],[-73.27643806275367,10.447827068844136]]]}},
{"type":"Feature","properties":{"cons":"0805","motivo":"sin_npn"},"geometry":{"type":"Polygon","coordinates":[[[-73.27643629943697,10.447798877058363],[-73.27643806275367,10.447827068844136],[-73.27629491218474,10.447841630907268],[-73.2762957940106,10.447813202408348],[-73.27643629943697,10.447798877058363]]]}},
{"type":"Feature","properties":{"cons":"0806","motivo":"sin_npn"},"geometry":{"type":"Polygon","coordinates":[[[-73.27643456112385,10.447771085022474],[-73.27643629943694,10.447798877058363],[-73.27629576326284,10.447814193661067],[-73.2762942560065,10.44778327980728],[-73.27643456112385,10.447771085022474]]]}},
{"type":"Feature","properties":{"cons":"0802","motivo":"sin_npn"},"geometry":{"type":"Polygon","coordinates":[[[-73.2762935665955,10.44777628219369],[-73.27629736955541,10.447885616960551],[-73.27631974287718,10.44788799150808],[-73.27642110973244,10.447875471346046],[-73.27642744482937,10.447928610762837],[-73.27638526486201,10.447934167256074],[-73.27638526930485,10.44793919447281],[-73.27629857304561,10.447947528534302],[-73.2763008300065,10.448058949338607],[-73.27626093053624,10.448065117389824],[-73.27626404887097,10.447920231881845],[-73.2762548080585,10.447920131569969],[-73.27625989695379,10.447779731898793],[-73.2762935665955,10.44777628219369]]]}},
{"type":"Feature","properties":{"cons":"0807","motivo":"sin_npn"},"geometry":{"type":"Polygon","coordinates":[[[-73.27629299650548,10.447741800552627],[-73.27644311317962,10.447723891565193],[-73.2764476210666,10.447771073712097],[-73.2762942560065,10.447783279807322],[-73.27629299650548,10.447741800552627]]]}},
{"type":"Feature","properties":{"cons":"0808","motivo":"sin_npn"},"geometry":{"type":"Polygon","coordinates":[[[-73.27629007404653,10.447704195979762],[-73.27642385271942,10.447686204090331],[-73.27642819407355,10.447725671424559],[-73.27629299650548,10.447741800552627],[-73.27629007404653,10.447704195979762]]]}},
{"type":"Feature","properties":{"cons":"0826","motivo":"sin_npn"},"geometry":{"type":"Polygon","coordinates":[[[-73.27633959119848,10.446916634018358],[-73.27636673792023,10.446841051769571],[-73.2764141294872,10.446818707716252],[-73.276411737669,10.446919274610728],[-73.27633959119848,10.446916634018358]]]}},
{"type":"Feature","properties":{"cons":"0810","motivo":"sin_npn"},"geometry":{"type":"Polygon","coordinates":[[[-73.27636289744012,10.447531133544373],[-73.2763822585001,10.447664147268394],[-73.27628790719262,10.447676314104987],[-73.27627741682382,10.447541329768699],[-73.27636289744012,10.447531133544373]]]}},
{"type":"Feature","properties":{"cons":"0811","motivo":"sin_npn"},"geometry":{"type":"Polygon","coordinates":[[[-73.27627041895036,10.447481653974133],[-73.27640428345012,10.447465158800766],[-73.27640798254384,10.447525755732872],[-73.27627741682382,10.447541329768699],[-73.27627041895036,10.447481653974133]]]}},
{"type":"Feature","properties":{"cons":"0812","motivo":"sin_npn"},"geometry":{"type":"Polygon","coordinates":[[[-73.27626434728407,10.447429952773602],[-73.27640119961559,10.44741464075307],[-73.2764042834501,10.447465158800766],[-73.27627041895036,10.447481653974158],[-73.27626434728407,10.447429952773602]]]}},
{"type":"Feature","properties":{"cons":"0813","motivo":"sin_npn"},"geometry":{"type":"Polygon","coordinates":[[[-73.27626080980092,10.44737777678668],[-73.27639951327714,10.447371382164992],[-73.27640119961558,10.44741464075307],[-73.27626434728407,10.447429952773602],[-73.27626080980092,10.44737777678668]]]}},
{"type":"Feature","properties":{"cons":"0814","motivo":"sin_npn"},"geometry":{"type":"Polygon","coordinates":[[[-73.27625827342762,10.447336281725459],[-73.27640043820392,10.447331163436084],[-73.27639951327713,10.447371382164992],[-73.27626080980092,10.44737777678668],[-73.27625827342762,10.447336281725459]]]}},
{"type":"Feature","properties":{"cons":"0815","motivo":"sin_npn"},"geometry":{"type":"Polygon","coordinates":[[[-73.27625393758692,10.447265347350518],[-73.27640190184732,10.447267519602361],[-73.27640043820392,10.447331163436084],[-73.2762582734276,10.447336281725459],[-73.27625393758692,10.447265347350518]]]}},
{"type":"Feature","properties":{"cons":"0816","motivo":"sin_npn"},"geometry":{"type":"Polygon","coordinates":[[[-73.2762517645015,10.447226886771949],[-73.27640276178539,10.44723012677658],[-73.27640190184732,10.447267519602361],[-73.27625393758692,10.447265347350518],[-73.2762517645015,10.447226886771949]]]}},
{"type":"Feature","properties":{"cons":"0817","motivo":"sin_npn"},"geometry":{"type":"Polygon","coordinates":[[[-73.27625298196031,10.447191184106684],[-73.27640356539848,10.447195183134834],[-73.27640276178539,10.44723012677658],[-73.2762517645015,10.447226886771949],[-73.27625298196031,10.447191184106684]]]}},
{"type":"Feature","properties":{"cons":"0818","motivo":"sin_npn"},"geometry":{"type":"Polygon","coordinates":[[[-73.27625420270066,10.447157225997795],[-73.27640430272236,10.447163121955217],[-73.27640356539848,10.447195183134834],[-73.2762529819603,10.447191184106684],[-73.27625420270066,10.447157225997795]]]}},
{"type":"Feature","properties":{"cons":"0819","motivo":"sin_npn"},"geometry":{"type":"Polygon","coordinates":[[[-73.27627227858164,10.447123934292033],[-73.27640498862868,10.447133296572371],[-73.27640430272234,10.447163121955217],[-73.27626109543482,10.447157220032738],[-73.27627227858164,10.447123934292033]]]}},
{"type":"Feature","properties":{"cons":"0820","motivo":"sin_npn"},"geometry":{"type":"Polygon","coordinates":[[[-73.27628161656568,10.447096140525087],[-73.27640567453494,10.447103471189429],[-73.27640498862868,10.447133296572371],[-73.27627227858163,10.447123934292033],[-73.27628161656568,10.447096140525087]]]}},
{"type":"Feature","properties":{"cons":"0821","motivo":"sin_npn"},"geometry":{"type":"Polygon","coordinates":[[[-73.2762968160851,10.447067607649188],[-73.27639862340787,10.447072117307748],[-73.27639733006588,10.447102760240158],[-73.27629277741114,10.447096534853035],[-73.2762968160851,10.447067607649188]]]}},
{"type":"Feature","properties":{"cons":"0822","motivo":"sin_npn"},"geometry":{"type":"Polygon","coordinates":[[[-73.27630045658377,10.447041532391417],[-73.27639966845679,10.447047357138718],[-73.27639862340786,10.447072117307748],[-73.2762968160851,10.447067607649188],[-73.27630045658377,10.447041532391417]]]}},
{"type":"Feature","properties":{"cons":"0823","motivo":"sin_npn"},"geometry":{"type":"Polygon","coordinates":[[[-73.27630409708193,10.44701545713348],[-73.27640086390197,10.447024109461228],[-73.27639966845679,10.447047357138718],[-73.27630045658375,10.447041532391417],[-73.27630409708193,10.44701545713348]]]}},
{"type":"Feature","properties":{"cons":"0824","motivo":"sin_npn"},"geometry":{"type":"Polygon","coordinates":[[[-73.2763216307476,10.446973549511492],[-73.27640581465833,10.446981642073219],[-73.27640086390197,10.447024109461228],[-73.27631308939866,10.44701593406512],[-73.2763216307476,10.446973549511492]]]}},
{"type":"Feature","properties":{"cons":"0825","motivo":"sin_npn"},"geometry":{"type":"Polygon","coordinates":[[[-73.27633959119848,10.446916634018358],[-73.276411737669,10.446919274610728],[-73.27640581465833,10.446981642073219],[-73.2763216307476,10.446973549511492],[-73.27633959119848,10.446916634018358]]]}},
{"type":"Feature","properties":{"cons":"0809","motivo":"sin_npn"},"geometry":{"type":"Polygon","coordinates":[[[-73.27636289744012,10.447531133544373],[-73.27640798254384,10.447525755732872],[-73.2764256421613,10.447658552827312],[-73.2763822585001,10.447664147268394],[-73.27636289744012,10.447531133544373]]]}},
{"type":"Feature","properties":{"cons":"0831","motivo":"sin_npn"},"geometry":{"type":"Polygon","coordinates":[[[-73.2766146615645,10.447568798280024],[-73.27666151895943,10.447561864309785],[-73.27668027950057,10.44767014944664],[-73.27663064056611,10.447678569713487],[-73.2766146615645,10.447568798280024]]]}},
{"type":"Feature","properties":{"cons":"0827","motivo":"sin_npn"},"geometry":{"type":"Polygon","coordinates":[[[-73.27650561032848,10.44769977859278],[-73.27668027950062,10.44767014944664],[-73.27668627737918,10.447704768958305],[-73.27651401447363,10.447735537923435],[-73.27650561032848,10.44769977859278]]]}},
{"type":"Feature","properties":{"cons":"0828","motivo":"sin_npn"},"geometry":{"type":"Polygon","coordinates":[[[-73.27654132656414,10.447579650399213],[-73.2765609790826,10.447690386397362],[-73.27649714714012,10.447701581359693],[-73.27647831280413,10.447588975166479],[-73.27654132656414,10.447579650399213]]]}},
{"type":"Feature","properties":{"cons":"0829","motivo":"sin_npn"},"geometry":{"type":"Polygon","coordinates":[[[-73.27657712043124,10.4475743536221],[-73.27659294491899,10.447684964031552],[-73.2765609790826,10.447690386397362],[-73.27654132656414,10.447579650399213],[-73.27657712043124,10.4475743536221]]]}},
{"type":"Feature","properties":{"cons":"0830","motivo":"sin_npn"},"geometry":{"type":"Polygon","coordinates":[[[-73.2766146615645,10.447568798280024],[-73.27663064056611,10.447678569713487],[-73.27659294491896,10.447684964031552],[-73.27657712043124,10.4475743536221],[-73.2766146615645,10.447568798280024]]]}},
{"type":"Feature","properties":{"cons":"0832","motivo":"sin_npn"},"geometry":{"type":"Polygon","coordinates":[[[-73.27672815134636,10.447552004018497],[-73.27676158562437,10.44773369412228],[-73.27668686276432,10.447739398424549],[-73.27668012784545,10.447705804340552],[-73.27668627737918,10.447704768958305],[-73.27666151895949,10.447561864309785],[-73.27672815134636,10.447552004018497]]]}},
{"type":"Feature","properties":{"cons":"0833","motivo":"sin_npn"},"geometry":{"type":"Polygon","coordinates":[[[-73.27675665529921,10.447547785985998],[-73.27677992591912,10.44769547119925],[-73.27678645493529,10.44769438827644],[-73.2767944828057,10.447730261767061],[-73.27676158562437,10.44773369412228],[-73.27672815134636,10.447552004018497],[-73.27675665529921,10.447547785985998]]]}},
{"type":"Feature","properties":{"cons":"0834","motivo":"sin_npn"},"geometry":{"type":"Polygon","coordinates":[[[-73.27678287670288,10.447543905724196],[-73.27680664491534,10.447689223852644],[-73.27681498749385,10.447687780269362],[-73.27682252073916,10.447727322984152],[-73.2767944828057,10.447730261767061],[-73.27678645493529,10.447694388276465],[-73.27677992591909,10.44769547119925],[-73.27675665529921,10.447547785985998],[-73.27678287670288,10.447543905724196]]]}},
{"type":"Feature","properties":{"cons":"0835","motivo":"sin_npn"},"geometry":{"type":"Polygon","coordinates":[[[-73.27680785334667,10.44754020966075],[-73.27682695115827,10.44767879271486],[-73.27683783316888,10.447677346928682],[-73.27684796618139,10.447724555379105],[-73.27682252073916,10.447727322984152],[-73.27681498749385,10.447687780269362],[-73.27680664491531,10.447689223852644],[-73.27678287670287,10.447543905724196],[-73.27680785334667,10.44754020966075]]]}},
{"type":"Feature","properties":{"cons":"0836","motivo":"sin_npn"},"geometry":{"type":"Polygon","coordinates":[[[-73.2768625917237,10.447532109425413],[-73.27688515854476,10.447720510101881],[-73.27684796618139,10.447724555379105],[-73.27683783316888,10.447677346928682],[-73.27682695115827,10.44767879271486],[-73.27680785334665,10.44754020966075],[-73.2768625917237,10.447532109425413]]]}},
{"type":"Feature","properties":{"cons":"0837","motivo":"sin_npn"},"geometry":{"type":"Polygon","coordinates":[[[-73.27692138400995,10.447523409278014],[-73.27695115844101,10.447714017495144],[-73.27688515854476,10.447720510101881],[-73.2768625917237,10.447532109425413],[-73.27692138400995,10.447523409278014]]]}},
{"type":"Feature","properties":{"cons":"0838","motivo":"sin_npn"},"geometry":{"type":"Polygon","coordinates":[[[-73.27699410845929,10.447512647418106],[-73.27701304860507,10.447706237450452],[-73.27695115844101,10.447714017495144],[-73.27692138400995,10.447523409278014],[-73.27699410845929,10.447512647418106]]]}},
{"type":"Feature","properties":{"cons":"0839","motivo":"sin_npn"},"geometry":{"type":"Polygon","coordinates":[[[-73.27709333864192,10.447497963177033],[-73.27712722709698,10.44769373077369],[-73.27701304860507,10.447706237450452],[-73.27699410845926,10.447512647418106],[-73.27709333864192,10.447497963177033]]]}},
{"type":"Feature","properties":{"cons":"0843","motivo":"sin_npn"},"geometry":{"type":"Polygon","coordinates":[[[-73.27712120069906,10.447658917361121],[-73.27723861334822,10.447638647020835],[-73.27724667590495,10.447674903399005],[-73.27712722709698,10.44769373077369],[-73.27712120069906,10.447658917361121]]]}},
{"type":"Feature","properties":{"cons":"0842","motivo":"sin_npn"},"geometry":{"type":"Polygon","coordinates":[[[-73.27723861334822,10.447638647020835],[-73.27712120069906,10.447658917361121],[-73.27711517430257,10.447624103948334],[-73.2772305004828,10.447602164401133],[-73.27723861334822,10.447638647020835]]]}},
{"type":"Feature","properties":{"cons":"0840","motivo":"sin_npn"},"geometry":{"type":"Polygon","coordinates":[[[-73.27714034987488,10.447491006368397],[-73.27716211114276,10.447615174732132],[-73.27711517430255,10.447624103948334],[-73.27709333864188,10.447497963177033],[-73.27714034987488,10.447491006368397]]]}},
{"type":"Feature","properties":{"cons":"0999","motivo":"sin_npn"},"geometry":{"type":"Polygon","coordinates":[[[-73.27856408077572,10.453426280903386],[-73.27869599861519,10.453393478634524],[-73.27871559049437,10.453458830889785],[-73.27858287994192,10.453495159565788],[-73.27856408077572,10.453426280903386]]]}},
{"type":"Feature","properties":{"cons":"1157","motivo":"sin_npn"},"geometry":{"type":"Polygon","coordinates":[[[-73.27729152491943,10.462235735727067],[-73.27710013631136,10.462288938195947],[-73.27709061860739,10.462211158276347],[-73.2770026024592,10.461786806689544],[-73.27702420596383,10.461441359217108],[-73.27709094202496,10.46133714072192],[-73.2770782399804,10.460606397122998],[-73.27713583913307,10.460034239464923],[-73.27723241617194,10.460040943788925],[-73.27719856897649,10.461013458523881],[-73.27725224943622,10.461005400821684],[-73.27722604157339,10.4611647545411],[-73.27719434599777,10.461424042813327],[-73.27718447017938,10.461742202352136],[-73.27724345739266,10.461984175592713],[-73.27729152491943,10.462235735727067]]]}},
{"type":"Feature","properties":{"cons":"0844","motivo":"sin_npn"},"geometry":{"type":"Polygon","coordinates":[[[-73.27723169439734,10.447911753371223],[-73.27735012919706,10.447887076718345],[-73.27736931405515,10.447971906001795],[-73.27724970501065,10.44799644823076],[-73.27723169439734,10.447911753371223]]]}},
{"type":"Feature","properties":{"cons":"0845","motivo":"sin_npn"},"geometry":{"type":"Polygon","coordinates":[[[-73.27738293794482,10.448032146437333],[-73.27726292442769,10.448058612470454],[-73.27724970501068,10.44799644823076],[-73.27736931405516,10.447971906001795],[-73.27738293794482,10.448032146437333]]]}},
{"type":"Feature","properties":{"cons":"0846","motivo":"sin_npn"},"geometry":{"type":"Polygon","coordinates":[[[-73.27739716591181,10.448095057880382],[-73.27726609575687,10.448120971967324],[-73.27725455424348,10.448060535655072],[-73.27738293794482,10.448032146437333],[-73.27739716591181,10.448095057880382]]]}},
{"type":"Feature","properties":{"cons":"0847","motivo":"sin_npn"},"geometry":{"type":"Polygon","coordinates":[[[-73.27741128510846,10.448157488348901],[-73.2772893022337,10.448182653885434],[-73.27727574932312,10.44811892144871],[-73.27739716591181,10.448095057880382],[-73.27741128510846,10.448157488348901]]]}},
{"type":"Feature","properties":{"cons":"0848","motivo":"sin_npn"},"geometry":{"type":"Polygon","coordinates":[[[-73.27742476211816,10.448217079251332],[-73.27730237188973,10.44824411379512],[-73.2772893022337,10.448182653885434],[-73.27741128510846,10.448157488348901],[-73.27742476211816,10.448217079251332]]]}},
{"type":"Feature","properties":{"cons":"0849","motivo":"sin_npn"},"geometry":{"type":"Polygon","coordinates":[[[-73.27743854349129,10.448278015923098],[-73.27731541196405,10.4483054345709],[-73.2773023718897,10.44824411379512],[-73.27742476211816,10.448217079251332],[-73.27743854349129,10.448278015923098]]]}},
{"type":"Feature","properties":{"cons":"0850","motivo":"sin_npn"},"geometry":{"type":"Polygon","coordinates":[[[-73.27745296556117,10.448341785516039],[-73.27732843772263,10.448366688000418],[-73.27731541196405,10.4483054345709],[-73.27743854349129,10.448278015923098],[-73.27745296556117,10.448341785516039]]]}},
{"type":"Feature","properties":{"cons":"0851","motivo":"sin_npn"},"geometry":{"type":"Polygon","coordinates":[[[-73.27746705078223,10.448404065647974],[-73.27733316242592,10.448431544034841],[-73.27731907900724,10.448368356933843],[-73.27745296556117,10.448341785516039],[-73.27746705078223,10.448404065647974]]]}},
{"type":"Feature","properties":{"cons":"0852","motivo":"sin_npn"},"geometry":{"type":"Polygon","coordinates":[[[-73.2774807526834,10.448464650841665],[-73.27735495244404,10.448491372989494],[-73.2773418837222,10.44842991757939],[-73.27746705078223,10.448404065647974],[-73.2774807526834,10.448464650841665]]]}},
{"type":"Feature","properties":{"cons":"0853","motivo":"sin_npn"},"geometry":{"type":"Polygon","coordinates":[[[-73.27749497237942,10.448527525522625],[-73.27736820605375,10.448553697804103],[-73.27735495244404,10.448491372989494],[-73.2774807526834,10.448464650841665],[-73.27749497237942,10.448527525522625]]]}},
{"type":"Feature","properties":{"cons":"0854","motivo":"sin_npn"},"geometry":{"type":"Polygon","coordinates":[[[-73.27750894973587,10.448589328633032],[-73.27738156550812,10.448616520323338],[-73.27736820605375,10.448553697804103],[-73.27749497237942,10.448527525522625],[-73.27750894973587,10.448589328633032]]]}},
{"type":"Feature","properties":{"cons":"0855","motivo":"sin_npn"},"geometry":{"type":"Polygon","coordinates":[[[-73.27752300848415,10.448651491603494],[-73.27739466223122,10.448678107328098],[-73.27738156550811,10.448616520323338],[-73.27750894973587,10.448589328633032],[-73.27752300848415,10.448651491603494]]]}},
{"type":"Feature","properties":{"cons":"0856","motivo":"sin_npn"},"geometry":{"type":"Polygon","coordinates":[[[-73.27753635491777,10.448710504937276],[-73.27740754176392,10.448738672974782],[-73.27739466223119,10.448678107328098],[-73.27752300848415,10.448651491603494],[-73.27753635491777,10.448710504937276]]]}},
{"type":"Feature","properties":{"cons":"0857","motivo":"sin_npn"},"geometry":{"type":"Polygon","coordinates":[[[-73.27755791441554,10.448805833561151],[-73.2774275861855,10.44883293126189],[-73.27740754176392,10.448738672974782],[-73.27753635491777,10.448710504937276],[-73.27755791441554,10.448805833561151]]]}},
{"type":"Feature","properties":{"cons":"0858","motivo":"sin_npn"},"geometry":{"type":"Polygon","coordinates":[[[-73.27760015757336,10.448992617973756],[-73.27744291987767,10.449029232971865],[-73.27742615666669,10.448955507564772],[-73.27758410817765,10.448921653209545],[-73.27760015757336,10.448992617973756]]]}},
{"type":"Feature","properties":{"cons":"0859","motivo":"sin_npn"},"geometry":{"type":"Polygon","coordinates":[[[-73.2776144701818,10.449055903247757],[-73.27746413394638,10.449087865427572],[-73.27745077899732,10.449028029182942],[-73.27760015757335,10.448992617973756],[-73.2776144701818,10.449055903247757]]]}},
{"type":"Feature","properties":{"cons":"0860","motivo":"sin_npn"},"geometry":{"type":"Polygon","coordinates":[[[-73.27762915373032,10.449120828657817],[-73.27748202627818,10.449150690119218],[-73.27747777661148,10.44913124326136],[-73.27744694554876,10.449136955610255],[-73.27743572167111,10.449093874911842],[-73.27761447018179,10.449055903247757],[-73.27762915373032,10.449120828657817]]]}},
{"type":"Feature","properties":{"cons":"0861","motivo":"sin_npn"},"geometry":{"type":"Polygon","coordinates":[[[-73.27764231065366,10.449179003851267],[-73.27750943194825,10.449209516680861],[-73.27749720873577,10.449147229435042],[-73.27762915373032,10.449120828657817],[-73.27764231065366,10.449179003851267]]]}},
{"type":"Feature","properties":{"cons":"0862","motivo":"sin_npn"},"geometry":{"type":"Polygon","coordinates":[[[-73.2776562175588,10.449240495169247],[-73.27752750242568,10.449270095412752],[-73.27751436457933,10.449208219678276],[-73.27764231065366,10.449179003851267],[-73.2776562175588,10.449240495169247]]]}},
{"type":"Feature","properties":{"cons":"0863","motivo":"sin_npn"},"geometry":{"type":"Polygon","coordinates":[[[-73.27766981082614,10.44930059966844],[-73.2775349033327,10.449332032509814],[-73.27752750242568,10.449270095412752],[-73.2776562175588,10.449240495169288],[-73.27766981082614,10.44930059966844]]]}},
{"type":"Feature","properties":{"cons":"0864","motivo":"sin_npn"},"geometry":{"type":"Polygon","coordinates":[[[-73.27768362868223,10.449361697191675],[-73.27754843050941,10.449394480462434],[-73.2775349033327,10.449332032509814],[-73.27766981082614,10.44930059966844],[-73.27768362868223,10.449361697191675]]]}},
{"type":"Feature","properties":{"cons":"0865","motivo":"sin_npn"},"geometry":{"type":"Polygon","coordinates":[[[-73.27769884268534,10.4494289679379],[-73.27757085521282,10.449454608052086],[-73.27755659089028,10.449392079451655],[-73.2776836286822,10.449361697191675],[-73.27769884268534,10.4494289679379]]]}},
{"type":"Feature","properties":{"cons":"0866","motivo":"sin_npn"},"geometry":{"type":"Polygon","coordinates":[[[-73.27771258556504,10.449489733888214],[-73.27757574692667,10.449518758616781],[-73.27756239224973,10.449456710087158],[-73.27769884268533,10.4494289679379],[-73.27771258556504,10.449489733888214]]]}},
{"type":"Feature","properties":{"cons":"0867","motivo":"sin_npn"},"geometry":{"type":"Polygon","coordinates":[[[-73.27772732765483,10.449554917948452],[-73.27758941994809,10.449582286210884],[-73.27757574692667,10.449518758616781],[-73.27771258556504,10.449489733888214],[-73.27772732765483,10.449554917948452]]]}},
{"type":"Feature","properties":{"cons":"0872","motivo":"sin_npn"},"geometry":{"type":"Polygon","coordinates":[[[-73.27790267780782,10.449792277859242],[-73.27769888604107,10.449854348614798],[-73.27769200449238,10.449819350177783],[-73.27789330320479,10.449757550718422],[-73.27790267780782,10.449792277859242]]]}},
{"type":"Feature","properties":{"cons":"0873","motivo":"sin_npn"},"geometry":{"type":"Polygon","coordinates":[[[-73.27791247585832,10.449828573603622],[-73.27770541218585,10.44988753951744],[-73.27769888604107,10.449854348614798],[-73.27790267780782,10.449792277859242],[-73.27791247585832,10.449828573603622]]]}},
{"type":"Feature","properties":{"cons":"0874","motivo":"sin_npn"},"geometry":{"type":"Polygon","coordinates":[[[-73.27792141683607,10.449861694413046],[-73.27771211406738,10.449921624180227],[-73.27770541218585,10.44988753951744],[-73.2779124758583,10.449828573603622],[-73.27792141683607,10.449861694413046]]]}},
{"type":"Feature","properties":{"cons":"0875","motivo":"sin_npn"},"geometry":{"type":"Polygon","coordinates":[[[-73.27792968955866,10.449892339742311],[-73.27782909644826,10.449926031892721],[-73.27771821890876,10.449952672388187],[-73.27771211406738,10.449921624180227],[-73.27792141683605,10.449861694413046],[-73.27792968955866,10.449892339742311]]]}},
{"type":"Feature","properties":{"cons":"0876","motivo":"sin_npn"},"geometry":{"type":"Polygon","coordinates":[[[-73.27793992982201,10.449930327643271],[-73.27783928573265,10.44996145294898],[-73.27772541524645,10.44998927175635],[-73.27771821890876,10.449952672388187],[-73.27782909644824,10.449926031892721],[-73.27792968955865,10.449892339742311],[-73.27793992982201,10.449930327643271]]]}},
{"type":"Feature","properties":{"cons":"0877","motivo":"sin_npn"},"geometry":{"type":"Polygon","coordinates":[[[-73.27794930756255,10.449971903123355],[-73.27781467038272,10.450021801009958],[-73.27773537735604,10.45003993736155],[-73.27772541524645,10.44998927175635],[-73.27783928573264,10.44996145294898],[-73.27793992982201,10.449930327643271],[-73.27794930756255,10.449971903123355]]]}},
{"type":"Feature","properties":{"cons":"0878","motivo":"sin_npn"},"geometry":{"type":"Polygon","coordinates":[[[-73.27796875943793,10.450058141454424],[-73.27784472305977,10.450092634700113],[-73.2777496294534,10.450112421087919],[-73.27773537735602,10.45003993736155],[-73.27781467038272,10.450021801009958],[-73.27794930756252,10.449971903123355],[-73.27796875943793,10.450058141454424]]]}},
{"type":"Feature","properties":{"cons":"0879","motivo":"sin_npn"},"geometry":{"type":"Polygon","coordinates":[[[-73.27798239836589,10.450118608517704],[-73.27778723063481,10.450169768778157],[-73.27776132096251,10.450171882073485],[-73.2777496294534,10.450112421087919],[-73.27784472305977,10.450092634700113],[-73.27796875943791,10.450058141454424],[-73.27798239836589,10.450118608517704]]]}},
{"type":"Feature","properties":{"cons":"0880","motivo":"sin_npn"},"geometry":{"type":"Polygon","coordinates":[[[-73.27799739818431,10.450185108947172],[-73.2777755763835,10.450244382636054],[-73.2777613209625,10.450171882073485],[-73.27778723063481,10.450169768778157],[-73.27798239836589,10.450118608517704],[-73.27799739818431,10.450185108947172]]]}},
{"type":"Feature","properties":{"cons":"0881","motivo":"sin_npn"},"geometry":{"type":"Polygon","coordinates":[[[-73.27801145004122,10.450247406641065],[-73.27789325357044,10.450272614772057],[-73.2778952020092,10.450287934124411],[-73.27778833897442,10.450309290896351],[-73.2777755763835,10.450244382636054],[-73.27799739818431,10.450185108947172],[-73.27801145004122,10.450247406641065]]]}},
{"type":"Feature","properties":{"cons":"0882","motivo":"sin_npn"},"geometry":{"type":"Polygon","coordinates":[[[-73.2780303921478,10.45033138479124],[-73.27780215458658,10.450380836744998],[-73.27778833897442,10.450309290896351],[-73.2778952020092,10.450287934124411],[-73.27789325357044,10.450272614772057],[-73.2780114500412,10.450247406641065],[-73.2780303921478,10.45033138479124]]]}},
{"type":"Feature","properties":{"cons":"0871","motivo":"sin_npn"},"geometry":{"type":"Polygon","coordinates":[[[-73.27785480131998,10.449616621718947],[-73.27789330320478,10.449757550718422],[-73.2778114483384,10.449782680487443],[-73.27777142016326,10.449645619248901],[-73.27785480131998,10.449616621718947]]]}},
{"type":"Feature","properties":{"cons":"0868","motivo":"sin_npn"},"geometry":{"type":"Polygon","coordinates":[[[-73.27777167826999,10.449757930328463],[-73.2777031820607,10.449778676380328],[-73.27767467429358,10.44967721917926],[-73.277741655212,10.449655341325487],[-73.27777167826999,10.449757930328463]]]}},
{"type":"Feature","properties":{"cons":"0870","motivo":"sin_npn"},"geometry":{"type":"Polygon","coordinates":[[[-73.277741655212,10.449655341325487],[-73.27777142016322,10.449645619248901],[-73.27781144833837,10.449782680487443],[-73.27778160298213,10.44979184312415],[-73.277741655212,10.449655341325487]]]}},
{"type":"Feature","properties":{"cons":"0869","motivo":"sin_npn"},"geometry":{"type":"Polygon","coordinates":[[[-73.27768486719803,10.449783051050892],[-73.27777167826999,10.449757930328463],[-73.27778160298213,10.44979184312415],[-73.27769200449238,10.449819350177783],[-73.27768486719803,10.449783051050892]]]}},
{"type":"Feature","properties":{"cons":"0883","motivo":"sin_npn"},"geometry":{"type":"Polygon","coordinates":[[[-73.27797668231557,10.450471343912987],[-73.27782589158862,10.45050687761618],[-73.27781419491029,10.450444769554283],[-73.27796256459466,10.450409566480314],[-73.27797668231557,10.450471343912987]]]}},
{"type":"Feature","properties":{"cons":"0884","motivo":"sin_npn"},"geometry":{"type":"Polygon","coordinates":[[[-73.27800136406394,10.450525398114026],[-73.27783871455382,10.450574966105043],[-73.27782589158862,10.45050687761618],[-73.27797668231555,10.450471343912987],[-73.27798247399772,10.45049668760309],[-73.27798924587805,10.450496681704157],[-73.27800136406394,10.450525398114026]]]}},
{"type":"Feature","properties":{"cons":"0885","motivo":"sin_npn"},"geometry":{"type":"Polygon","coordinates":[[[-73.27804005614604,10.450554901493064],[-73.27780850057894,10.450612693645596],[-73.27780165676057,10.450581940717043],[-73.27783871455382,10.450574966105043],[-73.27800136406394,10.450525398114026],[-73.27803279961746,10.450519385942979],[-73.27804005614604,10.450554901493064]]]}},
{"type":"Feature","properties":{"cons":"0886","motivo":"sin_npn"},"geometry":{"type":"Polygon","coordinates":[[[-73.27804736847816,10.450590690152787],[-73.27781465067267,10.450640329293313],[-73.27780850057893,10.450612693645596],[-73.27804005614604,10.450554901493064],[-73.27804736847816,10.450590690152787]]]}},
{"type":"Feature","properties":{"cons":"0887","motivo":"sin_npn"},"geometry":{"type":"Polygon","coordinates":[[[-73.27806071307477,10.450656002429442],[-73.27782914251497,10.450705448840422],[-73.27781465067265,10.450640329293313],[-73.27804736847816,10.450590690152787],[-73.27806071307477,10.450656002429442]]]}},
{"type":"Feature","properties":{"cons":"0888","motivo":"sin_npn"},"geometry":{"type":"Polygon","coordinates":[[[-73.27806767870382,10.450690094200219],[-73.27791669775826,10.450719947036879],[-73.2779181586651,10.450730957768213],[-73.27783859579742,10.450747927444947],[-73.27782914251497,10.450705448840422],[-73.27806071307477,10.450656002429442],[-73.27806767870382,10.450690094200219]]]}},
{"type":"Feature","properties":{"cons":"0889","motivo":"sin_npn"},"geometry":{"type":"Polygon","coordinates":[[[-73.27804962294371,10.450747663769638],[-73.27784876367423,10.450793374818197],[-73.2778385957974,10.450747927444947],[-73.2779181586651,10.450730957768213],[-73.27791669775826,10.450719947036879],[-73.27804051436426,10.450695750823169],[-73.27804962294371,10.450747663769638]]]}},
{"type":"Feature","properties":{"cons":"0890","motivo":"sin_npn"},"geometry":{"type":"Polygon","coordinates":[[[-73.27805588785506,10.450785420978026],[-73.27785613263316,10.450826181058725],[-73.27784876367423,10.450793374818197],[-73.2780496229437,10.450747663769638],[-73.27805588785506,10.450785420978026]]]}},
{"type":"Feature","properties":{"cons":"0891","motivo":"sin_npn"},"geometry":{"type":"Polygon","coordinates":[[[-73.27806132572682,10.45081819379705],[-73.27786252777388,10.450854651902718],[-73.27785613263316,10.450826181058725],[-73.27805588785503,10.450785420978026],[-73.27806132572682,10.45081819379705]]]}},
{"type":"Feature","properties":{"cons":"0892","motivo":"sin_npn"},"geometry":{"type":"Polygon","coordinates":[[[-73.27806651013172,10.450849439021757],[-73.27794826879291,10.450866307370601],[-73.27795081687037,10.450876000502124],[-73.2778705567245,10.45089039637769],[-73.27786252777386,10.450854651902718],[-73.27806132572682,10.45081819379705],[-73.27806651013172,10.450849439021757]]]}},
{"type":"Feature","properties":{"cons":"0893","motivo":"sin_npn"},"geometry":{"type":"Polygon","coordinates":[[[-73.27807154856183,10.45087980448295],[-73.27791536413747,10.450906769395493],[-73.27791003205205,10.45088225860334],[-73.27795081687036,10.450876000502124],[-73.27794826879288,10.450866307370601],[-73.27806651013172,10.450849439021757],[-73.27807154856183,10.45087980448295]]]}},
{"type":"Feature","properties":{"cons":"0894","motivo":"sin_npn"},"geometry":{"type":"Polygon","coordinates":[[[-73.27807845503997,10.450912558933648],[-73.277922980464,10.450941780492018],[-73.27791536413747,10.450906769395493],[-73.27807154856183,10.45087980448295],[-73.27807845503997,10.450912558933648]]]}},
{"type":"Feature","properties":{"cons":"0895","motivo":"sin_npn"},"geometry":{"type":"Polygon","coordinates":[[[-73.2780852643871,10.450944799754653],[-73.27792901274098,10.450969509947154],[-73.27792298046398,10.450941780492018],[-73.27807845503997,10.450912558933648],[-73.2780852643871,10.450944799754653]]]}},
{"type":"Feature","properties":{"cons":"0896","motivo":"sin_npn"},"geometry":{"type":"Polygon","coordinates":[[[-73.27809103243708,10.450972110247687],[-73.27793647460538,10.45100381098969],[-73.27792901274097,10.450969509947154],[-73.2780852643871,10.450944799754653],[-73.27809103243708,10.450972110247687]]]}},
{"type":"Feature","properties":{"cons":"0897","motivo":"sin_npn"},"geometry":{"type":"Polygon","coordinates":[[[-73.27809872879838,10.451008550877862],[-73.27794633099803,10.451049119297306],[-73.27793647460537,10.45100381098969],[-73.27809103243708,10.450972110247687],[-73.27809872879838,10.451008550877862]]]}},
{"type":"Feature","properties":{"cons":"0898","motivo":"sin_npn"},"geometry":{"type":"Polygon","coordinates":[[[-73.27811157227264,10.451069361969466],[-73.27795680087799,10.451097247695031],[-73.27794633099803,10.451049119297306],[-73.27809872879838,10.451008550877862],[-73.27811157227264,10.451069361969466]]]}},
{"type":"Feature","properties":{"cons":"0899","motivo":"sin_npn"},"geometry":{"type":"Polygon","coordinates":[[[-73.27812477036493,10.451131139170561],[-73.27797114828373,10.451163200444787],[-73.27795680087799,10.451097247695031],[-73.27811157227264,10.451069361969466],[-73.27812477036493,10.451131139170561]]]}},
{"type":"Feature","properties":{"cons":"0902","motivo":"sin_npn"},"geometry":{"type":"Polygon","coordinates":[[[-73.27809073420117,10.451230069972537],[-73.27815542347322,10.451215234263021],[-73.27818768118668,10.451329987260257],[-73.27811590115215,10.451346913928358],[-73.27809073420117,10.451230069972537]]]}},
{"type":"Feature","properties":{"cons":"0900","motivo":"sin_npn"},"geometry":{"type":"Polygon","coordinates":[[[-73.27802771799453,10.45124452197063],[-73.27804093774115,10.451291026639376],[-73.27805020735353,10.451362405367009],[-73.27801446642214,10.451370833529847],[-73.277989946487,10.451253184398434],[-73.27802771799453,10.45124452197063]]]}},
{"type":"Feature","properties":{"cons":"0901","motivo":"sin_npn"},"geometry":{"type":"Polygon","coordinates":[[[-73.27809073420117,10.451230069972537],[-73.27811590115215,10.451346913928358],[-73.27805020735352,10.451362405367016],[-73.27804093774115,10.451291026639392],[-73.27802771799453,10.451244521970647],[-73.27809073420117,10.451230069972537]]]}},
{"type":"Feature","properties":{"cons":"0903","motivo":"sin_npn"},"geometry":{"type":"Polygon","coordinates":[[[-73.27820043514487,10.451376567550897],[-73.27802296828767,10.451411626318848],[-73.27801446642214,10.451370833529847],[-73.27818768118668,10.451329987260257],[-73.27820043514487,10.451376567550897]]]}},
{"type":"Feature","properties":{"cons":"0904","motivo":"sin_npn"},"geometry":{"type":"Polygon","coordinates":[[[-73.2782089357507,10.451407613644664],[-73.27807521722384,10.451450491269997],[-73.27803267212823,10.45145818628828],[-73.27802296828766,10.451411626318848],[-73.27820043514487,10.451376567550897],[-73.2782089357507,10.451407613644664]]]}},
{"type":"Feature","properties":{"cons":"0905","motivo":"sin_npn"},"geometry":{"type":"Polygon","coordinates":[[[-73.27822245253986,10.451439835853988],[-73.27810765030951,10.451478232403408],[-73.2780421767158,10.451503790207747],[-73.27803267212822,10.45145818628828],[-73.27807521722384,10.451450491269997],[-73.2782089357507,10.451407613644664],[-73.27822245253986,10.451439835853988]]]}},
{"type":"Feature","properties":{"cons":"0906","motivo":"sin_npn"},"geometry":{"type":"Polygon","coordinates":[[[-73.27824381195046,10.45148576400387],[-73.27811665494568,10.451541232363438],[-73.27811825501328,10.451545540013484],[-73.27805598702996,10.451569907554791],[-73.2780421767158,10.451503790207772],[-73.27822245253986,10.451439835853988],[-73.27824381195046,10.45148576400387]]]}},
{"type":"Feature","properties":{"cons":"0907","motivo":"sin_npn"},"geometry":{"type":"Polygon","coordinates":[[[-73.27811825501328,10.451545540013484],[-73.27812557288001,10.45156114195236],[-73.27814312265699,10.45171433712947],[-73.2780896302365,10.451722764844979],[-73.27805598702994,10.451569907554791],[-73.27811825501328,10.451545540013484]]]}},
{"type":"Feature","properties":{"cons":"0909","motivo":"sin_npn"},"geometry":{"type":"Polygon","coordinates":[[[-73.27812772949726,10.451579967463747],[-73.27827783579595,10.451547290986177],[-73.27830932049925,10.451601298061417],[-73.2781362683308,10.451654504497201],[-73.27812772949726,10.451579967463747]]]}},
{"type":"Feature","properties":{"cons":"0910","motivo":"sin_npn"},"geometry":{"type":"Polygon","coordinates":[[[-73.27832657542042,10.451635329878501],[-73.27819969423891,10.451689331262353],[-73.27814228541358,10.451707028684284],[-73.2781362683308,10.451654504497201],[-73.27830932049925,10.451601298061417],[-73.27832657542042,10.451635329878501]]]}},
{"type":"Feature","properties":{"cons":"0911","motivo":"sin_npn"},"geometry":{"type":"Polygon","coordinates":[[[-73.27815514538014,10.451771601033169],[-73.27814228541355,10.451707028684284],[-73.27819969423891,10.451689331262353],[-73.27832657542042,10.451635329878501],[-73.27835771321074,10.451696489456001],[-73.27824835223328,10.45174027919611],[-73.27815514538014,10.451771601033169]]]}},
{"type":"Feature","properties":{"cons":"0916","motivo":"sin_npn"},"geometry":{"type":"Polygon","coordinates":[[[-73.27807733723714,10.451856677760826],[-73.27805136872377,10.451732681395761],[-73.27814312265699,10.45171433712947],[-73.27815514538014,10.451771601033169],[-73.27819742275199,10.451757393874344],[-73.27824404029532,10.451922699173386],[-73.27815344785421,10.451940050868142],[-73.27813397660144,10.451845790909955],[-73.27807733723714,10.451856677760826]]]}},
{"type":"Feature","properties":{"cons":"0914","motivo":"sin_npn"},"geometry":{"type":"Polygon","coordinates":[[[-73.27840493534637,10.45181658773305],[-73.27842306713703,10.451881240535188],[-73.27829763600855,10.451910287608845],[-73.27827928491435,10.451848457116094],[-73.27840493534637,10.45181658773305]]]}},
{"type":"Feature","properties":{"cons":"0913","motivo":"sin_npn"},"geometry":{"type":"Polygon","coordinates":[[[-73.27839104367285,10.451765848823747],[-73.27840493534636,10.45181658773305],[-73.27827928491435,10.451848457116112],[-73.27826618516957,10.45180394174724],[-73.27839104367285,10.451765848823747]]]}},
{"type":"Feature","properties":{"cons":"0912","motivo":"sin_npn"},"geometry":{"type":"Polygon","coordinates":[[[-73.278246242193,10.451740988268147],[-73.27835771321074,10.451696489456001],[-73.27838654577407,10.451747370199456],[-73.27839104367285,10.451765848823747],[-73.27826618516957,10.45180394174724],[-73.278246242193,10.451740988268147]]]}},
{"type":"Feature","properties":{"cons":"0915","motivo":"sin_npn"},"geometry":{"type":"Polygon","coordinates":[[[-73.27819742275199,10.451757393874344],[-73.27824624219298,10.451740988268147],[-73.27829763600855,10.451910287608845],[-73.27824404029532,10.451922699173386],[-73.27819742275199,10.451757393874344]]]}},
{"type":"Feature","properties":{"cons":"0917","motivo":"sin_npn"},"geometry":{"type":"Polygon","coordinates":[[[-73.27807733723714,10.451856677760826],[-73.27813397660144,10.451845790909955],[-73.27815344785421,10.451940050868142],[-73.27809705995186,10.451950851155635],[-73.27807733723714,10.451856677760826]]]}},
{"type":"Feature","properties":{"cons":"0939","motivo":"sin_npn"},"geometry":{"type":"Polygon","coordinates":[[[-73.27846202889255,10.452179473870197],[-73.27846965367222,10.452207481802217],[-73.27852563075496,10.45219355861907],[-73.27853778392812,10.452255165208065],[-73.27844562752598,10.452279513662814],[-73.27842070018015,10.452191413979374],[-73.27846202889255,10.452179473870197]]]}},
{"type":"Feature","properties":{"cons":"0938","motivo":"sin_npn"},"geometry":{"type":"Polygon","coordinates":[[[-73.27833585072952,10.452269417313666],[-73.27843420968688,10.45223916007494],[-73.27844562752598,10.452279513662814],[-73.27834681857146,10.45230561974123],[-73.27833585072952,10.452269417313666]]]}},
{"type":"Feature","properties":{"cons":"0945","motivo":"sin_npn"},"geometry":{"type":"Polygon","coordinates":[[[-73.27842053268516,10.452044140069788],[-73.27840435189817,10.451961839470773],[-73.27847921343917,10.451943076083149],[-73.27849194947974,10.45198651449832],[-73.27850447622616,10.45198531243629],[-73.27851428865252,10.452021000646345],[-73.27842053268516,10.452044140069788]]]}},
{"type":"Feature","properties":{"cons":"0944","motivo":"sin_npn"},"geometry":{"type":"Polygon","coordinates":[[[-73.27852238655645,10.452050453058984],[-73.27842999025931,10.45207249969268],[-73.27839105134484,10.452087448201866],[-73.27838145279283,10.45205108602692],[-73.27851428865252,10.452021000646345],[-73.27852238655645,10.452050453058984]]]}},
{"type":"Feature","properties":{"cons":"0943","motivo":"sin_npn"},"geometry":{"type":"Polygon","coordinates":[[[-73.27853185039571,10.452084873427284],[-73.2784525127543,10.452106234219372],[-73.27840228683394,10.452126336419083],[-73.27839105134481,10.452087448201866],[-73.27842999025931,10.45207249969268],[-73.27852238655645,10.452050453058984],[-73.27853185039571,10.452084873427284]]]}},
{"type":"Feature","properties":{"cons":"0942","motivo":"sin_npn"},"geometry":{"type":"Polygon","coordinates":[[[-73.27854004357845,10.452114672359412],[-73.27841103330303,10.452157248722115],[-73.27840228683394,10.452126336419083],[-73.2784525127543,10.452106234219372],[-73.2785318503957,10.452084873427284],[-73.27854004357845,10.452114672359412]]]}},
{"type":"Feature","properties":{"cons":"0941","motivo":"sin_npn"},"geometry":{"type":"Polygon","coordinates":[[[-73.27855026691881,10.452151855047019],[-73.27842070018015,10.452191413979374],[-73.278411033303,10.452157248722115],[-73.27854004357845,10.452114672359412],[-73.27855026691881,10.452151855047019]]]}},
{"type":"Feature","properties":{"cons":"0940","motivo":"sin_npn"},"geometry":{"type":"Polygon","coordinates":[[[-73.27846202889255,10.452179473870197],[-73.27855026691881,10.452151855047019],[-73.27855826986848,10.45218096208021],[-73.27852563075496,10.45219355861907],[-73.27846965367222,10.452207481802217],[-73.27846202889255,10.452179473870197]]]}},
{"type":"Feature","properties":{"cons":"0946","motivo":"sin_npn"},"geometry":{"type":"Polygon","coordinates":[[[-73.27840617246548,10.451969318862162],[-73.27842053268516,10.452044140069788],[-73.27838145279283,10.45205108602692],[-73.27836470340218,10.451979463794256],[-73.27840617246548,10.451969318862162]]]}},
{"type":"Feature","properties":{"cons":"0929","motivo":"sin_npn"},"geometry":{"type":"Polygon","coordinates":[[[-73.27837307809648,10.452015274910758],[-73.27827371279177,10.452043018262156],[-73.2782639313689,10.452004435506298],[-73.27836470340218,10.451979463794256],[-73.27837307809648,10.452015274910758]]]}},
{"type":"Feature","properties":{"cons":"0930","motivo":"sin_npn"},"geometry":{"type":"Polygon","coordinates":[[[-73.27837922103352,10.452041542781302],[-73.27827998531019,10.452067760162949],[-73.27827371279177,10.452043018262156],[-73.27837307809646,10.452015274910758],[-73.27837922103352,10.452041542781302]]]}},
{"type":"Feature","properties":{"cons":"0931","motivo":"sin_npn"},"geometry":{"type":"Polygon","coordinates":[[[-73.27838536397168,10.452067810651632],[-73.27828691505356,10.452095094477542],[-73.27827998531016,10.452067760162949],[-73.27837922103352,10.452041542781302],[-73.27838536397168,10.452067810651632]]]}},
{"type":"Feature","properties":{"cons":"0932","motivo":"sin_npn"},"geometry":{"type":"Polygon","coordinates":[[[-73.27839324847915,10.45209503453914],[-73.27829326255716,10.452120132147556],[-73.27828691505354,10.452095094477542],[-73.27838536397168,10.452067810651632],[-73.27839324847915,10.45209503453914]]]}},
{"type":"Feature","properties":{"cons":"0933","motivo":"sin_npn"},"geometry":{"type":"Polygon","coordinates":[[[-73.27839982042893,10.452117726380113],[-73.278299709079,10.452145560389573],[-73.27829326255714,10.452120132147556],[-73.27839324847913,10.45209503453914],[-73.27839982042893,10.452117726380113]]]}},
{"type":"Feature","properties":{"cons":"0934","motivo":"sin_npn"},"geometry":{"type":"Polygon","coordinates":[[[-73.27840713253401,10.45214346238783],[-73.27830645140571,10.452172155426096],[-73.27829970907896,10.452145560389573],[-73.2783998204289,10.452117726380113],[-73.27840713253401,10.45214346238783]]]}},
{"type":"Feature","properties":{"cons":"0935","motivo":"sin_npn"},"geometry":{"type":"Polygon","coordinates":[[[-73.27841586674128,10.452174331350786],[-73.2783158888494,10.452203527525544],[-73.2783064514057,10.452172155426096],[-73.27840713253401,10.45214346238783],[-73.27841586674128,10.452174331350786]]]}},
{"type":"Feature","properties":{"cons":"0936","motivo":"sin_npn"},"geometry":{"type":"Polygon","coordinates":[[[-73.27842432357437,10.45220421999456],[-73.27832474289225,10.4522327527829],[-73.27831588884938,10.452203527525544],[-73.27841586674128,10.452174331350786],[-73.27842432357437,10.45220421999456]]]}},
{"type":"Feature","properties":{"cons":"0937","motivo":"sin_npn"},"geometry":{"type":"Polygon","coordinates":[[[-73.27843420968688,10.45223916007494],[-73.27833585072952,10.452269417313666],[-73.27832474289225,10.4522327527829],[-73.27842432357437,10.45220421999456],[-73.27843420968688,10.45223916007494]]]}},
{"type":"Feature","properties":{"cons":"0918","motivo":"sin_npn"},"geometry":{"type":"Polygon","coordinates":[[[-73.27817412131952,10.452029333863326],[-73.27819361643878,10.452125682034044],[-73.27813590168026,10.452136325285734],[-73.2781159425298,10.452041014665888],[-73.27817412131952,10.452029333863326]]]}},
{"type":"Feature","properties":{"cons":"0919","motivo":"sin_npn"},"geometry":{"type":"Polygon","coordinates":[[[-73.27817412131952,10.452029333863326],[-73.27822633749642,10.452018850190115],[-73.2782439889786,10.452116392761111],[-73.27819361643878,10.452125682034044],[-73.27817412131952,10.452029333863326]]]}},
{"type":"Feature","properties":{"cons":"0920","motivo":"sin_npn"},"geometry":{"type":"Polygon","coordinates":[[[-73.27825510855995,10.452179039503484],[-73.27815366948975,10.452199061528137],[-73.27814124100055,10.452135340655415],[-73.27824398897859,10.452116392761111],[-73.27825510855995,10.452179039503484]]]}},
{"type":"Feature","properties":{"cons":"0921","motivo":"sin_npn"},"geometry":{"type":"Polygon","coordinates":[[[-73.27814922726331,10.45219995869924],[-73.27825510855995,10.452179039503484],[-73.27826580480806,10.452239301197432],[-73.27816189308518,10.452260441540794],[-73.27814922726331,10.45219995869924]]]}},
{"type":"Feature","properties":{"cons":"0922","motivo":"sin_npn"},"geometry":{"type":"Polygon","coordinates":[[[-73.27822065161502,10.452248487403264],[-73.27823200956526,10.452311626857892],[-73.2781749358866,10.45232272453819],[-73.27816189308518,10.452260441540794],[-73.27822065161502,10.452248487403264]]]}},
{"type":"Feature","properties":{"cons":"0923","motivo":"sin_npn"},"geometry":{"type":"Polygon","coordinates":[[[-73.27822753356786,10.452312497192713],[-73.27824053007738,10.452374100571102],[-73.27818812743766,10.452385717828795],[-73.2781749358866,10.45232272453819],[-73.27822753356786,10.452312497192713]]]}},
{"type":"Feature","properties":{"cons":"0924","motivo":"sin_npn"},"geometry":{"type":"Polygon","coordinates":[[[-73.27824053007735,10.452374100571102],[-73.27825419244897,10.452439322800197],[-73.27820155262036,10.452449826746248],[-73.27818812743764,10.452385717828795],[-73.27824053007735,10.452374100571102]]]}},
{"type":"Feature","properties":{"cons":"0925","motivo":"sin_npn"},"geometry":{"type":"Polygon","coordinates":[[[-73.27825419244895,10.452439322800197],[-73.27826633924089,10.452500057762265],[-73.27821461550718,10.452509381653543],[-73.27820155262036,10.452449826746248],[-73.27825419244895,10.452439322800197]]]}},
{"type":"Feature","properties":{"cons":"0926","motivo":"sin_npn"},"geometry":{"type":"Polygon","coordinates":[[[-73.27826633924087,10.452500057762265],[-73.27828060332989,10.452561987833626],[-73.27822893850835,10.4525723402286],[-73.27821461550718,10.452509381653543],[-73.27826633924087,10.452500057762265]]]}},
{"type":"Feature","properties":{"cons":"0927","motivo":"sin_npn"},"geometry":{"type":"Polygon","coordinates":[[[-73.27828060332989,10.452561987833626],[-73.27829305218405,10.452622423291348],[-73.27824280124179,10.45263327561184],[-73.27822893850835,10.4525723402286],[-73.27828060332989,10.452561987833626]]]}},
{"type":"Feature","properties":{"cons":"0928","motivo":"sin_npn"},"geometry":{"type":"Polygon","coordinates":[[[-73.27829305218403,10.452622423291348],[-73.27830580575925,10.452685551635065],[-73.27825552756674,10.452696448832947],[-73.27824280124177,10.45263327561184],[-73.27829305218403,10.452622423291348]]]}},
{"type":"Feature","properties":{"cons":"0949","motivo":"sin_npn"},"geometry":{"type":"Polygon","coordinates":[[[-73.27842628650504,10.452388380050587],[-73.27855798191264,10.452357552312618],[-73.27856936037487,10.452403436087412],[-73.27843606486748,10.452432323531903],[-73.27842628650504,10.452388380050587]]]}},
{"type":"Feature","properties":{"cons":"0947","motivo":"sin_npn"},"geometry":{"type":"Polygon","coordinates":[[[-73.27855020163969,10.45231811276143],[-73.27841759131347,10.452349304274618],[-73.27840741134958,10.452303555988976],[-73.2785410893207,10.452271920824304],[-73.27855020163969,10.45231811276143]]]}},
{"type":"Feature","properties":{"cons":"0948","motivo":"sin_npn"},"geometry":{"type":"Polygon","coordinates":[[[-73.27855798191264,10.452357552312618],[-73.27842628650504,10.452388380050587],[-73.27841759131344,10.452349304274618],[-73.27855020163967,10.452318112761441],[-73.27855798191264,10.452357552312618]]]}},
{"type":"Feature","properties":{"cons":"0967","motivo":"sin_npn"},"geometry":{"type":"Polygon","coordinates":[[[-73.27841307357724,10.452329001779322],[-73.27843606486748,10.452432323531903],[-73.27839973214552,10.452438974406656],[-73.27840186302878,10.452455430702576],[-73.27838493322261,10.452455445474262],[-73.27838401187852,10.45243928736207],[-73.2783628506877,10.45244050278111],[-73.2783464362582,10.45234027197295],[-73.27841307357724,10.452329001779322]]]}},
{"type":"Feature","properties":{"cons":"0950","motivo":"sin_npn"},"geometry":{"type":"Polygon","coordinates":[[[-73.27840944523035,10.452482654852535],[-73.27839973214552,10.452438974406656],[-73.27856936037487,10.452403436087412],[-73.27858052458764,10.452447273492606],[-73.27840944523035,10.452482654852535]]]}},
{"type":"Feature","properties":{"cons":"0951","motivo":"sin_npn"},"geometry":{"type":"Polygon","coordinates":[[[-73.27840460894197,10.452483556790101],[-73.2785805245876,10.452447273492606],[-73.27859057263765,10.452486728160611],[-73.27841077092052,10.45252229051943],[-73.27840460894197,10.452483556790101]]]}},
{"type":"Feature","properties":{"cons":"0952","motivo":"sin_npn"},"geometry":{"type":"Polygon","coordinates":[[[-73.27839448841308,10.452525510974798],[-73.27859057263765,10.452486728160611],[-73.27860023133529,10.452534989342382],[-73.2784769341182,10.452563390535515],[-73.27840257453299,10.452575424994905],[-73.27839448841308,10.452525510974798]]]}},
{"type":"Feature","properties":{"cons":"0953","motivo":"sin_npn"},"geometry":{"type":"Polygon","coordinates":[[[-73.27840257453303,10.452575424994905],[-73.2784769341182,10.452563390535515],[-73.27860023133529,10.452534989342382],[-73.27860864517012,10.452579143106094],[-73.27841380214535,10.452622395749648],[-73.27840257453303,10.452575424994905]]]}},
{"type":"Feature","properties":{"cons":"0954","motivo":"sin_npn"},"geometry":{"type":"Polygon","coordinates":[[[-73.27855685916735,10.452591116239361],[-73.27860864517012,10.452579143106094],[-73.2786296208618,10.452689218386794],[-73.2785816118884,10.45270073310066],[-73.27855685916735,10.452591116239361]]]}},
{"type":"Feature","properties":{"cons":"0955","motivo":"sin_npn"},"geometry":{"type":"Polygon","coordinates":[[[-73.27849688340198,10.452604982867252],[-73.27855685916735,10.452591116239361],[-73.2785816118884,10.45270073310066],[-73.27852262133254,10.452715583814188],[-73.27849688340198,10.452604982867252]]]}},
{"type":"Feature","properties":{"cons":"0956","motivo":"sin_npn"},"geometry":{"type":"Polygon","coordinates":[[[-73.27845305948682,10.452614271296678],[-73.27849688340196,10.452604982867252],[-73.27852262133254,10.452715583814188],[-73.27847856766661,10.45272737556761],[-73.27845305948682,10.452614271296678]]]}},
{"type":"Feature","properties":{"cons":"0957","motivo":"sin_npn"},"geometry":{"type":"Polygon","coordinates":[[[-73.27841380214532,10.452622395749648],[-73.27845305948681,10.452614271296678],[-73.27847856766661,10.45272737556761],[-73.27843512035085,10.452739005013756],[-73.27841380214532,10.452622395749648]]]}},
{"type":"Feature","properties":{"cons":"0958","motivo":"sin_npn"},"geometry":{"type":"Polygon","coordinates":[[[-73.27841812729656,10.452646054066868],[-73.27843512035082,10.452739005013756],[-73.27834624571766,10.45275386281175],[-73.27832955196209,10.452663026139584],[-73.27841812729656,10.452646054066868]]]}},
{"type":"Feature","properties":{"cons":"0959","motivo":"sin_npn"},"geometry":{"type":"Polygon","coordinates":[[[-73.27841044168639,10.452608337259726],[-73.27841812729653,10.452646054066868],[-73.27832955196209,10.452663026139584],[-73.27832226435424,10.452627123794647],[-73.27841044168639,10.452608337259726]]]}},
{"type":"Feature","properties":{"cons":"0966","motivo":"sin_npn"},"geometry":{"type":"Polygon","coordinates":[[[-73.27833274558566,10.452534608402773],[-73.27831491610083,10.452421235689682],[-73.27833377860856,10.452418825322296],[-73.278332805223,10.452412123213577],[-73.27833909258327,10.452411160163456],[-73.27833351811668,10.452369033172785],[-73.27835079775669,10.452366904433116],[-73.27836285068767,10.45244050278111],[-73.27838401187852,10.45243928736207],[-73.27838493322261,10.452455445474262],[-73.27840186302878,10.452455430702576],[-73.27840944523032,10.452482654852535],[-73.27840460894197,10.452483556790101],[-73.27841077092052,10.45252229051943],[-73.27833274558566,10.452534608402773]]]}},
{"type":"Feature","properties":{"cons":"0960","motivo":"sin_npn"},"geometry":{"type":"Polygon","coordinates":[[[-73.27831429113313,10.452596162331394],[-73.27840257453302,10.452575424994905],[-73.27841044168639,10.452608337259726],[-73.27832226435423,10.452627123794647],[-73.27831429113313,10.452596162331394]]]}},
{"type":"Feature","properties":{"cons":"0961","motivo":"sin_npn"},"geometry":{"type":"Polygon","coordinates":[[[-73.27830753672238,10.452569933724467],[-73.27839886780335,10.452554712898017],[-73.27840257453299,10.452575424994905],[-73.27831429113311,10.452596162331394],[-73.27830753672238,10.452569933724467]]]}},
{"type":"Feature","properties":{"cons":"0962","motivo":"sin_npn"},"geometry":{"type":"Polygon","coordinates":[[[-73.27829969383811,10.452539478370507],[-73.27839448841308,10.452525510974798],[-73.27839886780333,10.452554712898017],[-73.27830753672238,10.452569933724467],[-73.27829969383811,10.452539478370507]]]}},
{"type":"Feature","properties":{"cons":"0965","motivo":"sin_npn"},"geometry":{"type":"Polygon","coordinates":[[[-73.27833351811671,10.452369033172785],[-73.27833909258327,10.452411160163456],[-73.278332805223,10.452412123213577],[-73.27833377860856,10.452418825322296],[-73.27831491610083,10.452421235689682],[-73.27831492292113,10.452428896206964],[-73.27826671170625,10.452438483987018],[-73.2782594023762,10.452378163740832],[-73.27833351811671,10.452369033172785]]]}},
{"type":"Feature","properties":{"cons":"0963","motivo":"sin_npn"},"geometry":{"type":"Polygon","coordinates":[[[-73.27827494488439,10.45248207299464],[-73.2783231475013,10.452472714568254],[-73.27833274558566,10.452534608402773],[-73.27828615169429,10.452541405312994],[-73.27827494488439,10.45248207299464]]]}},
{"type":"Feature","properties":{"cons":"0964","motivo":"sin_npn"},"geometry":{"type":"Polygon","coordinates":[[[-73.2783231475013,10.452472714568254],[-73.27827494488439,10.45248207299464],[-73.27826671170625,10.452438483987018],[-73.27831492292111,10.452428896206966],[-73.2783231475013,10.452472714568254]]]}},
{"type":"Feature","properties":{"cons":"0970","motivo":"sin_npn"},"geometry":{"type":"Polygon","coordinates":[[[-73.27843946278496,10.452797534548402],[-73.27856081580792,10.452762920854884],[-73.27857916347801,10.452846557821001],[-73.27845905237945,10.45288022470849],[-73.27843946278496,10.452797534548402]]]}},
{"type":"Feature","properties":{"cons":"0971","motivo":"sin_npn"},"geometry":{"type":"Polygon","coordinates":[[[-73.27832596048353,10.45290938374922],[-73.27842893151958,10.452888667513761],[-73.27857916347801,10.45284655782097],[-73.27859376627359,10.452913132660866],[-73.27833871324317,10.452972453791006],[-73.27832596048353,10.45290938374922]]]}},
{"type":"Feature","properties":{"cons":"0968","motivo":"sin_npn"},"geometry":{"type":"Polygon","coordinates":[[[-73.27838244937185,10.452813796545968],[-73.27840337161751,10.452893809787899],[-73.2783259604835,10.45290938374923],[-73.27831076695061,10.452834242583863],[-73.27838244937185,10.452813796545968]]]}},
{"type":"Feature","properties":{"cons":"0969","motivo":"sin_npn"},"geometry":{"type":"Polygon","coordinates":[[[-73.27843946278496,10.452797534548402],[-73.27845905237945,10.45288022470849],[-73.27840337161751,10.452893809787899],[-73.27838244937183,10.452813796545968],[-73.27843946278496,10.452797534548402]]]}},
{"type":"Feature","properties":{"cons":"0972","motivo":"sin_npn"},"geometry":{"type":"Polygon","coordinates":[[[-73.2786006808003,10.452944656306313],[-73.27834557784624,10.45300640335702],[-73.27833871324317,10.452972453791006],[-73.27859376627359,10.452913132660866],[-73.2786006808003,10.452944656306313]]]}},
{"type":"Feature","properties":{"cons":"0973","motivo":"sin_npn"},"geometry":{"type":"Polygon","coordinates":[[[-73.27860827829197,10.452979293612534],[-73.27835211697003,10.453038743225827],[-73.27834557784624,10.45300640335702],[-73.27860068080028,10.452944656306313],[-73.27860827829197,10.452979293612534]]]}},
{"type":"Feature","properties":{"cons":"0974","motivo":"sin_npn"},"geometry":{"type":"Polygon","coordinates":[[[-73.27861515223344,10.453010632213509],[-73.27835902929932,10.453072928810702],[-73.27835211697003,10.453038743225827],[-73.27860827829194,10.452979293612534],[-73.27861515223344,10.453010632213509]]]}},
{"type":"Feature","properties":{"cons":"0977","motivo":"sin_npn"},"geometry":{"type":"Polygon","coordinates":[[[-73.27847956610167,10.453091303445262],[-73.27848839515023,10.453123458519537],[-73.27840578298736,10.453136457751334],[-73.27840068740365,10.45311778967341],[-73.27836920954674,10.453123276181865],[-73.27835902929928,10.453072928810702],[-73.27844190586471,10.453052770828357],[-73.27845750581461,10.453098109998809],[-73.27847956610167,10.453091303445262]]]}},
{"type":"Feature","properties":{"cons":"0981","motivo":"sin_npn"},"geometry":{"type":"Polygon","coordinates":[[[-73.27868099637041,10.453301688789571],[-73.2785109627516,10.45334343945702],[-73.27841743152554,10.45336176227096],[-73.27840108828134,10.453280935346521],[-73.27866356653375,10.45322546498219],[-73.27868099637041,10.453301688789571]]]}},
{"type":"Feature","properties":{"cons":"0982","motivo":"sin_npn"},"geometry":{"type":"Polygon","coordinates":[[[-73.27841743152554,10.45336176227096],[-73.2785109627516,10.45334343945702],[-73.27868099637041,10.453301688789571],[-73.27868802453136,10.453332424188615],[-73.27853759400689,10.453373938602704],[-73.27848259010473,10.453394334882502],[-73.27842636708436,10.453405953828657],[-73.27841743152554,10.45336176227096]]]}},
{"type":"Feature","properties":{"cons":"0980","motivo":"sin_npn"},"geometry":{"type":"Polygon","coordinates":[[[-73.27838739045092,10.453213191508889],[-73.27864826141784,10.453158532926821],[-73.27866356653375,10.45322546498219],[-73.27840108828134,10.453280935346521],[-73.27838739045092,10.453213191508889]]]}},
{"type":"Feature","properties":{"cons":"0979","motivo":"sin_npn"},"geometry":{"type":"Polygon","coordinates":[[[-73.2783776830338,10.453165182595363],[-73.27840801038253,10.453159437376181],[-73.27841104103184,10.453167813428347],[-73.27863916285672,10.453118743249462],[-73.27864826141781,10.453158532926821],[-73.2783873904509,10.453213191508889],[-73.2783776830338,10.453165182595363]]]}},
{"type":"Feature","properties":{"cons":"0978","motivo":"sin_npn"},"geometry":{"type":"Polygon","coordinates":[[[-73.27836920954674,10.453123276181865],[-73.27840068740365,10.45311778967341],[-73.27840578298736,10.453136457751334],[-73.27848839515025,10.453123458519537],[-73.27863001906375,10.453078410721796],[-73.27863916285672,10.453118743249462],[-73.27841104103184,10.453167813428347],[-73.27840801038253,10.453159437376181],[-73.2783776830338,10.453165182595363],[-73.27836920954674,10.453123276181865]]]}},
{"type":"Feature","properties":{"cons":"0975","motivo":"sin_npn"},"geometry":{"type":"Polygon","coordinates":[[[-73.27844190586472,10.453052770828357],[-73.27861515223344,10.453010632213509],[-73.2786231309308,10.453047007436323],[-73.27845750581463,10.453098109998809],[-73.27844190586472,10.453052770828357]]]}},
{"type":"Feature","properties":{"cons":"0976","motivo":"sin_npn"},"geometry":{"type":"Polygon","coordinates":[[[-73.27847956610167,10.453091303445262],[-73.2786231309308,10.453047007436323],[-73.27863001906375,10.453078410721796],[-73.27848839515023,10.453123458519537],[-73.27847956610167,10.453091303445262]]]}},
{"type":"Feature","properties":{"cons":"0984","motivo":"sin_npn"},"geometry":{"type":"Polygon","coordinates":[[[-73.2784106508005,10.45354229844859],[-73.27844747896272,10.453535446549239],[-73.27845775624968,10.453604183324845],[-73.27842267153078,10.45360995100416],[-73.2784106508005,10.45354229844859]]]}},
{"type":"Feature","properties":{"cons":"0994","motivo":"sin_npn"},"geometry":{"type":"Polygon","coordinates":[[[-73.27849351571837,10.453983425581743],[-73.27856269328818,10.453967284002982],[-73.27859338951782,10.454093111603422],[-73.27851749588652,10.45410984339705],[-73.27849351571837,10.453983425581743]]]}},
{"type":"Feature","properties":{"cons":"0993","motivo":"sin_npn"},"geometry":{"type":"Polygon","coordinates":[[[-73.2784853241232,10.453940241389876],[-73.27855478732397,10.453927028575317],[-73.27856269328817,10.453967284002982],[-73.27849351571837,10.45398342558176],[-73.2784853241232,10.453940241389876]]]}},
{"type":"Feature","properties":{"cons":"0992","motivo":"sin_npn"},"geometry":{"type":"Polygon","coordinates":[[[-73.27847757130694,10.453899370326845],[-73.27854428631646,10.453885138740528],[-73.27855478732397,10.453927028575317],[-73.27848532412317,10.453940241389876],[-73.27847757130694,10.453899370326845]]]}},
{"type":"Feature","properties":{"cons":"0991","motivo":"sin_npn"},"geometry":{"type":"Polygon","coordinates":[[[-73.2784694856323,10.453856744498303],[-73.27853484178078,10.453844651469758],[-73.27854428631646,10.453885138740528],[-73.27847757130694,10.453899370326845],[-73.2784694856323,10.453856744498303]]]}},
{"type":"Feature","properties":{"cons":"0990","motivo":"sin_npn"},"geometry":{"type":"Polygon","coordinates":[[[-73.27846172549523,10.453815834817512],[-73.27852533386985,10.453803878217256],[-73.27853484178077,10.453844651469758],[-73.2784694856323,10.453856744498303],[-73.27846172549523,10.453815834817512]]]}},
{"type":"Feature","properties":{"cons":"0989","motivo":"sin_npn"},"geometry":{"type":"Polygon","coordinates":[[[-73.27845384604312,10.453774296122667],[-73.2785158883908,10.453763360832424],[-73.27852533386985,10.453803878217256],[-73.27846172549523,10.453815834817512],[-73.27845384604312,10.453774296122667]]]}},
{"type":"Feature","properties":{"cons":"0988","motivo":"sin_npn"},"geometry":{"type":"Polygon","coordinates":[[[-73.27844621752318,10.453734080274113],[-73.2785072572379,10.453722771501692],[-73.2785158883908,10.453763360832424],[-73.27845384604312,10.453774296122667],[-73.27844621752318,10.453734080274113]]]}},
{"type":"Feature","properties":{"cons":"0987","motivo":"sin_npn"},"geometry":{"type":"Polygon","coordinates":[[[-73.27843839553353,10.453692844484799],[-73.27849858916629,10.453681985509514],[-73.2785072572379,10.453722771501692],[-73.27844621752318,10.453734080274113],[-73.27843839553353,10.453692844484799]]]}},
{"type":"Feature","properties":{"cons":"0986","motivo":"sin_npn"},"geometry":{"type":"Polygon","coordinates":[[[-73.27843071803761,10.453652370422654],[-73.27846540081792,10.453645795098844],[-73.27847247284392,10.453686556742017],[-73.2784383955335,10.453692844484799],[-73.27843071803761,10.453652370422654]]]}},
{"type":"Feature","properties":{"cons":"0985","motivo":"sin_npn"},"geometry":{"type":"Polygon","coordinates":[[[-73.27842267153078,10.45360995100416],[-73.27845775624968,10.453604183324845],[-73.27846540081791,10.453645795098844],[-73.27843071803761,10.453652370422654],[-73.27842267153078,10.45360995100416]]]}},
{"type":"Feature","properties":{"cons":"0983","motivo":"sin_npn"},"geometry":{"type":"Polygon","coordinates":[[[-73.27844747896272,10.453535446549239],[-73.2784106508005,10.45354229844859],[-73.27840151703413,10.453490871350446],[-73.27843794897557,10.453484061808748],[-73.27844747896272,10.453535446549239]]]}},
{"type":"Feature","properties":{"cons":"1021","motivo":"sin_npn"},"geometry":{"type":"Polygon","coordinates":[[[-73.27876930126591,10.454142869736186],[-73.27883436310128,10.454126467157991],[-73.27886437758296,10.454260167470892],[-73.2787972261905,10.454271550803517],[-73.27876930126591,10.454142869736186]]]}},
{"type":"Feature","properties":{"cons":"1019","motivo":"sin_npn"},"geometry":{"type":"Polygon","coordinates":[[[-73.27883911587298,10.454031353408853],[-73.27885256102265,10.45408474787432],[-73.2787389317729,10.454108962890432],[-73.2787268094973,10.454054259149371],[-73.27883911587298,10.454031353408853]]]}},
{"type":"Feature","properties":{"cons":"1018","motivo":"sin_npn"},"geometry":{"type":"Polygon","coordinates":[[[-73.27862408229157,10.45413343789985],[-73.27861129666603,10.454080842716627],[-73.2787268094973,10.454054259149371],[-73.2787389317729,10.454108962890432],[-73.27862408229157,10.45413343789985]]]}},
{"type":"Feature","properties":{"cons":"1016","motivo":"sin_npn"},"geometry":{"type":"Polygon","coordinates":[[[-73.2787176057783,10.45400296669464],[-73.27873083753003,10.454053437602164],[-73.278611296666,10.454080842716627],[-73.27860186543876,10.454035976764732],[-73.27864453984493,10.454024885885154],[-73.27864393147115,10.454020697068419],[-73.2787176057783,10.45400296669464]]]}},
{"type":"Feature","properties":{"cons":"1017","motivo":"sin_npn"},"geometry":{"type":"Polygon","coordinates":[[[-73.2787176057783,10.45400296669464],[-73.2788256707282,10.45397795894251],[-73.27883911587296,10.454031353408853],[-73.27873083753003,10.454053437602164],[-73.2787176057783,10.45400296669464]]]}},
{"type":"Feature","properties":{"cons":"1015","motivo":"sin_npn"},"geometry":{"type":"Polygon","coordinates":[[[-73.27868460758258,10.453945794201168],[-73.27880385440135,10.453922678614639],[-73.27881551407668,10.453979404167189],[-73.2786979325452,10.454007701234083],[-73.27868460758258,10.453945794201168]]]}},
{"type":"Feature","properties":{"cons":"1014","motivo":"sin_npn"},"geometry":{"type":"Polygon","coordinates":[[[-73.27868460758258,10.453945794201168],[-73.2786979325452,10.454007701234083],[-73.27864393147115,10.454020697068419],[-73.27864453984493,10.454024885885154],[-73.27860186543876,10.454035976764732],[-73.27858861043146,10.45396682520371],[-73.27868460758258,10.453945794201168]]]}},
{"type":"Feature","properties":{"cons":"1013","motivo":"sin_npn"},"geometry":{"type":"Polygon","coordinates":[[[-73.27866498738375,10.45390128225523],[-73.27875052187837,10.453876669919676],[-73.27882629634983,10.45386592325852],[-73.27883359686169,10.453916189054812],[-73.27867500527688,10.453947655573081],[-73.27866498738375,10.45390128225523]]]}},
{"type":"Feature","properties":{"cons":"1012","motivo":"sin_npn"},"geometry":{"type":"Polygon","coordinates":[[[-73.27866498738375,10.45390128225523],[-73.27867500527688,10.453947655573081],[-73.27858861043146,10.45396682520371],[-73.2785771539906,10.45392411447867],[-73.27866498738375,10.45390128225523]]]}},
{"type":"Feature","properties":{"cons":"1011","motivo":"sin_npn"},"geometry":{"type":"Polygon","coordinates":[[[-73.27867325750043,10.453817174707217],[-73.27880509226424,10.453783993413053],[-73.27882629634983,10.45386592325852],[-73.27875052187837,10.453876669919676],[-73.2786866303146,10.453895054558846],[-73.27868229816187,10.453876370436378],[-73.27868773830899,10.453874570249239],[-73.27867325750043,10.453817174707217]]]}},
{"type":"Feature","properties":{"cons":"1009","motivo":"sin_npn"},"geometry":{"type":"Polygon","coordinates":[[[-73.2786534216167,10.453763461931846],[-73.27879185942719,10.453732863417462],[-73.27880509226424,10.453783993413053],[-73.27866918744606,10.45381801012232],[-73.2786534216167,10.453763461931846]]]}},
{"type":"Feature","properties":{"cons":"1008","motivo":"sin_npn"},"geometry":{"type":"Polygon","coordinates":[[[-73.2786534216167,10.453763461931846],[-73.27866918744606,10.45381801012232],[-73.27858586246309,10.453835907757101],[-73.27857130163736,10.453780381684362],[-73.2786534216167,10.453763461931846]]]}},
{"type":"Feature","properties":{"cons":"1010","motivo":"sin_npn"},"geometry":{"type":"Polygon","coordinates":[[[-73.27867325750043,10.453817174707217],[-73.27868773830899,10.453874570249239],[-73.27868229816187,10.453876370436378],[-73.2786866303146,10.453895054558846],[-73.27857715399055,10.45392411447867],[-73.27855781533954,10.453845029118062],[-73.27867325750043,10.453817174707217]]]}},
{"type":"Feature","properties":{"cons":"1007","motivo":"sin_npn"},"geometry":{"type":"Polygon","coordinates":[[[-73.27865497413386,10.453721742634825],[-73.278781883707,10.453694318494097],[-73.27879185942716,10.453732863417462],[-73.27866404177408,10.45376111459108],[-73.27865497413386,10.453721742634825]]]}},
{"type":"Feature","properties":{"cons":"1006","motivo":"sin_npn"},"geometry":{"type":"Polygon","coordinates":[[[-73.27865497413386,10.453721742634825],[-73.27866404177408,10.45376111459108],[-73.27854325153153,10.453786151567993],[-73.27853377567857,10.453743948333408],[-73.27865497413386,10.453721742634825]]]}},
{"type":"Feature","properties":{"cons":"1005","motivo":"sin_npn"},"geometry":{"type":"Polygon","coordinates":[[[-73.27862107611918,10.453663483529276],[-73.2787656579506,10.453634377225894],[-73.278781883707,10.453694318494097],[-73.27863209023822,10.453726687655239],[-73.27862107611918,10.453663483529276]]]}},
{"type":"Feature","properties":{"cons":"1004","motivo":"sin_npn"},"geometry":{"type":"Polygon","coordinates":[[[-73.27862107611918,10.453663483529276],[-73.27863209023822,10.453726687655239],[-73.27853377567857,10.453743948333408],[-73.2785189734113,10.453682276928191],[-73.27862107611918,10.453663483529276]]]}},
{"type":"Feature","properties":{"cons":"1003","motivo":"sin_npn"},"geometry":{"type":"Polygon","coordinates":[[[-73.27861283302434,10.453613151394567],[-73.27875196515002,10.453583793195723],[-73.27876565795059,10.453634377225894],[-73.27862107611918,10.453663483529276],[-73.27861283302434,10.453613151394567]]]}},
{"type":"Feature","properties":{"cons":"1002","motivo":"sin_npn"},"geometry":{"type":"Polygon","coordinates":[[[-73.27861283302434,10.453613151394567],[-73.27862107611918,10.453663483529276],[-73.27851558914337,10.453684195013295],[-73.27850927658771,10.453656909912663],[-73.27855233650544,10.453645112220121],[-73.27854869267564,10.45362716105196],[-73.27861283302434,10.453613151394567]]]}},
{"type":"Feature","properties":{"cons":"1001","motivo":"sin_npn"},"geometry":{"type":"Polygon","coordinates":[[[-73.27848567500735,10.453608922008144],[-73.27870553144787,10.453554308961293],[-73.27874284244135,10.453550092017892],[-73.27875196515,10.453583793195723],[-73.27854869267564,10.45362716105196],[-73.27855233650544,10.453645112220121],[-73.27850057192984,10.45365931142486],[-73.27848567500735,10.453608922008144]]]}},
{"type":"Feature","properties":{"cons":"1000","motivo":"sin_npn"},"geometry":{"type":"Polygon","coordinates":[[[-73.27845797706668,10.453521820400654],[-73.27851491327178,10.453513778900506],[-73.27871559049437,10.453458830889785],[-73.27874284244133,10.453550092017892],[-73.27870553144787,10.453554308961293],[-73.27848567500735,10.453608922008144],[-73.27845797706668,10.453521820400654]]]}},
{"type":"Feature","properties":{"cons":"0995","motivo":"sin_npn"},"geometry":{"type":"Polygon","coordinates":[[[-73.27848732189732,10.4534155297975],[-73.27850942907226,10.453514553472997],[-73.27845797706668,10.453521820400654],[-73.27843944781914,10.453461148755133],[-73.27842968342662,10.453462538153794],[-73.2784242046843,10.453432056633046],[-73.27848732189732,10.4534155297975]]]}},
{"type":"Feature","properties":{"cons":"0998","motivo":"sin_npn"},"geometry":{"type":"Polygon","coordinates":[[[-73.27868294164169,10.453397080910092],[-73.27856408077572,10.453426280903386],[-73.27855596492181,10.453396545044278],[-73.27867109165972,10.453360650267529],[-73.27868294164169,10.453397080910092]]]}},
{"type":"Feature","properties":{"cons":"0997","motivo":"sin_npn"},"geometry":{"type":"Polygon","coordinates":[[[-73.27851849353443,10.453406908590914],[-73.27855596492181,10.453396545044278],[-73.27858287994192,10.453495159565788],[-73.27854296164716,10.453506093890772],[-73.27851849353443,10.453406908590914]]]}},
{"type":"Feature","properties":{"cons":"0996","motivo":"sin_npn"},"geometry":{"type":"Polygon","coordinates":[[[-73.27848732189732,10.4534155297975],[-73.27851849353443,10.453406908590914],[-73.27854296164716,10.453506093890772],[-73.27850942907226,10.453514553472997],[-73.27848732189732,10.4534155297975]]]}},
{"type":"Feature","properties":{"cons":"1022","motivo":"sin_npn"},"geometry":{"type":"Polygon","coordinates":[[[-73.27873859477283,10.454281489839614],[-73.27889797920133,10.454257700602447],[-73.27890251607592,10.454332632231818],[-73.27881809626632,10.454364031881717],[-73.27881090696957,10.454338914101799],[-73.27875515932239,10.454352656002621],[-73.27873859477283,10.454281489839614]]]}},
{"type":"Feature","properties":{"cons":"1020","motivo":"sin_npn"},"geometry":{"type":"Polygon","coordinates":[[[-73.27876930126591,10.454142869736186],[-73.2787972261905,10.454271550803517],[-73.2787385947728,10.454281489839614],[-73.27870982011125,10.454157865369703],[-73.27876930126591,10.454142869736186]]]}},
{"type":"Feature","properties":{"cons":"0908","motivo":"sin_npn"},"geometry":{"type":"Polygon","coordinates":[[[-73.27827783579595,10.451547290986177],[-73.27812772949726,10.451579967463747],[-73.27812557288001,10.45156114195236],[-73.27811665494568,10.451541232363438],[-73.27824381195046,10.45148576400387],[-73.27827783579595,10.451547290986177]]]}},
{"type":"Feature","properties":{"cons":"1023","motivo":"sin_npn"},"geometry":{"type":"Polygon","coordinates":[[[-73.27689862437185,10.452948360088767],[-73.27688053592274,10.452809775397911],[-73.27702167990442,10.452782316069605],[-73.2770680008291,10.453060949733057],[-73.2769681399099,10.452972553719306],[-73.27689862437185,10.452948360088767]]]}},
{"type":"Feature","properties":{"cons":"1024","motivo":"sin_npn"},"geometry":{"type":"Polygon","coordinates":[[[-73.2769070967508,10.453013271190484],[-73.27689862437184,10.452948360088767],[-73.27696813990988,10.452972553719306],[-73.2770680008291,10.453060949733057],[-73.27709102193505,10.453199428092063],[-73.27698612668398,10.45307356126151],[-73.2769070967508,10.453013271190484]]]}},
{"type":"Feature","properties":{"cons":"1025","motivo":"sin_npn"},"geometry":{"type":"Polygon","coordinates":[[[-73.27706850444496,10.453172408719452],[-73.27693908321625,10.453197496867123],[-73.2769070967508,10.453013271190484],[-73.27698612668397,10.45307356126151],[-73.27706850444496,10.453172408719452]]]}},
{"type":"Feature","properties":{"cons":"1026","motivo":"sin_npn"},"geometry":{"type":"Polygon","coordinates":[[[-73.27710416438669,10.453278483535449],[-73.27695863736672,10.453300530148148],[-73.27693908321625,10.453197496867123],[-73.27706850444496,10.453172408719478],[-73.27709102193505,10.453199428092063],[-73.27710416438669,10.453278483535449]]]}},
{"type":"Feature","properties":{"cons":"1027","motivo":"sin_npn"},"geometry":{"type":"Polygon","coordinates":[[[-73.27711721569031,10.453356990654884],[-73.27700059620281,10.453378983969927],[-73.27697964621497,10.453299005327517],[-73.27710416438669,10.453278483535449],[-73.27711721569031,10.453356990654884]]]}},
{"type":"Feature","properties":{"cons":"1028","motivo":"sin_npn"},"geometry":{"type":"Polygon","coordinates":[[[-73.27712363132271,10.453395582402266],[-73.27701029221815,10.45341799700525],[-73.27700323073832,10.45337848712235],[-73.27711721569031,10.453356990654884],[-73.27712363132271,10.453395582402266]]]}},
{"type":"Feature","properties":{"cons":"1029","motivo":"sin_npn"},"geometry":{"type":"Polygon","coordinates":[[[-73.2771303121467,10.45343576933682],[-73.27701695750835,10.453455290146257],[-73.27701029221815,10.45341799700525],[-73.2771236313227,10.453395582402266],[-73.2771303121467,10.45343576933682]]]}},
{"type":"Feature","properties":{"cons":"1030","motivo":"sin_npn"},"geometry":{"type":"Polygon","coordinates":[[[-73.27713638877107,10.453472321839882],[-73.2770236228003,10.45349258328699],[-73.27701695750835,10.453455290146284],[-73.2771303121467,10.45343576933682],[-73.27713638877107,10.453472321839882]]]}},
{"type":"Feature","properties":{"cons":"1031","motivo":"sin_npn"},"geometry":{"type":"Polygon","coordinates":[[[-73.27714159849545,10.45350365970271],[-73.27702901294462,10.453524530137022],[-73.2770236228003,10.45349258328699],[-73.27713638877107,10.453472321839882],[-73.27714159849545,10.45350365970271]]]}},
{"type":"Feature","properties":{"cons":"1032","motivo":"sin_npn"},"geometry":{"type":"Polygon","coordinates":[[[-73.27714674665474,10.453534627228555],[-73.27703376380832,10.453552688028228],[-73.27702901294461,10.453524530137022],[-73.27714159849542,10.45350365970271],[-73.27714674665474,10.453534627228555]]]}},
{"type":"Feature","properties":{"cons":"1033","motivo":"sin_npn"},"geometry":{"type":"Polygon","coordinates":[[[-73.2771515654976,10.453563613823764],[-73.27703859066263,10.453581432987107],[-73.27703376380832,10.453552688028228],[-73.27714674665471,10.453534627228555],[-73.2771515654976,10.453563613823764]]]}},
{"type":"Feature","properties":{"cons":"1034","motivo":"sin_npn"},"geometry":{"type":"Polygon","coordinates":[[[-73.27715669709045,10.45359448168502],[-73.27704180693404,10.453606280698109],[-73.2770385906626,10.453581432987107],[-73.27715156549758,10.453563613823764],[-73.27715669709045,10.45359448168502]]]}},
{"type":"Feature","properties":{"cons":"1035","motivo":"sin_npn"},"geometry":{"type":"Polygon","coordinates":[[[-73.27713444878184,10.453596766549742],[-73.27713652559163,10.453628567518688],[-73.27704530602817,10.453633313386472],[-73.27704180693404,10.453606280698109],[-73.27713444878184,10.453596766549742]]]}},
{"type":"Feature","properties":{"cons":"1036","motivo":"sin_npn"},"geometry":{"type":"Polygon","coordinates":[[[-73.27712205358729,10.45362932045342],[-73.2771224720597,10.453666832650871],[-73.27705081076901,10.45367584093819],[-73.27704530602817,10.453633313386472],[-73.27712205358729,10.45362932045342]]]}},
{"type":"Feature","properties":{"cons":"1037","motivo":"sin_npn"},"geometry":{"type":"Polygon","coordinates":[[[-73.2771224720597,10.45366683265088],[-73.27712300115002,10.453714260695548],[-73.27705848682642,10.453722675128015],[-73.27705081076901,10.453675840938217],[-73.2771224720597,10.45366683265088]]]}},
{"type":"Feature","properties":{"cons":"1038","motivo":"sin_npn"},"geometry":{"type":"Polygon","coordinates":[[[-73.27712300115002,10.453714260695548],[-73.27712342501657,10.453752256381286],[-73.27706528071573,10.453760418290221],[-73.27705848682642,10.453722675128015],[-73.27712300115002,10.453714260695548]]]}},
{"type":"Feature","properties":{"cons":"1040","motivo":"sin_npn"},"geometry":{"type":"Polygon","coordinates":[[[-73.27707430261376,10.453802046405393],[-73.27712945746943,10.453791231833877],[-73.27713868745681,10.453835750607523],[-73.2770839360296,10.453846496123308],[-73.27707430261376,10.453802046405393]]]}},
{"type":"Feature","properties":{"cons":"1042","motivo":"sin_npn"},"geometry":{"type":"Polygon","coordinates":[[[-73.27721470056439,10.453915162493976],[-73.27718279346782,10.453935299091373],[-73.27718377192959,10.453947746591398],[-73.27712240064608,10.45396900634508],[-73.2771151841481,10.453956256293084],[-73.27710159481796,10.453905038347747],[-73.27718961249451,10.453877759435134],[-73.27721470056439,10.453915162493976]]]}},
{"type":"Feature","properties":{"cons":"1041","motivo":"sin_npn"},"geometry":{"type":"Polygon","coordinates":[[[-73.2770839360296,10.453846496123308],[-73.27713868745681,10.453835750607523],[-73.27716582069804,10.453886956784876],[-73.2770969777914,10.453906672329639],[-73.2770839360296,10.453846496123308]]]}},
{"type":"Feature","properties":{"cons":"1039","motivo":"sin_npn"},"geometry":{"type":"Polygon","coordinates":[[[-73.27712945746943,10.453791231833877],[-73.27707430261376,10.453802046405393],[-73.27706528071573,10.453760418290221],[-73.27712342501657,10.453752256381312],[-73.27712945746943,10.453791231833877]]]}},
{"type":"Feature","properties":{"cons":"1060","motivo":"sin_npn"},"geometry":{"type":"Polygon","coordinates":[[[-73.2775978230013,10.454655842778152],[-73.27764529676904,10.45463064006442],[-73.277674248519,10.454680503904148],[-73.27766506224046,10.45468529972675],[-73.27768299064684,10.454720235255065],[-73.27764989322759,10.454734770780146],[-73.2775978230013,10.454655842778152]]]}},
{"type":"Feature","properties":{"cons":"1044","motivo":"sin_npn"},"geometry":{"type":"Polygon","coordinates":[[[-73.27731556437013,10.45405933504404],[-73.27720917145653,10.454122312233745],[-73.27719007757638,10.45408857735327],[-73.27728959736213,10.454022991084123],[-73.27731556437013,10.45405933504404]]]}},
{"type":"Feature","properties":{"cons":"1045","motivo":"sin_npn"},"geometry":{"type":"Polygon","coordinates":[[[-73.27734161103474,10.45409579048209],[-73.27724009672369,10.454163051183833],[-73.27720917145653,10.454122312233745],[-73.27731556437011,10.454059335044047],[-73.27734161103474,10.45409579048209]]]}},
{"type":"Feature","properties":{"cons":"1046","motivo":"sin_npn"},"geometry":{"type":"Polygon","coordinates":[[[-73.2773579563807,10.454118917639397],[-73.27725566211261,10.454183556016853],[-73.27724009672369,10.454163051183833],[-73.27734161103473,10.45409579048209],[-73.2773579563807,10.454118917639397]]]}},
{"type":"Feature","properties":{"cons":"1047","motivo":"sin_npn"},"geometry":{"type":"Polygon","coordinates":[[[-73.27737415455222,10.454141841060764],[-73.27732455541498,10.45417042576543],[-73.27727902074314,10.454206286798708],[-73.27726138903742,10.45418068917758],[-73.2773579563807,10.454118917639397],[-73.27737415455222,10.454141841060764]]]}},
{"type":"Feature","properties":{"cons":"1048","motivo":"sin_npn"},"geometry":{"type":"Polygon","coordinates":[[[-73.27738870395135,10.454216122629159],[-73.27732765871339,10.45426121999923],[-73.27727902074311,10.454206286798708],[-73.27732455541496,10.45417042576543],[-73.2773741545522,10.454141841060764],[-73.27737774285353,10.454146919172965],[-73.27737728421154,10.454175167750186],[-73.27738870395135,10.454216122629159]]]}},
{"type":"Feature","properties":{"cons":"1049","motivo":"sin_npn"},"geometry":{"type":"Polygon","coordinates":[[[-73.27740081431726,10.454253788062095],[-73.27734808459482,10.454287101089069],[-73.27732765871339,10.45426121999923],[-73.27738870395135,10.454216122629159],[-73.27740081431726,10.454253788062095]]]}},
{"type":"Feature","properties":{"cons":"1050","motivo":"sin_npn"},"geometry":{"type":"Polygon","coordinates":[[[-73.27741784092697,10.454283138893599],[-73.27736905210591,10.454317809527394],[-73.27734808459482,10.454287101089069],[-73.27740081431726,10.454253788062095],[-73.27741784092697,10.454283138893599]]]}},
{"type":"Feature","properties":{"cons":"1051","motivo":"sin_npn"},"geometry":{"type":"Polygon","coordinates":[[[-73.27744247863444,10.454323311842819],[-73.27739270245898,10.454352447172845],[-73.2773690521059,10.454317809527394],[-73.27741784092696,10.454283138893599],[-73.27744247863444,10.454323311842819]]]}},
{"type":"Feature","properties":{"cons":"1052","motivo":"sin_npn"},"geometry":{"type":"Polygon","coordinates":[[[-73.27746886023708,10.454374008642354],[-73.27742128225692,10.454401971613208],[-73.27739270245898,10.454352447172845],[-73.27744247863443,10.454323311842819],[-73.27746886023708,10.454374008642354]]]}},
{"type":"Feature","properties":{"cons":"1053","motivo":"sin_npn"},"geometry":{"type":"Polygon","coordinates":[[[-73.27749151804902,10.45440851699903],[-73.27744548664879,10.454437839877437],[-73.27742128225692,10.454401971613208],[-73.27746886023708,10.454374008642354],[-73.27749151804902,10.45440851699903]]]}},
{"type":"Feature","properties":{"cons":"1054","motivo":"sin_npn"},"geometry":{"type":"Polygon","coordinates":[[[-73.27751262299239,10.454432202498081],[-73.2774644193482,10.454465888117753],[-73.27744548664877,10.454437839877437],[-73.27749151804902,10.45440851699903],[-73.27751262299239,10.454432202498081]]]}},
{"type":"Feature","properties":{"cons":"1055","motivo":"sin_npn"},"geometry":{"type":"Polygon","coordinates":[[[-73.2775465195549,10.454474018517589],[-73.27750070918265,10.454508915172548],[-73.27746441934818,10.454465888117753],[-73.27751262299238,10.454432202498081],[-73.2775465195549,10.454474018517589]]]}},
{"type":"Feature","properties":{"cons":"1056","motivo":"sin_npn"},"geometry":{"type":"Polygon","coordinates":[[[-73.27756969312057,10.45450945695283],[-73.27752308070049,10.45454250898544],[-73.27750070918265,10.454508915172548],[-73.27754651955487,10.454474018517589],[-73.27756969312057,10.45450945695283]]]}},
{"type":"Feature","properties":{"cons":"1057","motivo":"sin_npn"},"geometry":{"type":"Polygon","coordinates":[[[-73.27759770546693,10.454546514735101],[-73.27754960594254,10.45458235055683],[-73.27752308070049,10.45454250898544],[-73.27756969312055,10.45450945695283],[-73.27759770546693,10.454546514735101]]]}},
{"type":"Feature","properties":{"cons":"1058","motivo":"sin_npn"},"geometry":{"type":"Polygon","coordinates":[[[-73.2776184751918,10.454584445021766],[-73.27756980148781,10.454613132520217],[-73.27754960594253,10.45458235055683],[-73.27759770546693,10.454546514735101],[-73.2776184751918,10.454584445021766]]]}},
{"type":"Feature","properties":{"cons":"1059","motivo":"sin_npn"},"geometry":{"type":"Polygon","coordinates":[[[-73.27764529676904,10.45463064006442],[-73.2775978230013,10.454655842778152],[-73.2775698014878,10.454613132520217],[-73.2776184751918,10.454584445021766],[-73.27764529676904,10.45463064006442]]]}},
{"type":"Feature","properties":{"cons":"1043","motivo":"sin_npn"},"geometry":{"type":"Polygon","coordinates":[[[-73.27777692440405,10.454774340189001],[-73.27771767123713,10.454800305004252],[-73.27764989322759,10.454734770780146],[-73.27768299064687,10.454720235255065],[-73.27766506224049,10.45468529972675],[-73.277674248519,10.454680503904148],[-73.27759770291449,10.45454651137806],[-73.27746839793448,10.454373304544971],[-73.27739427020352,10.454238352295059],[-73.27737728421154,10.454175167750186],[-73.27737774285353,10.454146919172965],[-73.27728959736211,10.454022991084146],[-73.27719007757635,10.45408857735327],[-73.27712240064608,10.45396900634508],[-73.27718377192959,10.453947746591398],[-73.27718279346782,10.453935299091373],[-73.27721470056437,10.453915162493976],[-73.27718961249452,10.453877759435176],[-73.27716582069804,10.453886956784876],[-73.27713868745681,10.453835750607523],[-73.27712342501657,10.453752256381312],[-73.27712205358722,10.45362932045342],[-73.27713652559163,10.453628567518688],[-73.27713444878184,10.45359676654977],[-73.2771566970904,10.45359448168502],[-73.27718956890726,10.453792214023604],[-73.27735414733168,10.454083284551183],[-73.27770989355112,10.45464758857197],[-73.27777692440405,10.454774340189001]]]}},
{"type":"Feature","properties":{"cons":"1061","motivo":"sin_npn"},"geometry":{"type":"Polygon","coordinates":[[[-73.27782925183269,10.454839870415835],[-73.27778305924534,10.454856900426616],[-73.27774509747064,10.454864845448018],[-73.27771767123713,10.454800305004252],[-73.27777692440404,10.454774340189001],[-73.2778195926735,10.454818658458956],[-73.27782925183269,10.454839870415835]]]}},
{"type":"Feature","properties":{"cons":"1062","motivo":"sin_npn"},"geometry":{"type":"Polygon","coordinates":[[[-73.27784275730531,10.454869529048064],[-73.27779469302837,10.45488465968929],[-73.27775244096544,10.45489226212751],[-73.27774509747061,10.454864845448018],[-73.27778305924534,10.454856900426616],[-73.27782925183269,10.454839870415835],[-73.27784275730531,10.454869529048064]]]}},
{"type":"Feature","properties":{"cons":"1063","motivo":"sin_npn"},"geometry":{"type":"Polygon","coordinates":[[[-73.27785222567191,10.454890322007932],[-73.27780873899248,10.454905235111017],[-73.27775817794154,10.45491598890461],[-73.27775244096544,10.45489226212751],[-73.27779469302835,10.45488465968929],[-73.27784275730531,10.454869529048064],[-73.27785222567191,10.454890322007932]]]}},
{"type":"Feature","properties":{"cons":"1064","motivo":"sin_npn"},"geometry":{"type":"Polygon","coordinates":[[[-73.27786810406305,10.454925191663492],[-73.27776626639098,10.454949440813099],[-73.27775817794154,10.45491598890461],[-73.27780873899248,10.454905235111017],[-73.27785222567191,10.454890322007932],[-73.27786810406305,10.454925191663492]]]}},
{"type":"Feature","properties":{"cons":"1065","motivo":"sin_npn"},"geometry":{"type":"Polygon","coordinates":[[[-73.27788580377113,10.454964061001817],[-73.2777751605253,10.45498861044233],[-73.27776626639097,10.454949440813099],[-73.27786810406305,10.454925191663492],[-73.27788580377113,10.454964061001817]]]}},
{"type":"Feature","properties":{"cons":"1066","motivo":"sin_npn"},"geometry":{"type":"Polygon","coordinates":[[[-73.27790307765885,10.455001995209203],[-73.27778004058443,10.455023242938116],[-73.2777751605253,10.45498861044233],[-73.27788580377113,10.454964061001817],[-73.27790307765885,10.455001995209203]]]}},
{"type":"Feature","properties":{"cons":"1067","motivo":"sin_npn"},"geometry":{"type":"Polygon","coordinates":[[[-73.27792021528687,10.455039630173907],[-73.27778492064475,10.455057875433726],[-73.27778004058443,10.455023242938116],[-73.27790307765885,10.455001995209203],[-73.27792021528687,10.455039630173907]]]}},
{"type":"Feature","properties":{"cons":"1068","motivo":"sin_npn"},"geometry":{"type":"Polygon","coordinates":[[[-73.27793397065301,10.455087611236454],[-73.27782334329314,10.455094934508525],[-73.2778194781198,10.45505588628854],[-73.27792021528687,10.455039630173907],[-73.27793397065301,10.455087611236454]]]}},
{"type":"Feature","properties":{"cons":"1069","motivo":"sin_npn"},"geometry":{"type":"Polygon","coordinates":[[[-73.27794331600029,10.455125954937529],[-73.27782686147393,10.455130477199251],[-73.27782334329314,10.455094934508525],[-73.27793397065301,10.455087611236454],[-73.27794331600029,10.455125954937529]]]}},
{"type":"Feature","properties":{"cons":"1070","motivo":"sin_npn"},"geometry":{"type":"Polygon","coordinates":[[[-73.27783412345673,10.455206549215905],[-73.27782686147391,10.455130477199251],[-73.27794331600029,10.455125954937529],[-73.27796352677996,10.455208879171153],[-73.27783412345673,10.455206549215905]]]}},
{"type":"Feature","properties":{"cons":"1071","motivo":"sin_npn"},"geometry":{"type":"Polygon","coordinates":[[[-73.27783415819825,10.455245627430527],[-73.27783412345673,10.455206549215905],[-73.27796352677994,10.455208879171153],[-73.27797334152996,10.455249148783826],[-73.27797299151358,10.455252670470669],[-73.27783415819825,10.455245627430527]]]}},
{"type":"Feature","properties":{"cons":"1072","motivo":"sin_npn"},"geometry":{"type":"Polygon","coordinates":[[[-73.27783235371265,10.455297512050212],[-73.27783415819825,10.455245627430527],[-73.27797299151358,10.455252670470669],[-73.27796825269225,10.455300350073504],[-73.27783235371265,10.455297512050212]]]}},
{"type":"Feature","properties":{"cons":"1073","motivo":"sin_npn"},"geometry":{"type":"Polygon","coordinates":[[[-73.27793145395081,10.455671289741904],[-73.27780676383117,10.455672756579453],[-73.27781815418868,10.455551054046985],[-73.27783235371265,10.455297512050212],[-73.27796825269223,10.455300350073504],[-73.27793145395081,10.455671289741904]]]}},
{"type":"Feature","properties":{"cons":"1074","motivo":"sin_npn"},"geometry":{"type":"Polygon","coordinates":[[[-73.27793100179841,10.455713062341227],[-73.27780654567421,10.455715586240133],[-73.27780676383117,10.455672756579453],[-73.27793145395081,10.455671289741904],[-73.27793100179841,10.455713062341227]]]}},
{"type":"Feature","properties":{"cons":"1075","motivo":"sin_npn"},"geometry":{"type":"Polygon","coordinates":[[[-73.27793059700666,10.455750459474658],[-73.27780635271968,10.455753468055416],[-73.2778065456742,10.455715586240133],[-73.2779310017984,10.455713062341227],[-73.27793059700666,10.455750459474658]]]}},
{"type":"Feature","properties":{"cons":"1076","motivo":"sin_npn"},"geometry":{"type":"Polygon","coordinates":[[[-73.27779630588974,10.455784496454967],[-73.27779920931339,10.455753474276868],[-73.27793059700664,10.455750459474658],[-73.27793032416268,10.455775666470462],[-73.27790722686146,10.455775643575002],[-73.27790697039515,10.455785623992613],[-73.27779630588974,10.455784496454967]]]}},
{"type":"Feature","properties":{"cons":"1077","motivo":"sin_npn"},"geometry":{"type":"Polygon","coordinates":[[[-73.2777933021674,10.455816590287895],[-73.27779630588974,10.455784496454967],[-73.27790697039515,10.455785623992613],[-73.27790612883372,10.455818373456802],[-73.2777933021674,10.455816590287895]]]}},
{"type":"Feature","properties":{"cons":"1078","motivo":"sin_npn"},"geometry":{"type":"Polygon","coordinates":[[[-73.27790660501424,10.455845896529969],[-73.27779131165308,10.455846051885338],[-73.27779330216737,10.455816590287895],[-73.27790612883372,10.455818373456802],[-73.27790660501424,10.455845896529969]]]}},
{"type":"Feature","properties":{"cons":"1079","motivo":"sin_npn"},"geometry":{"type":"Polygon","coordinates":[[[-73.27790742039348,10.455914649328331],[-73.2777967968635,10.455915737716825],[-73.27779131165308,10.455846051885377],[-73.27790660501424,10.455845896529969],[-73.27790742039348,10.455914649328331]]]}},
{"type":"Feature","properties":{"cons":"1080","motivo":"sin_npn"},"geometry":{"type":"Polygon","coordinates":[[[-73.27779930386224,10.45594561380793],[-73.27779679686348,10.455915737716825],[-73.27790742039348,10.455914649328331],[-73.27790529759191,10.455946590283338],[-73.27779930386224,10.45594561380793]]]}},
{"type":"Feature","properties":{"cons":"1081","motivo":"sin_npn"},"geometry":{"type":"Polygon","coordinates":[[[-73.27779993895605,10.456011858168415],[-73.27779930386221,10.45594561380793],[-73.27790529759191,10.455946590283338],[-73.27790317479003,10.455978531238287],[-73.27790934485736,10.4560130736922],[-73.27779993895605,10.456011858168415]]]}},
{"type":"Feature","properties":{"cons":"1082","motivo":"sin_npn"},"geometry":{"type":"Polygon","coordinates":[[[-73.27791021275094,10.456069563342732],[-73.27779708949372,10.45607220432016],[-73.27779993895605,10.456011858168415],[-73.27790934485736,10.4560130736922],[-73.27791021275094,10.456069563342732]]]}},
{"type":"Feature","properties":{"cons":"1083","motivo":"sin_npn"},"geometry":{"type":"Polygon","coordinates":[[[-73.27791154702857,10.456156409026615],[-73.2777931008628,10.456156675851783],[-73.27779708949372,10.45607220432016],[-73.27791021275094,10.456069563342732],[-73.27791154702857,10.456156409026615]]]}},
{"type":"Feature","properties":{"cons":"1084","motivo":"sin_npn"},"geometry":{"type":"Polygon","coordinates":[[[-73.27791214793253,10.456195520732612],[-73.27779143529187,10.45620619790072],[-73.27779310086278,10.456156675851783],[-73.27791154702857,10.456156409026615],[-73.27791214793253,10.456195520732612]]]}},
{"type":"Feature","properties":{"cons":"1085","motivo":"sin_npn"},"geometry":{"type":"Polygon","coordinates":[[[-73.27790448332294,10.4562604650504],[-73.27777237279051,10.45627231269856],[-73.27777798946525,10.456221770060923],[-73.27779249877543,10.45622101134504],[-73.27779143529185,10.45620619790072],[-73.27791214793253,10.456195520732612],[-73.27790448332294,10.4562604650504]]]}},
{"type":"Feature","properties":{"cons":"1086","motivo":"sin_npn"},"geometry":{"type":"Polygon","coordinates":[[[-73.27789543068766,10.456311502695943],[-73.27776501290536,10.456317629673626],[-73.27776390124633,10.456291417294022],[-73.27777124182376,10.456291439785057],[-73.27777237279051,10.45627231269856],[-73.27790448332294,10.4562604650504],[-73.27789543068766,10.456311502695943]]]}},
{"type":"Feature","properties":{"cons":"1087","motivo":"sin_npn"},"geometry":{"type":"Polygon","coordinates":[[[-73.27775883023881,10.456350843788863],[-73.2777573943981,10.456317636308208],[-73.27789543068766,10.456311502695943],[-73.27788815813932,10.4563525044185],[-73.27775883023881,10.456350843788863]]]}},
{"type":"Feature","properties":{"cons":"1088","motivo":"sin_npn"},"geometry":{"type":"Polygon","coordinates":[[[-73.2778818240076,10.456382295711114],[-73.27776036722578,10.45638639052504],[-73.27775883023881,10.456350843788863],[-73.2778881581393,10.4563525044185],[-73.2778818240076,10.456382295711114]]]}},
{"type":"Feature","properties":{"cons":"1089","motivo":"sin_npn"},"geometry":{"type":"Polygon","coordinates":[[[-73.27786808461131,10.456436897077126],[-73.27776258001266,10.456437566834847],[-73.27776036722577,10.45638639052504],[-73.2778818240076,10.456382295711114],[-73.27786808461131,10.456436897077126]]]}},
{"type":"Feature","properties":{"cons":"1090","motivo":"sin_npn"},"geometry":{"type":"Polygon","coordinates":[[[-73.27778520505449,10.456486493923357],[-73.27778509861402,10.456466633266471],[-73.2777803823929,10.45646663737397],[-73.27777781735236,10.456437912651783],[-73.2778680846113,10.456436897077126],[-73.27787363241754,10.456489846643153],[-73.27778520505449,10.456486493923357]]]}},
{"type":"Feature","properties":{"cons":"1091","motivo":"sin_npn"},"geometry":{"type":"Polygon","coordinates":[[[-73.27778536265357,10.456549634148118],[-73.27778520505449,10.456486493923357],[-73.27787363241754,10.456489846643153],[-73.27786751592234,10.456553697089982],[-73.27778536265357,10.456549634148118]]]}},
{"type":"Feature","properties":{"cons":"1092","motivo":"sin_npn"},"geometry":{"type":"Polygon","coordinates":[[[-73.27778157912464,10.456591259364654],[-73.27778536265357,10.456549634148118],[-73.27786751592234,10.456553697089982],[-73.27786344123213,10.456591655071454],[-73.27778157912464,10.456591259364654]]]}},
{"type":"Feature","properties":{"cons":"1093","motivo":"sin_npn"},"geometry":{"type":"Polygon","coordinates":[[[-73.27778149345605,10.456627245409264],[-73.27778157912464,10.456591259364654],[-73.2778634412321,10.456591655071456],[-73.27785955455444,10.456628621596572],[-73.27778149345605,10.456627245409264]]]}},
{"type":"Feature","properties":{"cons":"1094","motivo":"sin_npn"},"geometry":{"type":"Polygon","coordinates":[[[-73.27778138482994,10.456672875086154],[-73.27778149345605,10.456627245409264],[-73.27785955455442,10.456628621596572],[-73.27785742458268,10.456676286269452],[-73.27778138482994,10.456672875086154]]]}},
{"type":"Feature","properties":{"cons":"1095","motivo":"sin_npn"},"geometry":{"type":"Polygon","coordinates":[[[-73.27778114957938,10.456707542448928],[-73.27778138482994,10.456672875086154],[-73.27785742458268,10.456676286269452],[-73.27785601242945,10.456710291046937],[-73.27778114957938,10.456707542448928]]]}},
{"type":"Feature","properties":{"cons":"1096","motivo":"sin_npn"},"geometry":{"type":"Polygon","coordinates":[[[-73.27785552786467,10.45674808085938],[-73.27777991595686,10.456752288220112],[-73.27778114957938,10.456707542448955],[-73.27785601242945,10.456710291046937],[-73.27785552786467,10.45674808085938]]]}},
{"type":"Feature","properties":{"cons":"1097","motivo":"sin_npn"},"geometry":{"type":"Polygon","coordinates":[[[-73.27785504507698,10.456785732087257],[-73.27777905305938,10.456786356693325],[-73.27777991595686,10.456752288220112],[-73.27785552786466,10.45674808085938],[-73.27785504507698,10.456785732087257]]]}},
{"type":"Feature","properties":{"cons":"1098","motivo":"sin_npn"},"geometry":{"type":"Polygon","coordinates":[[[-73.27785461593336,10.456819199766251],[-73.27777821953492,10.456821033283193],[-73.27777905305935,10.456786356693325],[-73.27785504507698,10.456785732087257],[-73.27785461593336,10.456819199766251]]]}},
{"type":"Feature","properties":{"cons":"1099","motivo":"sin_npn"},"geometry":{"type":"Polygon","coordinates":[[[-73.27785387471639,10.456877005153338],[-73.27777680320057,10.456879956138925],[-73.2777782195349,10.456821033283193],[-73.27785461593336,10.456819199766251],[-73.27785387471639,10.456877005153338]]]}},
{"type":"Feature","properties":{"cons":"1100","motivo":"sin_npn"},"geometry":{"type":"Polygon","coordinates":[[[-73.27785551348563,10.45696351791611],[-73.27777652672457,10.45696407616489],[-73.27777659837031,10.45691021857984],[-73.27785347591234,10.456908106736186],[-73.27785551348563,10.45696351791611]]]}},
{"type":"Feature","properties":{"cons":"1101","motivo":"sin_npn"},"geometry":{"type":"Polygon","coordinates":[[[-73.27785797248372,10.45701395074369],[-73.27777587800558,10.457017654138799],[-73.27777652672457,10.45696407616489],[-73.27785551348563,10.45696351791611],[-73.27785797248372,10.45701395074369]]]}},
{"type":"Feature","properties":{"cons":"1102","motivo":"sin_npn"},"geometry":{"type":"Polygon","coordinates":[[[-73.27786005326091,10.457056626432573],[-73.27777497484925,10.45705954101659],[-73.27777587800557,10.457017654138799],[-73.27785797248372,10.45701395074369],[-73.27786005326091,10.457056626432573]]]}},
{"type":"Feature","properties":{"cons":"1103","motivo":"sin_npn"},"geometry":{"type":"Polygon","coordinates":[[[-73.27786163190338,10.457089003581887],[-73.2777742837956,10.457091590925202],[-73.27777497484924,10.45705954101659],[-73.27786005326091,10.457056626432573],[-73.27786163190338,10.457089003581887]]]}},
{"type":"Feature","properties":{"cons":"1104","motivo":"sin_npn"},"geometry":{"type":"Polygon","coordinates":[[[-73.27777215945595,10.45717927323253],[-73.27777428379557,10.457091590925202],[-73.27786163190338,10.457089003581887],[-73.2778606302122,10.45717969727085],[-73.27777215945595,10.45717927323253]]]}},
{"type":"Feature","properties":{"cons":"1105","motivo":"sin_npn"},"geometry":{"type":"Polygon","coordinates":[[[-73.27777170545092,10.45723286642533],[-73.27777215945595,10.45717927323253],[-73.2778606302122,10.45717969727085],[-73.27785988327024,10.457232998986639],[-73.27777170545092,10.45723286642533]]]}},
{"type":"Feature","properties":{"cons":"1106","motivo":"sin_npn"},"geometry":{"type":"Polygon","coordinates":[[[-73.27777295344958,10.457282131318811],[-73.27777170545092,10.45723286642533],[-73.27785988327021,10.457232998986639],[-73.27785919525256,10.457282095868539],[-73.27777295344958,10.457282131318811]]]}},
{"type":"Feature","properties":{"cons":"1107","motivo":"sin_npn"},"geometry":{"type":"Polygon","coordinates":[[[-73.27785841485844,10.457337784724718],[-73.27777310614026,10.45733813709838],[-73.27777295344958,10.457282131318811],[-73.27785919525256,10.457282095868539],[-73.27785841485844,10.457337784724718]]]}},
{"type":"Feature","properties":{"cons":"1108","motivo":"sin_npn"},"geometry":{"type":"Polygon","coordinates":[[[-73.27785730233593,10.457400379982582],[-73.27777179335928,10.457405242537135],[-73.27777310614024,10.45733813709838],[-73.27785841485844,10.457337784724718],[-73.27785730233593,10.457400379982582]]]}},
{"type":"Feature","properties":{"cons":"1109","motivo":"sin_npn"},"geometry":{"type":"Polygon","coordinates":[[[-73.27785423469483,10.457472033946429],[-73.2777686798734,10.457473395909085],[-73.27777179335925,10.457405242537135],[-73.27785730233593,10.457400379982582],[-73.27785423469483,10.457472033946429]]]}},
{"type":"Feature","properties":{"cons":"1110","motivo":"sin_npn"},"geometry":{"type":"Polygon","coordinates":[[[-73.27785398354735,10.457534216435313],[-73.27776604633199,10.45753625148997],[-73.2777686798734,10.457473395909085],[-73.27785423469483,10.457472033946429],[-73.27785398354735,10.457534216435313]]]}},
{"type":"Feature","properties":{"cons":"1111","motivo":"sin_npn"},"geometry":{"type":"Polygon","coordinates":[[[-73.27785383250814,10.457582739609155],[-73.27776413585075,10.457583527325589],[-73.27776604633199,10.45753625148997],[-73.27785398354735,10.457534216435313],[-73.27785383250814,10.457582739609155]]]}},
{"type":"Feature","properties":{"cons":"1112","motivo":"sin_npn"},"geometry":{"type":"Polygon","coordinates":[[[-73.27776133521192,10.457630188715884],[-73.27776413585075,10.457583527325589],[-73.27785383250813,10.457582739609155],[-73.27785056918779,10.457638183944578],[-73.27776133521192,10.457630188715884]]]}},
{"type":"Feature","properties":{"cons":"1113","motivo":"sin_npn"},"geometry":{"type":"Polygon","coordinates":[[[-73.27784857244033,10.457672108996121],[-73.27775844932252,10.457667570879149],[-73.2777613352119,10.457630188715884],[-73.27785056918779,10.457638183944578],[-73.27784857244033,10.457672108996121]]]}},
{"type":"Feature","properties":{"cons":"1114","motivo":"sin_npn"},"geometry":{"type":"Polygon","coordinates":[[[-73.27776950284687,10.457705068971192],[-73.27777201743123,10.45766743137951],[-73.27784857244032,10.457672108996121],[-73.27784860418289,10.457710727515929],[-73.27776950284687,10.457705068971192]]]}},
{"type":"Feature","properties":{"cons":"1115","motivo":"sin_npn"},"geometry":{"type":"Polygon","coordinates":[[[-73.27776439272917,10.4577815557536],[-73.27776950284687,10.457705068971192],[-73.27784860418289,10.457710727515929],[-73.27784867190734,10.457786883065557],[-73.27776439272917,10.4577815557536]]]}},
{"type":"Feature","properties":{"cons":"1116","motivo":"sin_npn"},"geometry":{"type":"Polygon","coordinates":[[[-73.277759367537,10.457825064363348],[-73.27776439272917,10.4577815557536],[-73.27784867190734,10.457786883065557],[-73.27784871369555,10.457833873235613],[-73.277759367537,10.457825064363348]]]}},
{"type":"Feature","properties":{"cons":"1117","motivo":"sin_npn"},"geometry":{"type":"Polygon","coordinates":[[[-73.277753116101,10.457871176449343],[-73.277759367537,10.457825064363348],[-73.27784871369555,10.457833873235613],[-73.27784289395731,10.457888174553213],[-73.277753116101,10.457871176449343]]]}},
{"type":"Feature","properties":{"cons":"1118","motivo":"sin_npn"},"geometry":{"type":"Polygon","coordinates":[[[-73.27784289395728,10.457888174553213],[-73.27783575859311,10.457952251477781],[-73.27781708456592,10.457944651512427],[-73.2777383984325,10.457931744046034],[-73.27774777707687,10.457871169884157],[-73.27784289395728,10.457888174553213]]]}},
{"type":"Feature","properties":{"cons":"1119","motivo":"sin_npn"},"geometry":{"type":"Polygon","coordinates":[[[-73.2777298448746,10.457995824467828],[-73.27774308793155,10.457932642296324],[-73.27781708456592,10.457944651512427],[-73.27785641196206,10.457957243171485],[-73.27785155993473,10.457974800338903],[-73.27787635763286,10.45798285818812],[-73.27786301398825,10.458028086012433],[-73.27779990854503,10.458008105163552],[-73.2777298448746,10.457995824467828]]]}},
{"type":"Feature","properties":{"cons":"1120","motivo":"sin_npn"},"geometry":{"type":"Polygon","coordinates":[[[-73.2777165498378,10.458049722338615],[-73.2777298448746,10.457995824467828],[-73.27779990854503,10.458008105163552],[-73.27786301398825,10.458028086012433],[-73.27784738872676,10.458081047282201],[-73.2777165498378,10.458049722338615]]]}},
{"type":"Feature","properties":{"cons":"1121","motivo":"sin_npn"},"geometry":{"type":"Polygon","coordinates":[[[-73.27770999031146,10.458076314548865],[-73.2777165498378,10.458049722338615],[-73.27785558674096,10.45808342062194],[-73.27784765893338,10.458107572043659],[-73.27770999031146,10.458076314548865]]]}},
{"type":"Feature","properties":{"cons":"1122","motivo":"sin_npn"},"geometry":{"type":"Polygon","coordinates":[[[-73.2778248330401,10.45817710925212],[-73.2776940157563,10.45814107511031],[-73.27770999031146,10.458076314548865],[-73.27784765893338,10.458107572043659],[-73.2778248330401,10.45817710925212]]]}},
{"type":"Feature","properties":{"cons":"1123","motivo":"sin_npn"},"geometry":{"type":"Polygon","coordinates":[[[-73.27779629165298,10.458219603547237],[-73.27766120790719,10.458182886518697],[-73.27767813625992,10.45813626627912],[-73.27781031831827,10.458173531027914],[-73.27779629165298,10.458219603547237]]]}},
{"type":"Feature","properties":{"cons":"1124","motivo":"sin_npn"},"geometry":{"type":"Polygon","coordinates":[[[-73.27763986370171,10.458241667880353],[-73.27766120790719,10.458182886518697],[-73.2777864746699,10.45821843766247],[-73.27777117049375,10.458278659372107],[-73.27763986370171,10.458241667880353]]]}},
{"type":"Feature","properties":{"cons":"1125","motivo":"sin_npn"},"geometry":{"type":"Polygon","coordinates":[[[-73.27763986370171,10.458241667880353],[-73.27777117049375,10.458278659372107],[-73.27776608101126,10.458298686406327],[-73.27773756316171,10.458291494603461],[-73.27772924067487,10.458319134047281],[-73.2776251360027,10.4582822275498],[-73.27763986370171,10.458241667880353]]]}},
{"type":"Feature","properties":{"cons":"1126","motivo":"sin_npn"},"geometry":{"type":"Polygon","coordinates":[[[-73.27761564234243,10.458308372817742],[-73.27762513600267,10.4582822275498],[-73.27772924067487,10.458319134047281],[-73.27771984239972,10.458347061247837],[-73.27761564234243,10.458308372817742]]]}},
{"type":"Feature","properties":{"cons":"1127","motivo":"sin_npn"},"geometry":{"type":"Polygon","coordinates":[[[-73.27760347558085,10.458341879723482],[-73.27761564234243,10.458308372817742],[-73.27771984239972,10.458347061247837],[-73.27770731689208,10.458376458666342],[-73.27765933541556,10.458356541895476],[-73.27760347558085,10.458341879723482]]]}},
{"type":"Feature","properties":{"cons":"1129","motivo":"sin_npn"},"geometry":{"type":"Polygon","coordinates":[[[-73.27759312377903,10.458370133633409],[-73.27770002161513,10.458403534883383],[-73.27768901582535,10.458429398724821],[-73.27757783652264,10.458404144734212],[-73.27759312377903,10.458370133633409]]]}},
{"type":"Feature","properties":{"cons":"1128","motivo":"sin_npn"},"geometry":{"type":"Polygon","coordinates":[[[-73.27759312377903,10.458370133633409],[-73.27760347558085,10.458341879723482],[-73.27765933541552,10.458356541895476],[-73.27771102740317,10.458377671041555],[-73.27770002161513,10.458403534883383],[-73.27759312377903,10.458370133633409]]]}},
{"type":"Feature","properties":{"cons":"1130","motivo":"sin_npn"},"geometry":{"type":"Polygon","coordinates":[[[-73.27756852099697,10.458447126417239],[-73.27757783652264,10.458404144734212],[-73.27768537232085,10.458428480487276],[-73.27767642470842,10.458473725970205],[-73.27756852099697,10.458447126417239]]]}},
{"type":"Feature","properties":{"cons":"1131","motivo":"sin_npn"},"geometry":{"type":"Polygon","coordinates":[[[-73.27755903025331,10.458491293093719],[-73.27756852099697,10.45844712641728],[-73.27767642470842,10.458473725970205],[-73.27766953849107,10.458508547567078],[-73.27755903025331,10.458491293093719]]]}},
{"type":"Feature","properties":{"cons":"1132","motivo":"sin_npn"},"geometry":{"type":"Polygon","coordinates":[[[-73.27754812414939,10.458541217727191],[-73.27755903025331,10.458491293093719],[-73.27766953849105,10.458508547567078],[-73.27765687672905,10.458561189072086],[-73.27754812414939,10.458541217727191]]]}},
{"type":"Feature","properties":{"cons":"1133","motivo":"sin_npn"},"geometry":{"type":"Polygon","coordinates":[[[-73.27754106135673,10.458573548910447],[-73.27754812414936,10.458541217727191],[-73.27765687672905,10.458561189072086],[-73.27764811174842,10.458596990438547],[-73.27759315760493,10.458582116862315],[-73.27754106135673,10.458573548910447]]]}},
{"type":"Feature","properties":{"cons":"1134","motivo":"sin_npn"},"geometry":{"type":"Polygon","coordinates":[[[-73.2775303320065,10.458634641996307],[-73.27754106135673,10.458573548910447],[-73.27759315760493,10.458582116862315],[-73.27764811174842,10.458596990438547],[-73.27763329759134,10.458657500201905],[-73.2775303320065,10.458634641996307]]]}},
{"type":"Feature","properties":{"cons":"1135","motivo":"sin_npn"},"geometry":{"type":"Polygon","coordinates":[[[-73.27752143739167,10.458685288053031],[-73.2775303320065,10.458634641996307],[-73.27763329759132,10.458657500201905],[-73.27763063775049,10.458668364559893],[-73.27760406163205,10.458713024530361],[-73.27752143739167,10.458685288053031]]]}},
{"type":"Feature","properties":{"cons":"1136","motivo":"sin_npn"},"geometry":{"type":"Polygon","coordinates":[[[-73.27750573066675,10.458726265072167],[-73.27752143739166,10.458685288053031],[-73.27760406163205,10.458713024530361],[-73.27758787123395,10.458755591475372],[-73.27750573066675,10.458726265072167]]]}},
{"type":"Feature","properties":{"cons":"1137","motivo":"sin_npn"},"geometry":{"type":"Polygon","coordinates":[[[-73.2774751874941,10.458782541346109],[-73.27750573066673,10.458726265072167],[-73.27758787123395,10.458755591475372],[-73.27756575129334,10.458812521145417],[-73.2774751874941,10.458782541346109]]]}},
{"type":"Feature","properties":{"cons":"1138","motivo":"sin_npn"},"geometry":{"type":"Polygon","coordinates":[[[-73.27746011450849,10.458810308299809],[-73.27747518749408,10.458782541346109],[-73.27756575129331,10.458812521145417],[-73.27755346030213,10.458842649477923],[-73.27746011450849,10.458810308299809]]]}},
{"type":"Feature","properties":{"cons":"1139","motivo":"sin_npn"},"geometry":{"type":"Polygon","coordinates":[[[-73.27744654265014,10.458836472933585],[-73.27746011450849,10.458810308299809],[-73.27755346030213,10.458842649477923],[-73.27753574051894,10.45887628158927],[-73.27744654265014,10.458836472933585]]]}},
{"type":"Feature","properties":{"cons":"1140","motivo":"sin_npn"},"geometry":{"type":"Polygon","coordinates":[[[-73.27741102120557,10.458904953258923],[-73.27744654265011,10.458836472933585],[-73.27753574051891,10.45887628158927],[-73.27751802073207,10.458909913699598],[-73.27749443014338,10.45893554430713],[-73.27741102120557,10.458904953258923]]]}},
{"type":"Feature","properties":{"cons":"1141","motivo":"sin_npn"},"geometry":{"type":"Polygon","coordinates":[[[-73.277475964577,10.458976855369722],[-73.27739556082723,10.458957180332701],[-73.27741102120555,10.458904953258923],[-73.27749443014335,10.45893554430713],[-73.277475964577,10.458976855369722]]]}},
{"type":"Feature","properties":{"cons":"1142","motivo":"sin_npn"},"geometry":{"type":"Polygon","coordinates":[[[-73.27745678140047,10.459027144228179],[-73.27738831481109,10.459010445865047],[-73.27740087062232,10.45895896443012],[-73.27747596457696,10.458976855369722],[-73.27745678140047,10.459027144228179]]]}},
{"type":"Feature","properties":{"cons":"1143","motivo":"sin_npn"},"geometry":{"type":"Polygon","coordinates":[[[-73.27754286316481,10.458919946501192],[-73.27756273858286,10.458927973334971],[-73.27754724711843,10.458974575111633],[-73.27749921061826,10.459086788527292],[-73.2774678519733,10.459074174979554],[-73.27750859710055,10.45895599993191],[-73.27754286316481,10.458919946501192]]]}},
{"type":"Feature","properties":{"cons":"1145","motivo":"sin_npn"},"geometry":{"type":"Polygon","coordinates":[[[-73.27748591175649,10.459111748481465],[-73.27746191382113,10.459187993478263],[-73.27742253351896,10.45917631478596],[-73.27744574447027,10.459099689385685],[-73.27748591175649,10.459111748481465]]]}},
{"type":"Feature","properties":{"cons":"1146","motivo":"sin_npn"},"geometry":{"type":"Polygon","coordinates":[[[-73.27742253351894,10.45917631478596],[-73.27746191382113,10.459187993478263],[-73.27744742088414,10.459234039668454],[-73.27740806392795,10.459223607149637],[-73.27742253351894,10.45917631478596]]]}},
{"type":"Feature","properties":{"cons":"1147","motivo":"sin_npn"},"geometry":{"type":"Polygon","coordinates":[[[-73.27740806392794,10.459223607149637],[-73.27744742088412,10.459234039668454],[-73.27742559313505,10.459303389608502],[-73.27737541090123,10.459289508052164],[-73.27740806392794,10.459223607149637]]]}},
{"type":"Feature","properties":{"cons":"1148","motivo":"sin_npn"},"geometry":{"type":"Polygon","coordinates":[[[-73.2773754109012,10.459289508052164],[-73.27742559313504,10.459303389608502],[-73.27739909076986,10.45938572683274],[-73.27734391834878,10.459368534563142],[-73.27736127996366,10.459309629210404],[-73.2773754109012,10.459289508052164]]]}},
{"type":"Feature","properties":{"cons":"1149","motivo":"sin_npn"},"geometry":{"type":"Polygon","coordinates":[[[-73.27734391834878,10.459368534563142],[-73.27739909076986,10.45938572683274],[-73.27736528173976,10.459490653200907],[-73.27730555349581,10.459470907696085],[-73.27734391834878,10.459368534563142]]]}},
{"type":"Feature","properties":{"cons":"1150","motivo":"sin_npn"},"geometry":{"type":"Polygon","coordinates":[[[-73.27730555349581,10.459470907696085],[-73.27736528173973,10.459490653200907],[-73.2773456748677,10.459545884930515],[-73.2772856497836,10.459526942561139],[-73.27730555349581,10.459470907696085]]]}},
{"type":"Feature","properties":{"cons":"1151","motivo":"sin_npn"},"geometry":{"type":"Polygon","coordinates":[[[-73.2772856497836,10.459526942561139],[-73.2773456748677,10.459545884930515],[-73.27731810761937,10.459623520747058],[-73.27726359195418,10.459608474467684],[-73.2772856497836,10.459526942561139]]]}},
{"type":"Feature","properties":{"cons":"1152","motivo":"sin_npn"},"geometry":{"type":"Polygon","coordinates":[[[-73.27726359195418,10.459608474467684],[-73.27731810761935,10.459623520747058],[-73.27729473438683,10.459689345203358],[-73.2772433321289,10.459672050464494],[-73.27726359195418,10.459608474467684]]]}},
{"type":"Feature","properties":{"cons":"1153","motivo":"sin_npn"},"geometry":{"type":"Polygon","coordinates":[[[-73.2772433321289,10.459672050464494],[-73.2772947343868,10.459689345203358],[-73.27727354882276,10.459754986011502],[-73.27722198838697,10.459740654618845],[-73.2772433321289,10.459672050464494]]]}},
{"type":"Feature","properties":{"cons":"1154","motivo":"sin_npn"},"geometry":{"type":"Polygon","coordinates":[[[-73.27722198838694,10.459740654618845],[-73.27727354882275,10.459754986011502],[-73.277250976256,10.459828211505878],[-73.27720428751428,10.459826132688692],[-73.27722198838694,10.459740654618845]]]}},
{"type":"Feature","properties":{"cons":"1144","motivo":"sin_npn"},"geometry":{"type":"Polygon","coordinates":[[[-73.27718050050392,10.459824392031809],[-73.27723262152915,10.459585724116117],[-73.27729001936581,10.459413477040552],[-73.27734070230228,10.45927873052512],[-73.27741786695364,10.459019163266404],[-73.27745678140047,10.459027144228179],[-73.27749443014332,10.45893554430713],[-73.27751802073207,10.458909913699598],[-73.27754286316481,10.458919946501192],[-73.27750859710055,10.45895599993191],[-73.2774678519733,10.459074174979554],[-73.27749921061826,10.459086788527292],[-73.27748591175649,10.459111748481465],[-73.27744574447024,10.459099689385685],[-73.27740806392785,10.459223607149637],[-73.27737541090113,10.459289508052164],[-73.27736127996366,10.459309629210404],[-73.27734391834878,10.459368534563142],[-73.2772856497836,10.459526942561139],[-73.27722198838694,10.459740654618845],[-73.27720428751428,10.459826132688692],[-73.27718050050392,10.459824392031809]]]}},
{"type":"Feature","properties":{"cons":"1155","motivo":"sin_npn"},"geometry":{"type":"Polygon","coordinates":[[[-73.27718050050392,10.459824392031809],[-73.27724190650213,10.45982821939217],[-73.27723706710455,10.459907310541668],[-73.27716420853561,10.459898994676774],[-73.27718050050392,10.459824392031809]]]}},
{"type":"Feature","properties":{"cons":"1156","motivo":"sin_npn"},"geometry":{"type":"Polygon","coordinates":[[[-73.27713583913307,10.460034239464923],[-73.2771642085356,10.459898994676774],[-73.27723706710454,10.459907310541668],[-73.27723241617194,10.460040943788925],[-73.27713583913307,10.460034239464923]]]}},
{"type":"Feature","properties":{"cons":"1158","motivo":"sin_npn"},"geometry":{"type":"Polygon","coordinates":[[[-73.27710013631136,10.462288938195947],[-73.27729152491943,10.462235735727067],[-73.27731140595561,10.462349602461458],[-73.27711772102643,10.462416203634785],[-73.27710013631136,10.462288938195947]]]}}
]}
