{"type":"FeatureCollection","features":[
{"type":"Feature","properties":{"cons":"0003","motivo":"sin_npn"},"geometry":{"type":"Polygon","coordinates":[[[-73.29534452294048,10.478390969576159],[-73.2953143720925,10.478276164226687],[-73.29535841618365,10.478266603765825],[-73.29537366548567,10.478320272934683],[-73.29540842266199,10.4783064211792],[-73.29543047548555,10.478382250173631],[-73.29540031947796,10.478392664448249],[-73.2953914962961,10.478376273795185],[-73.29534452294048,10.478390969576159]]]}},
{"type":"Feature","properties":{"cons":"0001","motivo":"sin_npn"},"geometry":{"type":"Polygon","coordinates":[[[-73.29546163202042,10.478487648886425],[-73.29550433845552,10.478631722396914],[-73.29542706881097,10.478654258538224],[-73.29538502106979,10.478529895997601],[-73.29539843467543,10.47852585657363],[-73.29539170370491,10.478507258465694],[-73.29546163202042,10.478487648886425]]]}},
{"type":"Feature","properties":{"cons":"0002","motivo":"sin_npn"},"geometry":{"type":"Polygon","coordinates":[[[-73.29534957080665,10.478410190321306],[-73.29543047548557,10.478382250173631],[-73.29546163202042,10.478487648886425],[-73.29538202811787,10.478509971731315],[-73.29534957080665,10.478410190321306]]]}},
{"type":"Feature","properties":{"cons":"0004","motivo":"sin_npn"},"geometry":{"type":"Polygon","coordinates":[[[-73.29551355421702,10.478522669490516],[-73.29560447944853,10.478495046832471],[-73.29562704524297,10.478570433920712],[-73.2956219669053,10.478571515894933],[-73.29563070842407,10.478607416369103],[-73.29564469283838,10.47860411342213],[-73.29564936913893,10.478619859234774],[-73.29555179090882,10.478649480224504],[-73.29551355421702,10.478522669490516]]]}},
{"type":"Feature","properties":{"cons":"0022","motivo":"sin_npn"},"geometry":{"type":"Polygon","coordinates":[[[-73.29569927203158,10.478235973793515],[-73.29571095305594,10.478272412808813],[-73.29569799224154,10.478276255098926],[-73.29570944955988,10.478319334767392],[-73.29575325508577,10.478308484261138],[-73.29578189562865,10.478399968927231],[-73.29571681847699,10.4784202307128],[-73.2956681570794,10.47824470871695],[-73.29569927203158,10.478235973793515]]]}},
{"type":"Feature","properties":{"cons":"0009","motivo":"sin_npn"},"geometry":{"type":"Polygon","coordinates":[[[-73.29593798692105,10.478532245793481],[-73.29588736827945,10.478547611720693],[-73.29584272271394,10.478413118182912],[-73.29589590938916,10.478395803059177],[-73.29593798692105,10.478532245793481]]]}},
{"type":"Feature","properties":{"cons":"0020","motivo":"sin_npn"},"geometry":{"type":"Polygon","coordinates":[[[-73.29580863785328,10.478304365840529],[-73.2958164382154,10.4783019274166],[-73.29579350754203,10.47822438616469],[-73.29583590492182,10.478210659285876],[-73.29585890139043,10.47828493268578],[-73.2958323930433,10.478292576354892],[-73.29584695318265,10.478342834852715],[-73.29582337840276,10.478349779810888],[-73.29580863785328,10.478304365840529]]]}},
{"type":"Feature","properties":{"cons":"0017","motivo":"sin_npn"},"geometry":{"type":"Polygon","coordinates":[[[-73.29603756854709,10.478230915963332],[-73.29598006478868,10.478247294147568],[-73.29595305579716,10.478164728758872],[-73.29601184946075,10.478148223506683],[-73.29603756854709,10.478230915963332]]]}},
{"type":"Feature","properties":{"cons":"0013","motivo":"sin_npn"},"geometry":{"type":"Polygon","coordinates":[[[-73.29610385753698,10.478347222244999],[-73.2961227857381,10.47840666283667],[-73.29614791789297,10.478398667946074],[-73.29615932600433,10.478436737014128],[-73.29610686958122,10.478453733619864],[-73.29608196205545,10.478373650634293],[-73.29608951371904,10.478371225674483],[-73.2960844596106,10.47835365578993],[-73.29610385753698,10.478347222244999]]]}},
{"type":"Feature","properties":{"cons":"0035","motivo":"sin_npn"},"geometry":{"type":"Polygon","coordinates":[[[-73.29646734331115,10.478043040838042],[-73.29642379356505,10.478055725161541],[-73.2963985232306,10.477966076890219],[-73.29644489840005,10.47795321005063],[-73.29646734331115,10.478043040838042]]]}},
{"type":"Feature","properties":{"cons":"0034","motivo":"sin_npn"},"geometry":{"type":"Polygon","coordinates":[[[-73.29637080356557,10.478033593629943],[-73.29633487523978,10.478044890531752],[-73.2963289528683,10.47802989518069],[-73.29631387994621,10.478034080981708],[-73.29630059367382,10.477993247523308],[-73.2963985232306,10.477966076890219],[-73.29642846918904,10.4780723122569],[-73.29641809416431,10.478075178642461],[-73.29641412294048,10.478061894225677],[-73.2963813101378,10.47807039883929],[-73.29637080356557,10.478033593629943]]]}},
{"type":"Feature","properties":{"cons":"0032","motivo":"sin_npn"},"geometry":{"type":"Polygon","coordinates":[[[-73.29631251634363,10.478051920811035],[-73.2963195614912,10.478082270619616],[-73.2963471287391,10.478075542019406],[-73.29635414485345,10.478100739812245],[-73.29625297265417,10.478128524869803],[-73.29623848367818,10.478075198794654],[-73.29628639197404,10.478060135061021],[-73.29628863659316,10.478068175359384],[-73.29629647139463,10.478066157185637],[-73.29629428859074,10.478057652138864],[-73.29631251634363,10.478051920811035]]]}},
{"type":"Feature","properties":{"cons":"0037","motivo":"sin_npn"},"geometry":{"type":"Polygon","coordinates":[[[-73.29650134904949,10.47805217718268],[-73.29651768232829,10.478113602312527],[-73.29644366105803,10.47813463694392],[-73.2964245391531,10.478073398037338],[-73.29650134904949,10.47805217718268]]]}},
{"type":"Feature","properties":{"cons":"0030","motivo":"sin_npn"},"geometry":{"type":"Polygon","coordinates":[[[-73.29626694482457,10.478179948844822],[-73.29640005823441,10.478147027553092],[-73.2964225404076,10.478233457335962],[-73.29628990176172,10.478264440827708],[-73.29626694482457,10.478179948844822]]]}},
{"type":"Feature","properties":{"cons":"0043","motivo":"sin_npn"},"geometry":{"type":"Polygon","coordinates":[[[-73.29660575955309,10.478366066819165],[-73.29651617842855,10.478386004017198],[-73.29651380386456,10.478378349782792],[-73.29650437282459,10.47838051308329],[-73.29650610220733,10.47838824658186],[-73.29646517377543,10.47839735561352],[-73.29645571530504,10.478360993806033],[-73.29659658659816,10.478330933621155],[-73.29660575955309,10.478366066819165]]]}},
{"type":"Feature","properties":{"cons":"0026","motivo":"sin_npn"},"geometry":{"type":"Polygon","coordinates":[[[-73.29634182414085,10.478410534760648],[-73.29633193442059,10.47838270807903],[-73.29641225195168,10.47836561972573],[-73.29642220979939,10.478406917669703],[-73.29638970410498,10.478414152128062],[-73.29638635648901,10.47839872271761],[-73.29634182414085,10.478410534760648]]]}},
{"type":"Feature","properties":{"cons":"0042","motivo":"sin_npn"},"geometry":{"type":"Polygon","coordinates":[[[-73.29650976951754,10.478306149364341],[-73.29658573321758,10.478289364238812],[-73.29659658659816,10.478330933621155],[-73.29651997150746,10.47834728233867],[-73.29650976951754,10.478306149364341]]]}},
{"type":"Feature","properties":{"cons":"0041","motivo":"sin_npn"},"geometry":{"type":"Polygon","coordinates":[[[-73.29651261098938,10.478244367134472],[-73.29655952734052,10.478233455763796],[-73.29657339253056,10.478292091068653],[-73.29648798602476,10.478310962694668],[-73.29648113251517,10.478282767607217],[-73.29651740439479,10.478273038501735],[-73.29651261098938,10.478244367134472]]]}},
{"type":"Feature","properties":{"cons":"0040","motivo":"sin_npn"},"geometry":{"type":"Polygon","coordinates":[[[-73.29647703301681,10.478222925866005],[-73.29656243370302,10.478200125050098],[-73.2965704714867,10.47823091047447],[-73.2964841526266,10.478250985713323],[-73.29647703301681,10.478222925866005]]]}},
{"type":"Feature","properties":{"cons":"0039","motivo":"sin_npn"},"geometry":{"type":"Polygon","coordinates":[[[-73.29647149508578,10.478190567495039],[-73.29655452690461,10.478169841304261],[-73.29656243370302,10.478200125050098],[-73.29648031015618,10.478222050915083],[-73.29647149508578,10.478190567495039]]]}},
{"type":"Feature","properties":{"cons":"0051","motivo":"sin_npn"},"geometry":{"type":"Polygon","coordinates":[[[-73.29679319019233,10.478297611771826],[-73.29677998784899,10.478252692960769],[-73.29674937528368,10.478260371424177],[-73.29673965045168,10.478212178455172],[-73.29679962088821,10.478203028893388],[-73.2968221260667,10.478290688705785],[-73.29679319019233,10.478297611771826]]]}},
{"type":"Feature","properties":{"cons":"0044","motivo":"sin_npn"},"geometry":{"type":"Polygon","coordinates":[[[-73.29665040166171,10.478274656286441],[-73.29674803960711,10.478253752265097],[-73.29675582955915,10.47829235661525],[-73.2967378063413,10.47829647134235],[-73.2967412109224,10.478310048088854],[-73.29666542724758,10.478328179719577],[-73.29665040166171,10.478274656286441]]]}},
{"type":"Feature","properties":{"cons":"0047","motivo":"sin_npn"},"geometry":{"type":"Polygon","coordinates":[[[-73.29655836219099,10.47794679718397],[-73.29660169124632,10.477935840547902],[-73.29662139804128,10.478021688560451],[-73.29658180368786,10.478030299563084],[-73.29655836219099,10.47794679718397]]]}},
{"type":"Feature","properties":{"cons":"0050","motivo":"sin_npn"},"geometry":{"type":"Polygon","coordinates":[[[-73.29687684560021,10.478119511761761],[-73.29675666552757,10.478142286447971],[-73.29674337946965,10.478069980152618],[-73.29679322108157,10.478067692191644],[-73.2968598593099,10.478053992658861],[-73.29687684560021,10.478119511761761]]]}},
{"type":"Feature","properties":{"cons":"0070","motivo":"sin_npn"},"geometry":{"type":"Polygon","coordinates":[[[-73.29600239528236,10.477886885074954],[-73.29602696959832,10.477880501958566],[-73.29603013100127,10.477898453315213],[-73.29605213673578,10.477893405647],[-73.29604800533679,10.477872821895865],[-73.29605550114829,10.47787042101838],[-73.29606108378991,10.47789100341968],[-73.2960710945165,10.477887514620239],[-73.29609587436177,10.477971468209473],[-73.29602879321206,10.47798848280222],[-73.29600239528236,10.477886885074954]]]}},
{"type":"Feature","properties":{"cons":"0082","motivo":"sin_npn"},"geometry":{"type":"Polygon","coordinates":[[[-73.29531121767415,10.47806415178578],[-73.29535291309412,10.478052593618115],[-73.29534653811358,10.478025368848511],[-73.29536162144605,10.478021749709065],[-73.29538720333689,10.47812637496101],[-73.29536628956915,10.478130083923567],[-73.29537236997122,10.478154978425161],[-73.2953351397948,10.478164421465952],[-73.29531121767415,10.47806415178578]]]}},
{"type":"Feature","properties":{"cons":"0081","motivo":"sin_npn"},"geometry":{"type":"Polygon","coordinates":[[[-73.29544650138453,10.478115176521468],[-73.29538792880824,10.478129342005033],[-73.29535132136274,10.477979624231487],[-73.29541063357642,10.477965876785722],[-73.29544650138453,10.478115176521468]]]}},
{"type":"Feature","properties":{"cons":"0080","motivo":"sin_npn"},"geometry":{"type":"Polygon","coordinates":[[[-73.29549328896735,10.478059453171833],[-73.29543626009821,10.478072547187624],[-73.29541063357642,10.477965876785722],[-73.29546642183777,10.477954110294053],[-73.29549328896735,10.478059453171833]]]}},
{"type":"Feature","properties":{"cons":"0061","motivo":"sin_npn"},"geometry":{"type":"Polygon","coordinates":[[[-73.29556819936984,10.477856778008595],[-73.29550304456886,10.477869819717377],[-73.29548341005795,10.47778952589857],[-73.2955474614056,10.477771928356374],[-73.29556819936984,10.477856778008595]]]}},
{"type":"Feature","properties":{"cons":"0077","motivo":"sin_npn"},"geometry":{"type":"Polygon","coordinates":[[[-73.29559869885614,10.477980451299944],[-73.29562087194887,10.477974668607393],[-73.2956256075519,10.477994773022262],[-73.29567062154837,10.477984197338587],[-73.29569253962774,10.478073770572994],[-73.29562675309978,10.478090456701711],[-73.29559869885614,10.477980451299944]]]}},
{"type":"Feature","properties":{"cons":"0076","motivo":"sin_npn"},"geometry":{"type":"Polygon","coordinates":[[[-73.29567062154837,10.477984197338587],[-73.29572613673015,10.477972413477858],[-73.2957479333416,10.47805972047109],[-73.29569253962774,10.478073770572994],[-73.29567062154837,10.477984197338587]]]}},
{"type":"Feature","properties":{"cons":"0075","motivo":"sin_npn"},"geometry":{"type":"Polygon","coordinates":[[[-73.29576196411112,10.477881191382542],[-73.29580333074075,10.478045669423599],[-73.2957479333416,10.47805972047109],[-73.295706838853,10.477895115196176],[-73.29576196411112,10.477881191382542]]]}},
{"type":"Feature","properties":{"cons":"0074","motivo":"sin_npn"},"geometry":{"type":"Polygon","coordinates":[[[-73.29577410924492,10.477929481723184],[-73.29582973405823,10.47791608704871],[-73.29585994985221,10.478031308488672],[-73.29580333074075,10.478045669423599],[-73.29577410924492,10.477929481723184]]]}},
{"type":"Feature","properties":{"cons":"0066","motivo":"sin_npn"},"geometry":{"type":"Polygon","coordinates":[[[-73.29578510160181,10.4777458905919],[-73.2958164909325,10.477736033867115],[-73.29581321473847,10.477724546161435],[-73.2958405633596,10.477716897678954],[-73.29587012701774,10.477829363446153],[-73.29581103561735,10.477844784514017],[-73.29578510160181,10.4777458905919]]]}},
{"type":"Feature","properties":{"cons":"0028","motivo":"sin_npn"},"geometry":{"type":"Polygon","coordinates":[[[-73.2963053122361,10.478307801276141],[-73.29640155835943,10.478285223001178],[-73.29641016180946,10.478323305100272],[-73.29631817498951,10.478343993192272],[-73.2963053122361,10.478307801276141]]]}},
{"type":"Feature","properties":{"cons":"0106","motivo":"sin_npn"},"geometry":{"type":"Polygon","coordinates":[[[-73.2964795006281,10.477722836143203],[-73.2964915749361,10.477759947878017],[-73.29647261180104,10.47776603953998],[-73.2964749399784,10.47777254879635],[-73.29649377020597,10.477767048462603],[-73.29651455165887,10.477834265905228],[-73.2964519047975,10.477852864977514],[-73.29641850173864,10.477744010504695],[-73.29644510491977,10.477734465595791],[-73.2964440899207,10.477731802209666],[-73.2964795006281,10.477722836143203]]]}},
{"type":"Feature","properties":{"cons":"0084","motivo":"sin_npn"},"geometry":{"type":"Polygon","coordinates":[[[-73.29616043538749,10.477972766691783],[-73.29614292374586,10.477913927021437],[-73.29625326599073,10.477881535138355],[-73.29626055940895,10.477904353378346],[-73.29627697059992,10.477898339156557],[-73.29628669320178,10.477931099106819],[-73.29616043538749,10.477972766691783]]]}},
{"type":"Feature","properties":{"cons":"0108","motivo":"sin_npn"},"geometry":{"type":"Polygon","coordinates":[[[-73.29633297620039,10.477794129153782],[-73.29636533093615,10.477787192179115],[-73.296390346655,10.477871140808691],[-73.29635919326823,10.47788038984848],[-73.29635120463733,10.477856584786894],[-73.29633113435521,10.477862109455138],[-73.29631778762592,10.477816158881017],[-73.2963383418802,10.477810873153778],[-73.29633297620039,10.477794129153782]]]}},
{"type":"Feature","properties":{"cons":"0107","motivo":"sin_npn"},"geometry":{"type":"Polygon","coordinates":[[[-73.29636206648077,10.47777623720106],[-73.29642261338286,10.477757409607387],[-73.2964519047975,10.477852864977514],[-73.296390346655,10.477871140808691],[-73.29636206648077,10.47777623720106]]]}},
{"type":"Feature","properties":{"cons":"0105","motivo":"sin_npn"},"geometry":{"type":"Polygon","coordinates":[[[-73.29651855287699,10.477727908090982],[-73.29654959443931,10.477823862134182],[-73.29651455165887,10.477834265905228],[-73.2964848364136,10.477738152173],[-73.29651855287699,10.477727908090982]]]}},
{"type":"Feature","properties":{"cons":"0087","motivo":"sin_npn"},"geometry":{"type":"Polygon","coordinates":[[[-73.29609300541779,10.477705530728349],[-73.29619686576011,10.477680368959783],[-73.29620744149886,10.477723591075417],[-73.29618386365769,10.477728700064432],[-73.29619044537992,10.477762066072671],[-73.29613890787247,10.477775544286219],[-73.29612944693446,10.477733837741251],[-73.29610284481883,10.47773805182282],[-73.29609300541779,10.477705530728349]]]}},
{"type":"Feature","properties":{"cons":"0089","motivo":"sin_npn"},"geometry":{"type":"Polygon","coordinates":[[[-73.29622354457513,10.477646868513645],[-73.29625511330585,10.477641375882929],[-73.29625146160747,10.47761654250445],[-73.29628546631908,10.47760871349255],[-73.29630403531034,10.477703750797483],[-73.29627343946422,10.477709465458567],[-73.29627931439664,10.477750746256357],[-73.29623044812855,10.47775664087714],[-73.29622972020401,10.477700141042845],[-73.2962340727908,10.477698940039339],[-73.29622354457513,10.477646868513645]]]}},
{"type":"Feature","properties":{"cons":"0091","motivo":"sin_npn"},"geometry":{"type":"Polygon","coordinates":[[[-73.29635186795625,10.477608151654188],[-73.29640828308992,10.477595078242429],[-73.2964266503785,10.477668756384515],[-73.2963672144903,10.47768201676821],[-73.29635186795625,10.477608151654188]]]}},
{"type":"Feature","properties":{"cons":"0103","motivo":"sin_npn"},"geometry":{"type":"Polygon","coordinates":[[[-73.2966063929791,10.47763874238369],[-73.29661305832059,10.477658471196639],[-73.2966067122719,10.477661768730561],[-73.29661247299198,10.477678819944146],[-73.2966461653607,10.477670064939833],[-73.29667843395292,10.47776708733553],[-73.2966285324049,10.47778376360459],[-73.29658469099984,10.477645983540944],[-73.2966063929791,10.47763874238369]]]}},
{"type":"Feature","properties":{"cons":"0113","motivo":"sin_npn"},"geometry":{"type":"Polygon","coordinates":[[[-73.29559517777034,10.47751972094593],[-73.29563266480582,10.47767643858812],[-73.29559724106647,10.477685344760967],[-73.29557647040363,10.477602084754851],[-73.29556619219849,10.477603590489533],[-73.29556741092577,10.477613464221646],[-73.29554536207132,10.477617802036356],[-73.29552790358728,10.477536692224021],[-73.29559517777034,10.47751972094593]],[[-73.29557528996281,10.47754010163062],[-73.29557296048986,10.477532203902546],[-73.29556619396854,10.477533623126648],[-73.2955678898608,10.47754140121096],[-73.29557528996281,10.47754010163062]]]}},
{"type":"Feature","properties":{"cons":"0127","motivo":"sin_npn"},"geometry":{"type":"Polygon","coordinates":[[[-73.29585516084198,10.477369975546896],[-73.29587886157947,10.477469795568453],[-73.29578483852627,10.477490126456473],[-73.29576358057116,10.477405012963604],[-73.29581948463877,10.477392479995412],[-73.29581664473741,10.477379237273968],[-73.29585516084198,10.477369975546896]]]}},
{"type":"Feature","properties":{"cons":"0111","motivo":"sin_npn"},"geometry":{"type":"Polygon","coordinates":[[[-73.29569506503431,10.477533665749833],[-73.29572693489006,10.477525000258673],[-73.29575585225554,10.47764546698667],[-73.29572406958903,10.47765345774153],[-73.29569506503431,10.477533665749833]]]}},
{"type":"Feature","properties":{"cons":"0119","motivo":"sin_npn"},"geometry":{"type":"Polygon","coordinates":[[[-73.29526030932958,10.477519309821808],[-73.29528075050345,10.477599298601264],[-73.29521827026348,10.477615185235043],[-73.29520071487201,10.477536493929088],[-73.29526030932958,10.477519309821808]]]}},
{"type":"Feature","properties":{"cons":"0120","motivo":"sin_npn"},"geometry":{"type":"Polygon","coordinates":[[[-73.2952763385399,10.477582034059488],[-73.29530386206126,10.477574895610065],[-73.29528842992273,10.477511201222837],[-73.29532735815675,10.477499976225877],[-73.29534710023725,10.477582428069548],[-73.29528075050345,10.477599298601264],[-73.2952763385399,10.477582034059488]]]}},
{"type":"Feature","properties":{"cons":"0112","motivo":"sin_npn"},"geometry":{"type":"Polygon","coordinates":[[[-73.29566227962414,10.47753241657502],[-73.29563159867435,10.477539592505908],[-73.29564407451173,10.47758550801283],[-73.29561245537778,10.47759195142988],[-73.29559517777034,10.47751972094593],[-73.29560902676265,10.477516227254537],[-73.29558893351653,10.47743399346285],[-73.2956367184465,10.477422502956491],[-73.29566227962414,10.47753241657502]]]}},
{"type":"Feature","properties":{"cons":"0124","motivo":"sin_npn"},"geometry":{"type":"Polygon","coordinates":[[[-73.29554988425379,10.477512357934238],[-73.29557771739506,10.477504619689617],[-73.29556212992638,10.477440438730348],[-73.29558893351653,10.47743399346285],[-73.29560902676265,10.477516227254537],[-73.29555431200775,10.477530030165862],[-73.29554988425379,10.477512357934238]]]}},
{"type":"Feature","properties":{"cons":"0123","motivo":"sin_npn"},"geometry":{"type":"Polygon","coordinates":[[[-73.29548135650674,10.47745986172135],[-73.29553358477577,10.477447302775698],[-73.29555431200775,10.477530030165862],[-73.29550149516568,10.477543354279982],[-73.29548135650674,10.47745986172135]]]}},
{"type":"Feature","properties":{"cons":"0125","motivo":"sin_npn"},"geometry":{"type":"Polygon","coordinates":[[[-73.29563870891872,10.47743106203326],[-73.29566925091181,10.477424338824502],[-73.29567197851266,10.477431218771901],[-73.29569283554949,10.477426411586615],[-73.2957159057426,10.477523642601865],[-73.29569565423455,10.477529346941196],[-73.29569474238542,10.477524260737223],[-73.29566227962412,10.47753241657502],[-73.29563870891872,10.47743106203326]]]}},
{"type":"Feature","properties":{"cons":"0126","motivo":"sin_npn"},"geometry":{"type":"Polygon","coordinates":[[[-73.29578006985172,10.477471033441686],[-73.29574549323495,10.477479327848393],[-73.29575004737575,10.47749937258296],[-73.29572219071953,10.477505236529407],[-73.29569875040951,10.477407586554321],[-73.29576051394801,10.47739273468494],[-73.29578006985172,10.477471033441686]]]}},
{"type":"Feature","properties":{"cons":"0128","motivo":"sin_npn"},"geometry":{"type":"Polygon","coordinates":[[[-73.29578483852627,10.477490126456473],[-73.29594634188828,10.477455204079298],[-73.29596274729413,10.477515891645018],[-73.2958018696121,10.477558316195886],[-73.29578483852627,10.477490126456473]]]}},
{"type":"Feature","properties":{"cons":"0129","motivo":"sin_npn"},"geometry":{"type":"Polygon","coordinates":[[[-73.29600656108562,10.477475771894092],[-73.29602401055317,10.477472606625987],[-73.29602461921353,10.477476795395994],[-73.29606361362545,10.47746867969882],[-73.2960566310723,10.477438463126044],[-73.29609468567732,10.477429595054277],[-73.29612099264892,10.477547375339743],[-73.29603172135535,10.477568453234616],[-73.29600656108562,10.477475771894092]]]}},
{"type":"Feature","properties":{"cons":"0136","motivo":"sin_npn"},"geometry":{"type":"Polygon","coordinates":[[[-73.29623972509673,10.477225054274173],[-73.29628662325037,10.477217068764167],[-73.29629878587332,10.477297375452208],[-73.29625290257417,10.477304167735873],[-73.29623972509673,10.477225054274173]]]}},
{"type":"Feature","properties":{"cons":"0143","motivo":"sin_npn"},"geometry":{"type":"Polygon","coordinates":[[[-73.29648351113283,10.477351792954295],[-73.29652669700104,10.477342605129166],[-73.2965464005175,10.477427480238838],[-73.2964996502934,10.477440417009973],[-73.29648351113283,10.477351792954295]]]}},
{"type":"Feature","properties":{"cons":"0139","motivo":"sin_npn"},"geometry":{"type":"Polygon","coordinates":[[[-73.29644497117665,10.477176727842316],[-73.29647839525308,10.477170468597114],[-73.29648087328363,10.477181957039202],[-73.2965059571465,10.47717685590559],[-73.2965200636719,10.477257746647663],[-73.29646320584506,10.477268479052073],[-73.29644497117665,10.477176727842316]]]}},
{"type":"Feature","properties":{"cons":"0161","motivo":"sin_npn"},"geometry":{"type":"Polygon","coordinates":[[[-73.29578846278919,10.477258391867265],[-73.29587134226972,10.47723766496904],[-73.29589511015978,10.477331742397814],[-73.29581130014658,10.47735227682504],[-73.29578846278919,10.477258391867265]]]}},
{"type":"Feature","properties":{"cons":"0152","motivo":"sin_npn"},"geometry":{"type":"Polygon","coordinates":[[[-73.29523537337171,10.47741002801619],[-73.29523005844818,10.477390035463955],[-73.29526401246058,10.477382346791588],[-73.29525708779167,10.477349317305206],[-73.29522113490218,10.477356468754616],[-73.29520481978368,10.477295097969424],[-73.29530172007965,10.477275441887087],[-73.29532951388966,10.477386686750705],[-73.29523537337171,10.47741002801619]]]}},
{"type":"Feature","properties":{"cons":"0154","motivo":"sin_npn"},"geometry":{"type":"Polygon","coordinates":[[[-73.29545342905605,10.477364180042645],[-73.29539192005556,10.477379765204024],[-73.29536267758019,10.477263076731552],[-73.29542528468725,10.477250376942184],[-73.29545342905605,10.477364180042645]]]}},
{"type":"Feature","properties":{"cons":"0163","motivo":"sin_npn"},"geometry":{"type":"Polygon","coordinates":[[[-73.29556916579469,10.477357549787225],[-73.2956247921155,10.477343857389144],[-73.29563799042057,10.477394739643756],[-73.29558131471825,10.477408625801036],[-73.29556916579469,10.477357549787225]]]}},
{"type":"Feature","properties":{"cons":"0162","motivo":"sin_npn"},"geometry":{"type":"Polygon","coordinates":[[[-73.29561428897848,10.477303365563746],[-73.29567252134022,10.477289335255222],[-73.29569575482049,10.477380586732284],[-73.29563799042057,10.477394739643756],[-73.29561428897848,10.477303365563746]]]}},
{"type":"Feature","properties":{"cons":"0159","motivo":"sin_npn"},"geometry":{"type":"Polygon","coordinates":[[[-73.29571234690236,10.477198905051727],[-73.29574824857686,10.47734177896265],[-73.29572026114786,10.477351125685091],[-73.29571449963137,10.477333176739444],[-73.29570694165898,10.477333782236693],[-73.29570390320406,10.477317925429452],[-73.29569271798427,10.477319432010493],[-73.29568119921231,10.47728802268837],[-73.29567252134022,10.477289335255222],[-73.29565591595589,10.477224116154623],[-73.29566874050705,10.47722190259608],[-73.2956659417999,10.477206944364571],[-73.29571234690236,10.477198905051727]]]}},
{"type":"Feature","properties":{"cons":"0150","motivo":"sin_npn"},"geometry":{"type":"Polygon","coordinates":[[[-73.29525016142364,10.477465654559012],[-73.29524268676965,10.477466967224322],[-73.29524754033001,10.477483959458505],[-73.29525469489039,10.47748270758385],[-73.29525617828762,10.47748828750944],[-73.2951928724096,10.477503798045634],[-73.2951767970107,10.477436785426551],[-73.29523852465529,10.477421881845109],[-73.29524197392281,10.477434856565619],[-73.29522863068946,10.477438013992336],[-73.2952339707151,10.477457878463412],[-73.29524735147044,10.477455084677446],[-73.29525016142364,10.477465654559012]]]}},
{"type":"Feature","properties":{"cons":"0165","motivo":"sin_npn"},"geometry":{"type":"Polygon","coordinates":[[[-73.29524735147045,10.477455084677446],[-73.29523537337171,10.47741002801619],[-73.29530622492113,10.47739246103666],[-73.29532180989489,10.477472207132866],[-73.29528847934152,10.477480373441677],[-73.29527967653345,10.47744912225221],[-73.29524735147045,10.477455084677446]]]}},
{"type":"Feature","properties":{"cons":"0164","motivo":"sin_npn"},"geometry":{"type":"Polygon","coordinates":[[[-73.29547109912771,10.477435629775108],[-73.29540969040583,10.477450675536684],[-73.29539192005555,10.477379765204024],[-73.29542137420744,10.477372302107524],[-73.29542323587756,10.477380307884713],[-73.29545524813928,10.477371535589553],[-73.29547109912771,10.477435629775108]]]}},
{"type":"Feature","properties":{"cons":"0158","motivo":"sin_npn"},"geometry":{"type":"Polygon","coordinates":[[[-73.29567252134021,10.477289335255222],[-73.29561428897848,10.477303365563746],[-73.29559826431019,10.477241587039599],[-73.29563009481886,10.477232148497302],[-73.29562776702645,10.477226022258632],[-73.29565465206112,10.477219152096067],[-73.29567252134021,10.477289335255222]]]}},
{"type":"Feature","properties":{"cons":"0157","motivo":"sin_npn"},"geometry":{"type":"Polygon","coordinates":[[[-73.29561326797803,10.47729942938938],[-73.29555848489366,10.477312645559195],[-73.29554031611842,10.477236261069418],[-73.2955936900136,10.477223952142793],[-73.29561326797803,10.47729942938938]]]}},
{"type":"Feature","properties":{"cons":"0178","motivo":"sin_npn"},"geometry":{"type":"Polygon","coordinates":[[[-73.29628992535359,10.477128884064443],[-73.29625234249647,10.477134251767009],[-73.29619815996361,10.477131190106036],[-73.29619758858477,10.477151052975257],[-73.29610107405416,10.477150199322168],[-73.29609254737736,10.477071714879944],[-73.29627792711464,10.477068851432175],[-73.29628992535359,10.477128884064443]]]}},
{"type":"Feature","properties":{"cons":"0180","motivo":"sin_npn"},"geometry":{"type":"Polygon","coordinates":[[[-73.29609610217602,10.477004211128541],[-73.29609265585891,10.476938246387],[-73.29621281565223,10.476931362623056],[-73.29621456205062,10.476956180294131],[-73.29624330651946,10.476954127972776],[-73.29624630729501,10.476997607492452],[-73.29609610217602,10.477004211128541]]]}},
{"type":"Feature","properties":{"cons":"0175","motivo":"sin_npn"},"geometry":{"type":"Polygon","coordinates":[[[-73.2963978422218,10.476987628425581],[-73.29642627611703,10.47710155958964],[-73.29638785377314,10.477110616837395],[-73.29636051451908,10.476995771292763],[-73.2963978422218,10.476987628425581]]]}},
{"type":"Feature","properties":{"cons":"0182","motivo":"sin_npn"},"geometry":{"type":"Polygon","coordinates":[[[-73.29634565138217,10.476999013616636],[-73.29633783905697,10.476975575902445],[-73.29633184188081,10.47697692207235],[-73.29632738122703,10.476966201524196],[-73.29633376503584,10.476964471969517],[-73.29632697039112,10.476941113768659],[-73.29630237496603,10.476946202304223],[-73.29629799611959,10.476923302987993],[-73.29636152791541,10.476903808950441],[-73.29638141621216,10.476991211684886],[-73.29634565138217,10.476999013616636]]]}},
{"type":"Feature","properties":{"cons":"0177","motivo":"sin_npn"},"geometry":{"type":"Polygon","coordinates":[[[-73.29631380219918,10.477005961364396],[-73.2963364958525,10.47712463843393],[-73.29629190125915,10.477138770413745],[-73.29627792711464,10.477068851432175],[-73.29627208085672,10.477015062671539],[-73.29631380219918,10.477005961364396]]]}},
{"type":"Feature","properties":{"cons":"0176","motivo":"sin_npn"},"geometry":{"type":"Polygon","coordinates":[[[-73.29631380219914,10.477005961364412],[-73.29636051451905,10.476995771292806],[-73.29638785377314,10.477110616837434],[-73.29633649585249,10.47712463843395],[-73.29631380219914,10.477005961364412]]]}},
{"type":"Feature","properties":{"cons":"0174","motivo":"sin_npn"},"geometry":{"type":"Polygon","coordinates":[[[-73.2963978422218,10.476987628425581],[-73.29643936426606,10.4769785705764],[-73.29645747509959,10.4770942050914],[-73.29642627611703,10.47710155958964],[-73.2963978422218,10.476987628425581]]]}},
{"type":"Feature","properties":{"cons":"0183","motivo":"sin_npn"},"geometry":{"type":"Polygon","coordinates":[[[-73.29635993481563,10.476896807781504],[-73.29641562709675,10.476884474650522],[-73.29643203658574,10.476949523106732],[-73.29640150662591,10.476957011735763],[-73.29640345180306,10.476967734624873],[-73.29637731356942,10.476973181880192],[-73.29635993481563,10.476896807781504]]]}},
{"type":"Feature","properties":{"cons":"0173","motivo":"sin_npn"},"geometry":{"type":"Polygon","coordinates":[[[-73.29643936426606,10.4769785705764],[-73.29657696481826,10.476951969804585],[-73.29658820352321,10.4770067199396],[-73.29658643167265,10.477063806279226],[-73.29645747509957,10.4770942050914],[-73.29643936426606,10.4769785705764]]]}},
{"type":"Feature","properties":{"cons":"0184","motivo":"sin_npn"},"geometry":{"type":"Polygon","coordinates":[[[-73.29648093820967,10.476957464430871],[-73.29647838898477,10.476947412398626],[-73.2964406646536,10.476955706505162],[-73.29643045956838,10.47690688031964],[-73.29647471207329,10.47689606653342],[-73.29646703743519,10.476873089752049],[-73.29650935774086,10.476863717848454],[-73.296523746879,10.476949283619398],[-73.29648093820967,10.476957464430871]]]}},
{"type":"Feature","properties":{"cons":"0211","motivo":"sin_npn"},"geometry":{"type":"Polygon","coordinates":[[[-73.29594599724345,10.476878850611287],[-73.29602650381388,10.47687701677692],[-73.29603318514508,10.476908430585134],[-73.29603469267198,10.476945859994448],[-73.29599236928573,10.476946896727796],[-73.29599120617917,10.47690936573319],[-73.29594658130277,10.47691012539206],[-73.29594599724345,10.476878850611287]]]}},
{"type":"Feature","properties":{"cons":"0185","motivo":"sin_npn"},"geometry":{"type":"Polygon","coordinates":[[[-73.29598221831822,10.477011449141767],[-73.29603718216113,10.477007669883871],[-73.29604275230922,10.477113399919219],[-73.29598805204665,10.477118144314955],[-73.29598221831822,10.477011449141767]]]}},
{"type":"Feature","properties":{"cons":"0198","motivo":"sin_npn"},"geometry":{"type":"Polygon","coordinates":[[[-73.29520943199606,10.477205813814093],[-73.29521351734407,10.4770641553734],[-73.29524557122586,10.477064634821035],[-73.29524214336,10.477205996472803],[-73.29520943199606,10.477205813814093]]]}},
{"type":"Feature","properties":{"cons":"0197","motivo":"sin_npn"},"geometry":{"type":"Polygon","coordinates":[[[-73.29524214336,10.477205996472803],[-73.29524425495741,10.477118916381373],[-73.29527713150438,10.477119867430428],[-73.2952760493852,10.477205593429803],[-73.29524214336,10.477205996472803]]]}},
{"type":"Feature","properties":{"cons":"0195","motivo":"sin_npn"},"geometry":{"type":"Polygon","coordinates":[[[-73.29533580047348,10.47710591300296],[-73.29539097365007,10.477105038582112],[-73.29539670254528,10.47719203524776],[-73.29533809077218,10.477200428795094],[-73.29533580047348,10.47710591300296]]]}},
{"type":"Feature","properties":{"cons":"0194","motivo":"sin_npn"},"geometry":{"type":"Polygon","coordinates":[[[-73.2953995287534,10.477183555506977],[-73.29539408015229,10.477085061812033],[-73.29542662668784,10.47708046795712],[-73.29542815880536,10.477102011693392],[-73.29545619097222,10.477100120387005],[-73.2954636190755,10.477177852848659],[-73.2953995287534,10.477183555506977]]]}},
{"type":"Feature","properties":{"cons":"0193","motivo":"sin_npn"},"geometry":{"type":"Polygon","coordinates":[[[-73.29546405267419,10.477182390303232],[-73.29545017377124,10.477061284483163],[-73.29546017824116,10.47706026153182],[-73.29546108339623,10.47706966340063],[-73.29550340636443,10.477064537066667],[-73.29550273679757,10.477055909939963],[-73.29551343089295,10.477054886780794],[-73.29552518330091,10.477173636016003],[-73.29546405267419,10.477182390303232]]]}},
{"type":"Feature","properties":{"cons":"0190","motivo":"sin_npn"},"geometry":{"type":"Polygon","coordinates":[[[-73.29564494553692,10.477056956678036],[-73.29569817134202,10.477052174065786],[-73.29570813492576,10.477134021058738],[-73.29565209599689,10.477142098083945],[-73.29564494553692,10.477056956678036]]]}},
{"type":"Feature","properties":{"cons":"0189","motivo":"sin_npn"},"geometry":{"type":"Polygon","coordinates":[[[-73.29573092717274,10.477041882920519],[-73.29576839073684,10.477038531824347],[-73.29577294398666,10.47712652675275],[-73.29570813492576,10.477134021058738],[-73.29569866014135,10.47705618936458],[-73.29573093738851,10.477052655489828],[-73.29573092717274,10.477041882920519]]]}},
{"type":"Feature","properties":{"cons":"0188","motivo":"sin_npn"},"geometry":{"type":"Polygon","coordinates":[[[-73.29582262473905,10.477107099501406],[-73.29582212600504,10.477091300182774],[-73.29580833946612,10.47709155238406],[-73.29580750351025,10.477074059750208],[-73.29581920649655,10.477073348597862],[-73.29581919922981,10.477065688104169],[-73.29584145200619,10.477066146206825],[-73.29584095826753,10.477055613477615],[-73.29580662350578,10.477055645382807],[-73.29580511981023,10.477024180079052],[-73.29588024150287,10.47702140876476],[-73.29587870043511,10.477110163055631],[-73.29582262473905,10.477107099501406]]]}},
{"type":"Feature","properties":{"cons":"0187","motivo":"sin_npn"},"geometry":{"type":"Polygon","coordinates":[[[-73.29592174846525,10.47702639656947],[-73.29592027951398,10.47699486083485],[-73.29593994809093,10.476994880059605],[-73.29594479682729,10.4771167826173],[-73.29587855069319,10.477118787102414],[-73.29588014183372,10.47702714898272],[-73.29592174846525,10.47702639656947]]]}},
{"type":"Feature","properties":{"cons":"0186","motivo":"sin_npn"},"geometry":{"type":"Polygon","coordinates":[[[-73.29594238385336,10.477057531467077],[-73.29598468331663,10.477056532402],[-73.29598805204665,10.477118144314955],[-73.2959451039963,10.47712186938267],[-73.29594238385336,10.477057531467077]]]}},
{"type":"Feature","properties":{"cons":"0201","motivo":"sin_npn"},"geometry":{"type":"Polygon","coordinates":[[[-73.2953198191386,10.476949490305763],[-73.29531939926835,10.476977439165445],[-73.29521604782619,10.476976411491451],[-73.29521783636035,10.47691439446756],[-73.2952956718023,10.476913768055379],[-73.29529635033987,10.476940127359969],[-73.2953087345992,10.476940498897475],[-73.29530990121148,10.476946434703434],[-73.2953198191386,10.476949490305763]]]}},
{"type":"Feature","properties":{"cons":"0202","motivo":"sin_npn"},"geometry":{"type":"Polygon","coordinates":[[[-73.29534119143132,10.476948846481077],[-73.29536674025633,10.476948076839506],[-73.29536647526233,10.477022951318297],[-73.29538268731605,10.477023653887347],[-73.29538272066218,10.477067680712151],[-73.29532635608247,10.477065973243732],[-73.2953258402508,10.47702262993094],[-73.29533853858564,10.477022618150798],[-73.29534119143132,10.476948846481077]]]}},
{"type":"Feature","properties":{"cons":"0204","motivo":"sin_npn"},"geometry":{"type":"Polygon","coordinates":[[[-73.29544169658912,10.47692136851747],[-73.29550645532444,10.476918405801428],[-73.29550945104945,10.476977018890361],[-73.29544490984853,10.476978741743343],[-73.29544169658912,10.47692136851747]]]}},
{"type":"Feature","properties":{"cons":"0205","motivo":"sin_npn"},"geometry":{"type":"Polygon","coordinates":[[[-73.29551343089295,10.477054886780794],[-73.29550645532441,10.476918405801428],[-73.29555625920638,10.476916127261859],[-73.29555977746321,10.476986934642852],[-73.29553097476861,10.476986255671402],[-73.29553096478666,10.476975722492249],[-73.29551766177148,10.476975734841323],[-73.2955176801465,10.47699512546654],[-73.29556011692868,10.47699376662103],[-73.29556242098047,10.477040137250938],[-73.2955401700208,10.477041594252151],[-73.29554023300969,10.477053177543555],[-73.29551343089295,10.477054886780794]]]}},
{"type":"Feature","properties":{"cons":"0210","motivo":"sin_npn"},"geometry":{"type":"Polygon","coordinates":[[[-73.29578166944073,10.476882745728275],[-73.29583363003479,10.476881488945951],[-73.29583579647952,10.476950556449513],[-73.2957840485104,10.476951655155899],[-73.29578166944073,10.476882745728275]]]}},
{"type":"Feature","properties":{"cons":"0212","motivo":"sin_npn"},"geometry":{"type":"Polygon","coordinates":[[[-73.29588960015406,10.476949414087727],[-73.29603469267195,10.476945859994467],[-73.29603667083808,10.47699497458225],[-73.295910771072,10.476994851540477],[-73.29591014959921,10.476974315948345],[-73.29588894236619,10.476973567774664],[-73.29588960015406,10.476949414087727]]]}},
{"type":"Feature","properties":{"cons":"0199","motivo":"sin_npn"},"geometry":{"type":"Polygon","coordinates":[[[-73.29522174675282,10.477064278465557],[-73.29522146221862,10.477020088656554],[-73.2953055362531,10.477021281749757],[-73.29530524811518,10.47706552743258],[-73.29522174675282,10.477064278465557]]]}},
{"type":"Feature","properties":{"cons":"0221","motivo":"sin_npn"},"geometry":{"type":"Polygon","coordinates":[[[-73.2953172961778,10.476802325746018],[-73.29521854178483,10.476796943825443],[-73.29521972851619,10.47674978708486],[-73.29531565310776,10.476747760658222],[-73.2953172961778,10.476802325746018]]]}},
{"type":"Feature","properties":{"cons":"0217","motivo":"sin_npn"},"geometry":{"type":"Polygon","coordinates":[[[-73.29550346606896,10.476830157743906],[-73.29545875133219,10.476832959589814],[-73.29545586040739,10.476750879306964],[-73.29550120816066,10.476747246358675],[-73.29550346606896,10.476830157743906]]]}},
{"type":"Feature","properties":{"cons":"0215","motivo":"sin_npn"},"geometry":{"type":"Polygon","coordinates":[[[-73.29555908060178,10.476780095235018],[-73.29556572368287,10.476779324460162],[-73.2955651036861,10.476763166167043],[-73.29558898806155,10.47676254551523],[-73.29558960550692,10.476776010665835],[-73.29561549627054,10.476775989086837],[-73.2956174638427,10.476859111576266],[-73.29557644682737,10.476860039108015],[-73.29557636943382,10.476846643195772],[-73.29556222090447,10.476846585007012],[-73.29555908060178,10.476780095235018]]]}},
{"type":"Feature","properties":{"cons":"0214","motivo":"sin_npn"},"geometry":{"type":"Polygon","coordinates":[[[-73.29566141734458,10.476810541211174],[-73.2956163381081,10.476811553551372],[-73.29561471457912,10.476742965556358],[-73.29566068911015,10.476741012368088],[-73.29566141734458,10.476810541211174]]]}},
{"type":"Feature","properties":{"cons":"0229","motivo":"sin_npn"},"geometry":{"type":"Polygon","coordinates":[[[-73.29568630013115,10.476687408017083],[-73.29573777515216,10.476686716206332],[-73.29573886249024,10.4767376912242],[-73.29567566358435,10.476740376189046],[-73.29567398270618,10.476712003040241],[-73.29568704261148,10.47671069820124],[-73.29568630013115,10.476687408017083]]]}},
{"type":"Feature","properties":{"cons":"0228","motivo":"sin_npn"},"geometry":{"type":"Polygon","coordinates":[[[-73.29561342527255,10.476688387421751],[-73.2956606579335,10.476687752638355],[-73.29566068911015,10.476741012368088],[-73.29561471457912,10.476742965556358],[-73.29561342527255,10.476688387421751]]]}},
{"type":"Feature","properties":{"cons":"0227","motivo":"sin_npn"},"geometry":{"type":"Polygon","coordinates":[[[-73.29558697583784,10.47668874288588],[-73.29558736543648,10.4767441274579],[-73.29555744189125,10.476745398727736],[-73.29555730313253,10.476689141666174],[-73.29558697583784,10.47668874288588]]]}},
{"type":"Feature","properties":{"cons":"0224","motivo":"sin_npn"},"geometry":{"type":"Polygon","coordinates":[[[-73.29540318569349,10.476749432893637],[-73.29540314383735,10.476705245105393],[-73.2954482833191,10.476704999639669],[-73.2954490058368,10.476750691085405],[-73.29540318569349,10.476749432893637]]]}},
{"type":"Feature","properties":{"cons":"0230","motivo":"sin_npn"},"geometry":{"type":"Polygon","coordinates":[[[-73.29598071450813,10.476747558546334],[-73.29598416591713,10.476847712965737],[-73.29594633608946,10.476849366147185],[-73.29594280758643,10.476749116882823],[-73.29598071450813,10.476747558546334]]]}},
{"type":"Feature","properties":{"cons":"0232","motivo":"sin_npn"},"geometry":{"type":"Polygon","coordinates":[[[-73.29584488990741,10.476797237117504],[-73.29584685436394,10.476829052886684],[-73.29585652927925,10.476829043895716],[-73.29585703959987,10.476852333221776],[-73.29578666259107,10.476853400387347],[-73.29578456580965,10.47679925882815],[-73.29584488990741,10.476797237117504]]]}},
{"type":"Feature","properties":{"cons":"0233","motivo":"sin_npn"},"geometry":{"type":"Polygon","coordinates":[[[-73.29587004773045,10.476741784156388],[-73.29587025834542,10.476768225913894],[-73.29588702641878,10.476768690100146],[-73.295887934453,10.476795794509302],[-73.29578456580963,10.47679925882815],[-73.29578238187281,10.476742866776581],[-73.29587004773045,10.476741784156388]]]}},
{"type":"Feature","properties":{"cons":"0235","motivo":"sin_npn"},"geometry":{"type":"Polygon","coordinates":[[[-73.2959982872988,10.47674683613529],[-73.29588644830889,10.476751433778931],[-73.29588534262987,10.476718429748992],[-73.29591011898063,10.476717198659982],[-73.2959097279208,10.476683765530684],[-73.29598639677158,10.476680941074854],[-73.29598790191991,10.476713595340787],[-73.29599718983503,10.476713586705442],[-73.2959982872988,10.47674683613529]]]}},
{"type":"Feature","properties":{"cons":"0231","motivo":"sin_npn"},"geometry":{"type":"Polygon","coordinates":[[[-73.29594280758643,10.476749116882797],[-73.29594633608946,10.476849366147185],[-73.29588981192829,10.47685183627151],[-73.29588644830889,10.476751433778931],[-73.29594280758643,10.476749116882797]]]}},
{"type":"Feature","properties":{"cons":"0244","motivo":"sin_npn"},"geometry":{"type":"Polygon","coordinates":[[[-73.29607581954282,10.476910788833404],[-73.29606853048642,10.4768135110405],[-73.29612751075189,10.476807539991981],[-73.29613091037012,10.476839924443375],[-73.29615654594049,10.476836788518263],[-73.2961582570106,10.476855698786627],[-73.29619671230004,10.476853029713434],[-73.29619348726358,10.476800860643701],[-73.29621677331104,10.476798503201069],[-73.2962302798558,10.476885449281006],[-73.29607581954282,10.476910788833404]],[[-73.29615182135208,10.47689197245457],[-73.29615179549256,10.476864741793982],[-73.296103424037,10.476868078409208],[-73.29610556315505,10.476892015483143],[-73.29615182135208,10.47689197245457]]]}},
{"type":"Feature","properties":{"cons":"0247","motivo":"sin_npn"},"geometry":{"type":"Polygon","coordinates":[[[-73.29611732188437,10.476684464287837],[-73.29611517038553,10.476650900277912],[-73.29605666077363,10.476655100878425],[-73.29605413508493,10.476621393655295],[-73.29616192958233,10.476608336326072],[-73.2961622987406,10.476612075156204],[-73.29618067947493,10.476610382322228],[-73.29618361127623,10.476641260986904],[-73.29615579841293,10.476643920157954],[-73.2961584069065,10.476681394454557],[-73.29611732188437,10.476684464287837]]]}},
{"type":"Feature","properties":{"cons":"0273","motivo":"sin_npn"},"geometry":{"type":"Polygon","coordinates":[[[-73.29522780267365,10.476573150627658],[-73.2953105426144,10.47656541304677],[-73.29531554174767,10.476645945526522],[-73.29532521665782,10.476645936551856],[-73.2953261323756,10.476656046643527],[-73.29523178363625,10.476657421653009],[-73.29522780267365,10.476573150627658]]]}},
{"type":"Feature","properties":{"cons":"0275","motivo":"sin_npn"},"geometry":{"type":"Polygon","coordinates":[[[-73.29531298932028,10.476478517741347],[-73.29520957906755,10.476482006540008],[-73.29520926758761,10.476443731214577],[-73.29531247031987,10.476442024473771],[-73.29531298932028,10.476478517741347]]]}},
{"type":"Feature","properties":{"cons":"0282","motivo":"sin_npn"},"geometry":{"type":"Polygon","coordinates":[[[-73.29519368435257,10.47609595819642],[-73.29528345949893,10.476094434048056],[-73.29528436259413,10.47614483350401],[-73.29519658551617,10.476147625012516],[-73.29519368435257,10.47609595819642]]]}},
{"type":"Feature","properties":{"cons":"0277","motivo":"sin_npn"},"geometry":{"type":"Polygon","coordinates":[[[-73.29529660102983,10.476343562115463],[-73.29527548605479,10.476344520989018],[-73.29527446736185,10.476334787739486],[-73.29520786700613,10.476337700986956],[-73.2952062072124,10.476309736000944],[-73.29527456450951,10.476309502946052],[-73.2952754265111,10.476325977273593],[-73.29529617764098,10.476326496407557],[-73.29529660102983,10.476343562115463]]]}},
{"type":"Feature","properties":{"cons":"0278","motivo":"sin_npn"},"geometry":{"type":"Polygon","coordinates":[[[-73.29527812226732,10.476309490815972],[-73.2952062072124,10.476309736000944],[-73.29520416022277,10.47627524734854],[-73.29527737406512,10.476272725590379],[-73.29527812226732,10.476309490815972]]]}},
{"type":"Feature","properties":{"cons":"0281","motivo":"sin_npn"},"geometry":{"type":"Polygon","coordinates":[[[-73.29527359833315,10.476145175833],[-73.29527489163156,10.476190593125954],[-73.29519481243102,10.476194882935351],[-73.29519167533077,10.476147758897048],[-73.29527359833315,10.476145175833]]]}},
{"type":"Feature","properties":{"cons":"0289","motivo":"sin_npn"},"geometry":{"type":"Polygon","coordinates":[[[-73.29553326890299,10.476174586437141],[-73.29550372543807,10.476174928274926],[-73.29550374551198,10.476196114329447],[-73.29547769108716,10.476197866385007],[-73.29547313861801,10.476099749508426],[-73.29553024046263,10.476099754178875],[-73.29553326890299,10.476174586437141]]]}},
{"type":"Feature","properties":{"cons":"0270","motivo":"sin_npn"},"geometry":{"type":"Polygon","coordinates":[[[-73.29555538969947,10.476558665526444],[-73.29560397184922,10.476557052051891],[-73.2956066798527,10.476650026697186],[-73.2955604297945,10.476651812760394],[-73.29555538969947,10.476558665526444]]]}},
{"type":"Feature","properties":{"cons":"0269","motivo":"sin_npn"},"geometry":{"type":"Polygon","coordinates":[[[-73.29568090492388,10.476641886210071],[-73.29560653743415,10.476645137003437],[-73.2956041996009,10.47656487151843],[-73.29567627098724,10.476562185740464],[-73.29568090492388,10.476641886210071]]]}},
{"type":"Feature","properties":{"cons":"0268","motivo":"sin_npn"},"geometry":{"type":"Polygon","coordinates":[[[-73.29567754289207,10.476584061619318],[-73.2957070568262,10.476579232282603],[-73.29570704842763,10.476570374836443],[-73.29572792220158,10.476569863541982],[-73.2957327071888,10.4766278268285],[-73.29568022165253,10.476630134423397],[-73.29567754289207,10.476584061619318]]]}},
{"type":"Feature","properties":{"cons":"0265","motivo":"sin_npn"},"geometry":{"type":"Polygon","coordinates":[[[-73.29596463706268,10.476570468042118],[-73.29596630662687,10.476602109331894],[-73.2959904947493,10.476602984559452],[-73.29599112129978,10.476626025326166],[-73.29589104901562,10.476628811495155],[-73.29589103048903,10.47664768197672],[-73.2958561458063,10.476647125266739],[-73.29585125285709,10.476578863514876],[-73.29596463706268,10.476570468042118]]]}},
{"type":"Feature","properties":{"cons":"0264","motivo":"sin_npn"},"geometry":{"type":"Polygon","coordinates":[[[-73.29599761764003,10.476568026005266],[-73.29587294137507,10.476577257603335],[-73.29587000915384,10.476536265056522],[-73.29599524347887,10.476525074505512],[-73.29599761764003,10.476568026005266]]]}},
{"type":"Feature","properties":{"cons":"0260","motivo":"sin_npn"},"geometry":{"type":"Polygon","coordinates":[[[-73.29586025818821,10.476198044049756],[-73.29593250716313,10.476193310850269],[-73.29593600866241,10.47626103131933],[-73.29586402726738,10.47626547546367],[-73.29586025818821,10.476198044049756]]]}},
{"type":"Feature","properties":{"cons":"0258","motivo":"sin_npn"},"geometry":{"type":"Polygon","coordinates":[[[-73.29588500925654,10.476083598692174],[-73.29595293149328,10.476079930295155],[-73.29595898604795,10.476128771378239],[-73.29588639091084,10.476132256763197],[-73.29588500925654,10.476083598692174]]]}},
{"type":"Feature","properties":{"cons":"0297","motivo":"sin_npn"},"geometry":{"type":"Polygon","coordinates":[[[-73.29558504945713,10.476500015757248],[-73.2956757052625,10.476493744003553],[-73.29567821744969,10.476531320203204],[-73.29558871882226,10.476540226303145],[-73.29558504945713,10.476500015757248]]]}},
{"type":"Feature","properties":{"cons":"0295","motivo":"sin_npn"},"geometry":{"type":"Polygon","coordinates":[[[-73.29560134841076,10.476466553662153],[-73.29568715792688,10.476458879676455],[-73.29568898653658,10.476492825175699],[-73.29560355003414,10.476498735851667],[-73.29560134841076,10.476466553662153]]]}},
{"type":"Feature","properties":{"cons":"0294","motivo":"sin_npn"},"geometry":{"type":"Polygon","coordinates":[[[-73.29568715792686,10.476458879676455],[-73.2955922959664,10.476467363225197],[-73.29558995055864,10.476440288579575],[-73.29558160595437,10.476440296327032],[-73.29557828109787,10.476412819320613],[-73.29568424923781,10.476404884041864],[-73.29568715792686,10.476458879676455]]]}},
{"type":"Feature","properties":{"cons":"0284","motivo":"sin_npn"},"geometry":{"type":"Polygon","coordinates":[[[-73.29544751880235,10.476133318196707],[-73.29545039127251,10.476183779629498],[-73.29529010367564,10.476189783548149],[-73.29528753376646,10.47615564931599],[-73.29531034406617,10.476154496168819],[-73.29530990922528,10.476138570826933],[-73.29544751880235,10.476133318196707]]]}},
{"type":"Feature","properties":{"cons":"0287","motivo":"sin_npn"},"geometry":{"type":"Polygon","coordinates":[[[-73.29529594983326,10.476317314067854],[-73.29539152299854,10.476314573211958],[-73.29539365318928,10.476292580590163],[-73.29542968585507,10.47629121573556],[-73.29542957207697,10.476337442468687],[-73.29529660102983,10.476343562115463],[-73.29529594983326,10.476317314067854]]]}},
{"type":"Feature","properties":{"cons":"0286","motivo":"sin_npn"},"geometry":{"type":"Polygon","coordinates":[[[-73.29542838488159,10.476238588304897],[-73.29542968585507,10.47629121573556],[-73.2953487561431,10.476294281206346],[-73.29534818497446,10.476269368584214],[-73.29529482870774,10.476272124384801],[-73.29529410413542,10.476242918725415],[-73.29542838488159,10.476238588304897]]]}},
{"type":"Feature","properties":{"cons":"0283","motivo":"sin_npn"},"geometry":{"type":"Polygon","coordinates":[[[-73.29544751880235,10.476133318196707],[-73.29537637721009,10.476136033716307],[-73.29537488907376,10.476117570131821],[-73.29534514013592,10.476119034073944],[-73.29534570949815,10.476137204317354],[-73.2952863157582,10.476139471396017],[-73.29528332399072,10.47609973390959],[-73.29544560780825,10.47609974725297],[-73.29544751880235,10.476133318196707]]]}},
{"type":"Feature","properties":{"cons":"0292","motivo":"sin_npn"},"geometry":{"type":"Polygon","coordinates":[[[-73.29563561427025,10.476227100722289],[-73.29563226335219,10.476099762497949],[-73.29566781283505,10.476099765389009],[-73.29567460879701,10.476225922937484],[-73.29566701359606,10.476225922488902],[-73.29566975651925,10.476261732783358],[-73.29564673244084,10.476264052314972],[-73.29564185995368,10.476227094922628],[-73.29563561427025,10.476227100722289]]]}},
{"type":"Feature","properties":{"cons":"0288","motivo":"sin_npn"},"geometry":{"type":"Polygon","coordinates":[[[-73.29549906761623,10.476275092921217],[-73.29557621489329,10.476273745039318],[-73.29557665809311,10.47629509453009],[-73.29562472996373,10.476294750658337],[-73.29562474187698,10.476307318656566],[-73.2956365037159,10.476307323042052],[-73.29563679392129,10.47633349769241],[-73.29550069113408,10.47633602955591],[-73.29549906761623,10.476275092921217]]]}},
{"type":"Feature","properties":{"cons":"0291","motivo":"sin_npn"},"geometry":{"type":"Polygon","coordinates":[[[-73.29563544572602,10.47621189909715],[-73.29559736544576,10.476212186290592],[-73.29559645795278,10.476234052016268],[-73.29557986980903,10.47623457079982],[-73.29557789621954,10.476099758068859],[-73.29563226335219,10.476099762497949],[-73.29563544572602,10.47621189909715]]]}},
{"type":"Feature","properties":{"cons":"0290","motivo":"sin_npn"},"geometry":{"type":"Polygon","coordinates":[[[-73.29553079628887,10.47611348855726],[-73.29557807800204,10.47611217535021],[-73.29557953717759,10.476211849297629],[-73.29553486795501,10.476214098727512],[-73.29553079628887,10.47611348855726]]]}},
{"type":"Feature","properties":{"cons":"0301","motivo":"sin_npn"},"geometry":{"type":"Polygon","coordinates":[[[-73.29570572250665,10.476156312637512],[-73.29574729201896,10.476154530006381],[-73.29574998934751,10.476229267446039],[-73.29571015602784,10.476230216720785],[-73.29570572250665,10.476156312637512]]]}},
{"type":"Feature","properties":{"cons":"0299","motivo":"sin_npn"},"geometry":{"type":"Polygon","coordinates":[[[-73.29574495615452,10.47642066153048],[-73.29574324841917,10.476376950626662],[-73.29585649907813,10.476373232056966],[-73.29585766685912,10.4764170185296],[-73.29574495615452,10.47642066153048]]]}},
{"type":"Feature","properties":{"cons":"0304","motivo":"sin_npn"},"geometry":{"type":"Polygon","coordinates":[[[-73.29617057271376,10.476391648795621],[-73.29617218887356,10.476421726538348],[-73.29619939754708,10.476419606557421],[-73.2961999388376,10.476431250736367],[-73.29605299111289,10.476448856011944],[-73.29604893205361,10.476404182992152],[-73.29617057271376,10.476391648795621]]]}},
{"type":"Feature","properties":{"cons":"0307","motivo":"sin_npn"},"geometry":{"type":"Polygon","coordinates":[[[-73.29616734727098,10.4762219492966],[-73.29602956658123,10.476247607732194],[-73.29602517674877,10.476209548701146],[-73.296158328276,10.476184767632695],[-73.29616734727098,10.4762219492966]]]}},
{"type":"Feature","properties":{"cons":"0308","motivo":"sin_npn"},"geometry":{"type":"Polygon","coordinates":[[[-73.29613512812749,10.476100109195302],[-73.29613327661013,10.476127756113952],[-73.29613797909677,10.476161218181636],[-73.29602817405326,10.476175725252425],[-73.29602219811909,10.476109955433117],[-73.29613512812749,10.476100109195302]]]}},
{"type":"Feature","properties":{"cons":"0310","motivo":"sin_npn"},"geometry":{"type":"Polygon","coordinates":[[[-73.29615644608404,10.476058600930466],[-73.29620980067999,10.476052276442358],[-73.2962191369096,10.47612752041504],[-73.29616621620798,10.476133042339914],[-73.29615644608404,10.476058600930466]]]}},
{"type":"Feature","properties":{"cons":"0311","motivo":"sin_npn"},"geometry":{"type":"Polygon","coordinates":[[[-73.2962666224529,10.476128172485733],[-73.29621953703844,10.476130745193474],[-73.29620921866918,10.476047585810083],[-73.29626300651029,10.47604303845421],[-73.2962666224529,10.476128172485733]]]}},
{"type":"Feature","properties":{"cons":"0309","motivo":"sin_npn"},"geometry":{"type":"Polygon","coordinates":[[[-73.2961546640381,10.476098405877593],[-73.29602219811909,10.476109955433117],[-73.2960179999994,10.476063751830429],[-73.29614832612032,10.476052733804265],[-73.2961546640381,10.476098405877593]]]}},
{"type":"Feature","properties":{"cons":"0333","motivo":"sin_npn"},"geometry":{"type":"Polygon","coordinates":[[[-73.29630081278572,10.476349464815252],[-73.29632557422086,10.47645523248197],[-73.29626267685968,10.476469710314428],[-73.29624808031286,10.476373642147541],[-73.29626736899748,10.476370341154393],[-73.29626558023423,10.476350172538854],[-73.29630081278572,10.476349464815252]]]}},
{"type":"Feature","properties":{"cons":"0332","motivo":"sin_npn"},"geometry":{"type":"Polygon","coordinates":[[[-73.29638329895845,10.476438446715804],[-73.29632557422086,10.47645523248197],[-73.29630081278572,10.476349464815252],[-73.29634391059834,10.47634671624939],[-73.29635020180419,10.476361286912672],[-73.29637096412559,10.476355719436448],[-73.29638329895845,10.476438446715804]]]}},
{"type":"Feature","properties":{"cons":"0331","motivo":"sin_npn"},"geometry":{"type":"Polygon","coordinates":[[[-73.29636994685926,10.476348896830654],[-73.29644241606091,10.476349546467535],[-73.29644475022685,10.476433016982334],[-73.29641448119827,10.476435599074284],[-73.29641221661655,10.47639803549149],[-73.2963771634638,10.47639729717538],[-73.29636994685926,10.476348896830654]]]}},
{"type":"Feature","properties":{"cons":"0329","motivo":"sin_npn"},"geometry":{"type":"Polygon","coordinates":[[[-73.29658052025796,10.476417130213461],[-73.29650582937151,10.476418609985659],[-73.29649710200584,10.476295868037308],[-73.29653241470139,10.476295116977106],[-73.29653330868135,10.476370991281655],[-73.29657543433089,10.476368324078773],[-73.29658052025796,10.476417130213461]]]}},
{"type":"Feature","properties":{"cons":"0336","motivo":"sin_npn"},"geometry":{"type":"Polygon","coordinates":[[[-73.29546991646511,10.475996812231715],[-73.29547051563499,10.476038883262108],[-73.29544911129898,10.476040339469487],[-73.29544912378078,10.47605450614089],[-73.29527186548022,10.47605366664231],[-73.2952701604078,10.476003969098707],[-73.29546991646511,10.475996812231715]]]}},
{"type":"Feature","properties":{"cons":"0337","motivo":"sin_npn"},"geometry":{"type":"Polygon","coordinates":[[[-73.29536596072029,10.47596270752459],[-73.29528351873923,10.475964443191604],[-73.29528243701792,10.475926875972474],[-73.29536451217407,10.475925127008901],[-73.29536596072029,10.47596270752459]]]}},
{"type":"Feature","properties":{"cons":"0335","motivo":"sin_npn"},"geometry":{"type":"Polygon","coordinates":[[[-73.29550562811862,10.476037340380977],[-73.29552880063373,10.476036519045882],[-73.29552879133333,10.47602670403752],[-73.2955599910409,10.476024759950345],[-73.2955599855962,10.476019014579588],[-73.29560158649053,10.476017779004533],[-73.29560093667256,10.47599204930539],[-73.29570592322781,10.47598821474149],[-73.29570728506492,10.47604338323637],[-73.29550706203632,10.476054780516145],[-73.29550562811862,10.476037340380977]]]}},
{"type":"Feature","properties":{"cons":"0341","motivo":"sin_npn"},"geometry":{"type":"Polygon","coordinates":[[[-73.295498012384,10.475867035713522],[-73.29554809276513,10.475864530486504],[-73.29555274630653,10.475976812023406],[-73.29550166063571,10.47597906750518],[-73.295498012384,10.475867035713522]]]}},
{"type":"Feature","properties":{"cons":"0347","motivo":"sin_npn"},"geometry":{"type":"Polygon","coordinates":[[[-73.29584497309065,10.4759106963755],[-73.29581499973611,10.475912687783728],[-73.2958149908809,10.475903351556404],[-73.29580531599429,10.475903360545322],[-73.2958055645625,10.475939427674735],[-73.2957862445957,10.475940260325986],[-73.29578393569926,10.475832644223782],[-73.29584214953165,10.475830982190098],[-73.29584497309065,10.4759106963755]]]}},
{"type":"Feature","properties":{"cons":"0344","motivo":"sin_npn"},"geometry":{"type":"Polygon","coordinates":[[[-73.29574482334456,10.475989385550323],[-73.29584757452629,10.475984139564165],[-73.29584935684366,10.476034457549197],[-73.2957470512305,10.4760412555368],[-73.29574482334456,10.475989385550323]]]}},
{"type":"Feature","properties":{"cons":"0345","motivo":"sin_npn"},"geometry":{"type":"Polygon","coordinates":[[[-73.29574279378302,10.475942132963368],[-73.29584592916379,10.475937688038659],[-73.29584757452626,10.475984139564165],[-73.29574482334455,10.475989385550323],[-73.29574279378302,10.475942132963368]]]}},
{"type":"Feature","properties":{"cons":"0346","motivo":"sin_npn"},"geometry":{"type":"Polygon","coordinates":[[[-73.2957858290336,10.475920891267279],[-73.29574199548343,10.475923546815578],[-73.29573814724819,10.47583395149918],[-73.29578393569926,10.475832644223782],[-73.2957858290336,10.475920891267279]]]}},
{"type":"Feature","properties":{"cons":"0351","motivo":"sin_npn"},"geometry":{"type":"Polygon","coordinates":[[[-73.29595166245137,10.476027659528844],[-73.29588216013984,10.476032277833834],[-73.29588101902874,10.47602765364623],[-73.29585634873936,10.476028394744112],[-73.29585487797613,10.476007808514694],[-73.2958686646941,10.476007795703119],[-73.29586986406292,10.475997261399833],[-73.29590831925019,10.475994592364145],[-73.29590824827848,10.475983151574608],[-73.29595038346167,10.475981322642069],[-73.29595166245137,10.476027659528844]]]}},
{"type":"Feature","properties":{"cons":"0352","motivo":"sin_npn"},"geometry":{"type":"Polygon","coordinates":[[[-73.29609940628814,10.476009483109115],[-73.29601583105931,10.476016336496755],[-73.29600921334377,10.475953207678387],[-73.29612458656753,10.475943752144941],[-73.2961270932548,10.47596669691782],[-73.29609630267645,10.475969285565885],[-73.29609940628814,10.476009483109115]]]}},
{"type":"Feature","properties":{"cons":"0355","motivo":"sin_npn"},"geometry":{"type":"Polygon","coordinates":[[[-73.29616773886856,10.475916913984806],[-73.29612208240101,10.475920830441142],[-73.29611108750153,10.475820189394788],[-73.29616290069715,10.475814630514996],[-73.29616773886856,10.475916913984806]]]}},
{"type":"Feature","properties":{"cons":"0370","motivo":"sin_npn"},"geometry":{"type":"Polygon","coordinates":[[[-73.29612400968567,10.475938471699388],[-73.29616976310356,10.475934471315872],[-73.29617764672491,10.476002850384113],[-73.29613147063205,10.476006764900962],[-73.29612400968567,10.475938471699388]]]}},
{"type":"Feature","properties":{"cons":"0356","motivo":"sin_npn"},"geometry":{"type":"Polygon","coordinates":[[[-73.2961660647236,10.475881521004538],[-73.29616353692948,10.475828081067199],[-73.29619616150126,10.47582685499195],[-73.29619437592856,10.475807183082145],[-73.29622722386424,10.475806217667767],[-73.29623117212144,10.475907580578815],[-73.29619926664076,10.475908254727022],[-73.29619832676227,10.475878321966968],[-73.2961660647236,10.475881521004538]]]}},
{"type":"Feature","properties":{"cons":"0359","motivo":"sin_npn"},"geometry":{"type":"Polygon","coordinates":[[[-73.2964058115985,10.475852756997085],[-73.29634863033834,10.475858104002116],[-73.29634439436245,10.475791895095876],[-73.2963992207268,10.47578647089801],[-73.2964058115985,10.475852756997085]]]}},
{"type":"Feature","properties":{"cons":"0395","motivo":"sin_npn"},"geometry":{"type":"Polygon","coordinates":[[[-73.29547423938418,10.475510858714566],[-73.29531679489442,10.475504547315834],[-73.295319544928,10.475457364550595],[-73.29545185763902,10.475462781817045],[-73.29545122638183,10.475495328749592],[-73.29547444390286,10.475496504108444],[-73.29547423938418,10.475510858714566]]]}},
{"type":"Feature","properties":{"cons":"0390","motivo":"sin_npn"},"geometry":{"type":"Polygon","coordinates":[[[-73.2954957746785,10.475761562227463],[-73.29543939093855,10.475763507563952],[-73.29543703098551,10.4756608232383],[-73.29546624142024,10.475659532221833],[-73.29546714714905,10.475672500773554],[-73.29549302980139,10.47567154849898],[-73.2954957746785,10.475761562227463]]]}},
{"type":"Feature","properties":{"cons":"0386","motivo":"sin_npn"},"geometry":{"type":"Polygon","coordinates":[[[-73.29569941507353,10.475649179905577],[-73.29570031642399,10.475696427576851],[-73.2955884513064,10.475699477245913],[-73.29558694105732,10.47565294054703],[-73.29569941507353,10.475649179905577]]]}},
{"type":"Feature","properties":{"cons":"0388","motivo":"sin_npn"},"geometry":{"type":"Polygon","coordinates":[[[-73.29564799357327,10.4757700632915],[-73.29559084804352,10.475773330077647],[-73.29558845130637,10.475699477245913],[-73.29564438386556,10.475697952416285],[-73.29564799357327,10.4757700632915]]]}},
{"type":"Feature","properties":{"cons":"0387","motivo":"sin_npn"},"geometry":{"type":"Polygon","coordinates":[[[-73.29570031642399,10.475696427576851],[-73.29570346703007,10.475798511784802],[-73.29564951872949,10.475800531216573],[-73.29564527603576,10.475715775240824],[-73.2956715362352,10.475715043464618],[-73.2956723501449,10.475697189997822],[-73.29570031642399,10.475696427576851]]]}},
{"type":"Feature","properties":{"cons":"0380","motivo":"sin_npn"},"geometry":{"type":"Polygon","coordinates":[[[-73.29613574388527,10.4756437489549],[-73.29618102000671,10.475637766411898],[-73.29619287984154,10.475765169130337],[-73.29615086491157,10.475768274209116],[-73.29613574388527,10.4756437489549]]]}},
{"type":"Feature","properties":{"cons":"0377","motivo":"sin_npn"},"geometry":{"type":"Polygon","coordinates":[[[-73.2962955979398,10.475632998682057],[-73.29634151082942,10.475632955952204],[-73.29634016877601,10.47574786471236],[-73.29629777056216,10.475748961607621],[-73.2962955979398,10.475632998682057]]]}},
{"type":"Feature","properties":{"cons":"0376","motivo":"sin_npn"},"geometry":{"type":"Polygon","coordinates":[[[-73.2963732084445,10.475591589237602],[-73.29637270173247,10.475621795254794],[-73.2964103206101,10.475620565714467],[-73.29641538479923,10.475721320724617],[-73.29634783034737,10.47572703955999],[-73.29634524315011,10.475594151389041],[-73.2963732084445,10.475591589237602]]]}},
{"type":"Feature","properties":{"cons":"0397","motivo":"sin_npn"},"geometry":{"type":"Polygon","coordinates":[[[-73.29551038914424,10.475585756768757],[-73.29549751068309,10.475586019797532],[-73.29549806528476,10.475559549707329],[-73.29547354533018,10.475559572463084],[-73.29547659395864,10.475403888777365],[-73.29551384560426,10.47540491171201],[-73.29551038914424,10.475585756768757]]]}},
{"type":"Feature","properties":{"cons":"0398","motivo":"sin_npn"},"geometry":{"type":"Polygon","coordinates":[[[-73.29555206561905,10.47540596123365],[-73.29554988711023,10.475562858762142],[-73.29551082174456,10.475563122738897],[-73.29551384560423,10.47540491171201],[-73.29555206561905,10.47540596123365]]]}},
{"type":"Feature","properties":{"cons":"0411","motivo":"sin_npn"},"geometry":{"type":"Polygon","coordinates":[[[-73.29618549123299,10.475522919309974],[-73.29618414236286,10.475464641853753],[-73.29623705931931,10.475464218905467],[-73.29624001703287,10.475522388082249],[-73.29625245461985,10.475522328579455],[-73.29625740624694,10.475604770735048],[-73.29622935204296,10.475606857069522],[-73.29622588185289,10.475537482844645],[-73.2962334984295,10.475534962156472],[-73.29623167108944,10.475520959503418],[-73.29618549123299,10.475522919309974]]]}},
{"type":"Feature","properties":{"cons":"0412","motivo":"sin_npn"},"geometry":{"type":"Polygon","coordinates":[[[-73.29624815233805,10.475450697658998],[-73.29627514048627,10.47544982003321],[-73.29627513025329,10.475439047463356],[-73.29630414566266,10.4754379647756],[-73.29630901366666,10.475518686958868],[-73.29629697444472,10.475518744223272],[-73.29629880861027,10.47553992858906],[-73.29625383517528,10.475545314154038],[-73.29624815233805,10.475450697658998]]]}},
{"type":"Feature","properties":{"cons":"0413","motivo":"sin_npn"},"geometry":{"type":"Polygon","coordinates":[[[-73.29630483493028,10.47544939434825],[-73.29635805953204,10.475447260162746],[-73.29636557165107,10.475535093861115],[-73.29631020813082,10.475538493786555],[-73.29630483493028,10.47544939434825]]]}},
{"type":"Feature","properties":{"cons":"0414","motivo":"sin_npn"},"geometry":{"type":"Polygon","coordinates":[[[-73.29642849020446,10.475519575222286],[-73.2963646833196,10.47552470725546],[-73.29635805953204,10.475447260162746],[-73.29642126910994,10.475440209768447],[-73.29642471875347,10.475478124043937],[-73.29639903183724,10.475480011582004],[-73.29639932890831,10.475487193024957],[-73.29642538076055,10.475485400017703],[-73.29642849020446,10.475519575222286]]]}},
{"type":"Feature","properties":{"cons":"0379","motivo":"sin_npn"},"geometry":{"type":"Polygon","coordinates":[[[-73.2961817225652,10.475645313557395],[-73.29621759328643,10.475645280186866],[-73.2962255307859,10.475762756085357],[-73.29619287984154,10.475765169130337],[-73.2961817225652,10.475645313557395]]]}},
{"type":"Feature","properties":{"cons":"0419","motivo":"sin_npn"},"geometry":{"type":"Polygon","coordinates":[[[-73.29547008419357,10.475236015100846],[-73.29546060700946,10.475281845876488],[-73.29533782709424,10.475260595876472],[-73.29534749615546,10.475215240856683],[-73.29547008419357,10.475236015100846]]]}},
{"type":"Feature","properties":{"cons":"0424","motivo":"sin_npn"},"geometry":{"type":"Polygon","coordinates":[[[-73.29539276529559,10.47506359364366],[-73.29539741552476,10.475025973363172],[-73.29552034341076,10.475041912341897],[-73.2955152272161,10.475081112365507],[-73.29539276529559,10.47506359364366]]]}},
{"type":"Feature","properties":{"cons":"0458","motivo":"sin_npn"},"geometry":{"type":"Polygon","coordinates":[[[-73.29551032993375,10.475280609920844],[-73.29555196542829,10.475282724109684],[-73.29554800587412,10.475352221584956],[-73.29550561141251,10.475349526797501],[-73.29551032993375,10.475280609920844]]]}},
{"type":"Feature","properties":{"cons":"0451","motivo":"sin_npn"},"geometry":{"type":"Polygon","coordinates":[[[-73.29592437633504,10.475256666711728],[-73.29599289144049,10.475259366843236],[-73.2959889864375,10.475346809280515],[-73.29591715081463,10.475340900318935],[-73.29592437633504,10.475256666711728]]]}},
{"type":"Feature","properties":{"cons":"0450","motivo":"sin_npn"},"geometry":{"type":"Polygon","coordinates":[[[-73.29603743853504,10.47519965923844],[-73.29603128758536,10.475324791578519],[-73.29601780120406,10.475323935721713],[-73.29601779316121,10.475315461299836],[-73.29600135794477,10.475315440670638],[-73.29600137071996,10.475328902116376],[-73.29598983779876,10.475327745250349],[-73.29599559849562,10.475198749329149],[-73.29603743853504,10.47519965923844]]]}},
{"type":"Feature","properties":{"cons":"0449","motivo":"sin_npn"},"geometry":{"type":"Polygon","coordinates":[[[-73.29603709429915,10.475206662230907],[-73.29609020186507,10.475208939065388],[-73.29608396601421,10.475357017230115],[-73.29602988701164,10.47535328425257],[-73.29603709429915,10.475206662230907]]]}},
{"type":"Feature","properties":{"cons":"0443","motivo":"sin_npn"},"geometry":{"type":"Polygon","coordinates":[[[-73.29644682316602,10.475223440210199],[-73.2964820657171,10.475222608576],[-73.29648287564106,10.475311302058184],[-73.29651879290451,10.475310550439447],[-73.29652065200409,10.475357948056727],[-73.29644520749933,10.475363063493425],[-73.29644682316602,10.475223440210199]]]}},
{"type":"Feature","properties":{"cons":"0426","motivo":"sin_npn"},"geometry":{"type":"Polygon","coordinates":[[[-73.29571269826224,10.47518002418686],[-73.29567074829319,10.475184139309825],[-73.29566717711243,10.475127793084006],[-73.29563984562522,10.475127818462406],[-73.29563495101497,10.4750674965579],[-73.29566083013313,10.47506627557529],[-73.29565961623719,10.475061488889061],[-73.29570168544832,10.475056561378913],[-73.29571269826224,10.47518002418686]]]}},
{"type":"Feature","properties":{"cons":"0427","motivo":"sin_npn"},"geometry":{"type":"Polygon","coordinates":[[[-73.29575258424875,10.475175935757543],[-73.2957389684661,10.475176452387233],[-73.29573785916162,10.475154429476099],[-73.29571160993005,10.475155241150315],[-73.29570501207797,10.475083739762097],[-73.29574816798653,10.47508254558955],[-73.29575258424875,10.475175935757543]]]}},
{"type":"Feature","properties":{"cons":"0429","motivo":"sin_npn"},"geometry":{"type":"Polygon","coordinates":[[[-73.29586897058401,10.475065695521318],[-73.29586702937787,10.47513990639695],[-73.2958112534636,10.47513989013265],[-73.29581021105575,10.475060892180773],[-73.29586897058401,10.475065695521318]]]}},
{"type":"Feature","properties":{"cons":"0433","motivo":"sin_npn"},"geometry":{"type":"Polygon","coordinates":[[[-73.29606211143809,10.47517687120086],[-73.2960656772522,10.475078206506954],[-73.29613662645298,10.475083233036003],[-73.2961322890145,10.475178111319606],[-73.29606211143809,10.47517687120086]]]}},
{"type":"Feature","properties":{"cons":"0434","motivo":"sin_npn"},"geometry":{"type":"Polygon","coordinates":[[[-73.29613285061289,10.475165826768338],[-73.29613662645298,10.475083233036003],[-73.29622114270363,10.475089220727217],[-73.2962199782208,10.47509929251909],[-73.29625565768255,10.47510285018379],[-73.29625329581114,10.475162700045829],[-73.29615835155444,10.475152614267387],[-73.29615745789008,10.475166679299855],[-73.29613285061289,10.475165826768338]]]}},
{"type":"Feature","properties":{"cons":"0435","motivo":"sin_npn"},"geometry":{"type":"Polygon","coordinates":[[[-73.29635216084026,10.475122530040553],[-73.29632491046661,10.47512074004068],[-73.29632073798292,10.475184182447688],[-73.2962935274282,10.475184207769786],[-73.29629293582515,10.475197973283075],[-73.29626814313258,10.475197098638093],[-73.29626643072426,10.475213058798943],[-73.29625534147365,10.475212409911254],[-73.2962612013851,10.475092058741714],[-73.29635356809325,10.475098602573603],[-73.29635216084026,10.475122530040553]]]}},
{"type":"Feature","properties":{"cons":"0463","motivo":"sin_npn"},"geometry":{"type":"Polygon","coordinates":[[[-73.29563588992995,10.474685168034028],[-73.29562160181688,10.474750359837277],[-73.29555878978229,10.474733689586174],[-73.29556336310628,10.474710225054649],[-73.2955430404779,10.474704498541623],[-73.29555631027888,10.474669535185793],[-73.29563588992995,10.474685168034028]]]}},
{"type":"Feature","properties":{"cons":"0461","motivo":"sin_npn"},"geometry":{"type":"Polygon","coordinates":[[[-73.29560611273705,10.474789531645627],[-73.2955994582533,10.474822508007271],[-73.29548438217559,10.474800967660162],[-73.29549623288841,10.474766669423213],[-73.29560611273705,10.474789531645627]]]}},
{"type":"Feature","properties":{"cons":"0462","motivo":"sin_npn"},"geometry":{"type":"Polygon","coordinates":[[[-73.29561962029751,10.47475940083452],[-73.29561605181897,10.474775682583983],[-73.29560919734944,10.474773609066897],[-73.29560775347235,10.474781366665253],[-73.29561435915204,10.474783405644796],[-73.29561271541922,10.474790905435698],[-73.29549623288841,10.474766669423213],[-73.29550572766031,10.47473918972594],[-73.29561962029751,10.47475940083452]]]}},
{"type":"Feature","properties":{"cons":"0466","motivo":"sin_npn"},"geometry":{"type":"Polygon","coordinates":[[[-73.29578319811863,10.474723558554727],[-73.29577760180875,10.474806006349528],[-73.29576944429101,10.474806571977773],[-73.29577025190267,10.474829829247799],[-73.2957494699107,10.474830690583165],[-73.29575100018447,10.474805092917816],[-73.2957386034284,10.474804206716891],[-73.29574317893143,10.474719278625681],[-73.29578319811863,10.474723558554727]]]}},
{"type":"Feature","properties":{"cons":"0468","motivo":"sin_npn"},"geometry":{"type":"Polygon","coordinates":[[[-73.29584695654214,10.474809764878135],[-73.29585001393899,10.474718406242342],[-73.29589849787237,10.474720956248078],[-73.2958964147183,10.474810735859759],[-73.29584695654214,10.474809764878135]]]}},
{"type":"Feature","properties":{"cons":"0471","motivo":"sin_npn"},"geometry":{"type":"Polygon","coordinates":[[[-73.29604459147676,10.474835262970881],[-73.29604794576984,10.474754034230221],[-73.29610467314374,10.474753978049046],[-73.29610212506215,10.474838223595361],[-73.29604459147676,10.474835262970881]]]}},
{"type":"Feature","properties":{"cons":"0472","motivo":"sin_npn"},"geometry":{"type":"Polygon","coordinates":[[[-73.29610282431365,10.474815104705435],[-73.29610532571125,10.474732402635208],[-73.2961610454148,10.474734479509923],[-73.2961594624186,10.474808642772564],[-73.29613507056384,10.474807816114],[-73.29613508022317,10.474817990208283],[-73.29610282431365,10.474815104705435]]]}},
{"type":"Feature","properties":{"cons":"0474","motivo":"sin_npn"},"geometry":{"type":"Polygon","coordinates":[[[-73.29629378011434,10.47485057268732],[-73.2962300469609,10.474848379222971],[-73.29623426393353,10.474738998773182],[-73.29629017196821,10.474741780129794],[-73.29629378011434,10.47485057268732]]]}},
{"type":"Feature","properties":{"cons":"0475","motivo":"sin_npn"},"geometry":{"type":"Polygon","coordinates":[[[-73.29634939765712,10.474731523179832],[-73.2963516423799,10.474852564085861],[-73.29629378011434,10.47485057268732],[-73.29628976493588,10.474729507314244],[-73.29634939765712,10.474731523179832]]]}},
{"type":"Feature","properties":{"cons":"0476","motivo":"sin_npn"},"geometry":{"type":"Polygon","coordinates":[[[-73.29635954227894,10.474852961007116],[-73.29635939852437,10.474799527969331],[-73.29635065896717,10.47479953610338],[-73.29634974837182,10.474750434580368],[-73.29642484528785,10.474752971050291],[-73.29642830412722,10.474856747240608],[-73.29635954227894,10.474852961007116]]]}},
{"type":"Feature","properties":{"cons":"0492","motivo":"sin_npn"},"geometry":{"type":"Polygon","coordinates":[[[-73.29564235461169,10.474886715189168],[-73.29569506020151,10.474891454194431],[-73.29568410744702,10.474982681394238],[-73.29563029729039,10.474977645984866],[-73.29564235461169,10.474886715189168]]]}},
{"type":"Feature","properties":{"cons":"0490","motivo":"sin_npn"},"geometry":{"type":"Polygon","coordinates":[[[-73.29574715875931,10.474949382691682],[-73.29574762588682,10.474886097875872],[-73.29577090600695,10.474886076252075],[-73.2957745099586,10.474860637645513],[-73.29579289162798,10.474859781767732],[-73.29579150338547,10.474931536241247],[-73.29577457664075,10.474930958593285],[-73.29577248410114,10.474956096557472],[-73.29574715875931,10.474949382691682]]]}},
{"type":"Feature","properties":{"cons":"0487","motivo":"sin_npn"},"geometry":{"type":"Polygon","coordinates":[[[-73.29597188499923,10.474862273140776],[-73.29596531572865,10.474984383301143],[-73.29591717852773,10.474982394837483],[-73.29592641846509,10.4748426419477],[-73.29594970000122,10.474844116501284],[-73.2959488077475,10.474859677724027],[-73.29597188499923,10.474862273140776]]]}},
{"type":"Feature","properties":{"cons":"0484","motivo":"sin_npn"},"geometry":{"type":"Polygon","coordinates":[[[-73.29614308252772,10.474992507707945],[-73.29615120633984,10.474916616214731],[-73.29618198898176,10.474920082605001],[-73.2961879732536,10.474854244606133],[-73.29620732341577,10.474854705387445],[-73.29620540231234,10.474869310004983],[-73.29621604547306,10.474870564914642],[-73.29621454716543,10.474891765535498],[-73.29620300496795,10.474891814957406],[-73.29620182266346,10.474920303546094],[-73.29621243564067,10.47492164299874],[-73.29620621903145,10.47500960618827],[-73.29617505654358,10.47500626969174],[-73.29617649845247,10.474996453333386],[-73.29614308252772,10.474992507707945]]]}},
{"type":"Feature","properties":{"cons":"0483","motivo":"sin_npn"},"geometry":{"type":"Polygon","coordinates":[[[-73.29621237450193,10.47492250809377],[-73.29622385118815,10.474922497417044],[-73.29622953254359,10.474856061222766],[-73.29625523251077,10.47485723426564],[-73.29625434766187,10.474880575678476],[-73.2962416499837,10.474881185968876],[-73.29624258485322,10.474910510455194],[-73.2962598173368,10.474909596707102],[-73.29626104772612,10.474931739198466],[-73.29628358917469,10.474934638800628],[-73.29627719710675,10.475018835656584],[-73.296205835336,10.475015035364327],[-73.29621237450193,10.47492250809377]]]}},
{"type":"Feature","properties":{"cons":"0499","motivo":"sin_npn"},"geometry":{"type":"Polygon","coordinates":[[[-73.29569268191452,10.474273938374372],[-73.29570058139197,10.474248102511583],[-73.29574360289111,10.474261160890027],[-73.29572570132987,10.474323568006282],[-73.29569274458214,10.47431240220663],[-73.29570214373543,10.474276724266922],[-73.29569268191452,10.474273938374372]]]}},
{"type":"Feature","properties":{"cons":"0494","motivo":"sin_npn"},"geometry":{"type":"Polygon","coordinates":[[[-73.29557291783088,10.474606661699376],[-73.29558720883388,10.474536830336556],[-73.29566211691429,10.47455802527731],[-73.29565291728127,10.47458971344321],[-73.29563144554444,10.474583748611867],[-73.29562963973545,10.47459242820055],[-73.2956393171341,10.474595112360817],[-73.29563570806883,10.47461516468095],[-73.29557291783088,10.474606661699376]]]}},
{"type":"Feature","properties":{"cons":"0500","motivo":"sin_npn"},"geometry":{"type":"Polygon","coordinates":[[[-73.29571709717052,10.474353563189952],[-73.29574360289114,10.474261160890027],[-73.29577473534849,10.474270610565876],[-73.29574934671287,10.474364329695145],[-73.29571709717052,10.474353563189952]]]}},
{"type":"Feature","properties":{"cons":"0521","motivo":"sin_npn"},"geometry":{"type":"Polygon","coordinates":[[[-73.2958465213392,10.474491693806769],[-73.29590682701085,10.474496866761877],[-73.29588885992557,10.474635337876247],[-73.29582580682398,10.474630433532901],[-73.2958465213392,10.474491693806769]]]}},
{"type":"Feature","properties":{"cons":"0519","motivo":"sin_npn"},"geometry":{"type":"Polygon","coordinates":[[[-73.29594299476157,10.47463362861794],[-73.29595235370552,10.474524710243447],[-73.2959816478943,10.474529410762106],[-73.29598434821618,10.4745075638532],[-73.29601096287962,10.474510516557464],[-73.29599773877082,10.474619092403287],[-73.29599110558505,10.474619173472744],[-73.29598900710135,10.474638027438736],[-73.29594299476157,10.47463362861794]]]}},
{"type":"Feature","properties":{"cons":"0517","motivo":"sin_npn"},"geometry":{"type":"Polygon","coordinates":[[[-73.29606300818546,10.474516474084057],[-73.2961200513961,10.474521309425858],[-73.2961100546325,10.474628137353701],[-73.29605257311758,10.47462261283429],[-73.29606300818546,10.474516474084057]]]}},
{"type":"Feature","properties":{"cons":"0516","motivo":"sin_npn"},"geometry":{"type":"Polygon","coordinates":[[[-73.2961593955279,10.474488293009639],[-73.29614377183962,10.474640616019789],[-73.29610911250113,10.474638205203068],[-73.29612335701195,10.474485984770455],[-73.2961593955279,10.474488293009639]]]}},
{"type":"Feature","properties":{"cons":"0515","motivo":"sin_npn"},"geometry":{"type":"Polygon","coordinates":[[[-73.29614884313642,10.474591173470612],[-73.29621372263212,10.47459489946707],[-73.29620961947997,10.474643918167184],[-73.2961437718396,10.474640616019789],[-73.29614884313642,10.474591173470612]]]}},
{"type":"Feature","properties":{"cons":"0514","motivo":"sin_npn"},"geometry":{"type":"Polygon","coordinates":[[[-73.29625909972745,10.474494678965321],[-73.29625354954159,10.474569734625858],[-73.29628566835314,10.474572525877761],[-73.29628611440015,10.474648699669546],[-73.29625211259268,10.474648435644184],[-73.2962529613476,10.474587090996403],[-73.29621465570035,10.474583752476507],[-73.2962223089167,10.47449232255386],[-73.29625909972745,10.474494678965321]]]}},
{"type":"Feature","properties":{"cons":"0501","motivo":"sin_npn"},"geometry":{"type":"Polygon","coordinates":[[[-73.29573974548356,10.474399771476993],[-73.2957586638933,10.47432993643807],[-73.2957899865448,10.474338279577074],[-73.29577251152126,10.474409305417215],[-73.29573974548356,10.474399771476993]]]}},
{"type":"Feature","properties":{"cons":"0505","motivo":"sin_npn"},"geometry":{"type":"Polygon","coordinates":[[[-73.29598882712706,10.4743410694609],[-73.29599948857418,10.474341059550618],[-73.29600085826985,10.474335860734312],[-73.29603647308987,10.47434440877785],[-73.29601823025833,10.474456792383634],[-73.29596773338585,10.474445476743416],[-73.29598882712706,10.4743410694609]]]}},
{"type":"Feature","properties":{"cons":"0506","motivo":"sin_npn"},"geometry":{"type":"Polygon","coordinates":[[[-73.29607887876483,10.474421165697887],[-73.29606144055803,10.47441826529623],[-73.29605993766869,10.474427543082147],[-73.29607760510144,10.474429685012485],[-73.2960697018939,10.474482548193862],[-73.29601533064834,10.47447465520843],[-73.29602347435238,10.47442448654038],[-73.29603635325665,10.474425470340655],[-73.29605314085269,10.47434718798306],[-73.29608904365875,10.474353174462017],[-73.29607887876483,10.474421165697887]]]}},
{"type":"Feature","properties":{"cons":"0508","motivo":"sin_npn"},"geometry":{"type":"Polygon","coordinates":[[[-73.29613779236732,10.474441536689318],[-73.29614298254464,10.474383386057436],[-73.29619413051907,10.474387875227848],[-73.29618899024172,10.474445824231157],[-73.29613779236732,10.474441536689318]]]}},
{"type":"Feature","properties":{"cons":"0510","motivo":"sin_npn"},"geometry":{"type":"Polygon","coordinates":[[[-73.29624065254227,10.474474056192868],[-73.29624570232404,10.474440048212355],[-73.29627248850478,10.474442869875194],[-73.29627607996238,10.474404324636032],[-73.29629858998747,10.474406390925608],[-73.29629452625986,10.4744783060691],[-73.29624065254227,10.474474056192868]]]}},
{"type":"Feature","properties":{"cons":"0533","motivo":"sin_npn"},"geometry":{"type":"Polygon","coordinates":[[[-73.29570734587395,10.474116233926678],[-73.29576875060724,10.4741359984377],[-73.29574845036834,10.474201186246098],[-73.29567841329926,10.47418131542057],[-73.29570734587395,10.474116233926678]]]}},
{"type":"Feature","properties":{"cons":"0536","motivo":"sin_npn"},"geometry":{"type":"Polygon","coordinates":[[[-73.29581319936388,10.473878124789355],[-73.29585495178038,10.473892833081681],[-73.29585905474988,10.47387968091846],[-73.2958871392931,10.473889106429127],[-73.29585415078955,10.47397966418243],[-73.29582694751042,10.47396891414708],[-73.29583420085423,10.473945518310677],[-73.29579181114096,10.473926235953456],[-73.29581319936388,10.473878124789355]]]}},
{"type":"Feature","properties":{"cons":"0531","motivo":"sin_npn"},"geometry":{"type":"Polygon","coordinates":[[[-73.2958717705843,10.47414043940648],[-73.29591431418483,10.474154655370599],[-73.29591215063246,10.47416866173586],[-73.2959380472476,10.474177726056217],[-73.29592316978163,10.474250757330354],[-73.29584092101963,10.474233902032328],[-73.2958717705843,10.47414043940648]]]}},
{"type":"Feature","properties":{"cons":"0528","motivo":"sin_npn"},"geometry":{"type":"Polygon","coordinates":[[[-73.29606111681858,10.474270511649015],[-73.29607728027824,10.474177494929549],[-73.29611642553523,10.474184271627994],[-73.29610434308914,10.47427942619635],[-73.29606111681858,10.474270511649015]]]}},
{"type":"Feature","properties":{"cons":"0542","motivo":"sin_npn"},"geometry":{"type":"Polygon","coordinates":[[[-73.29623350012382,10.474047456484392],[-73.29619946512071,10.474182506912152],[-73.2961503340846,10.474171125223572],[-73.29618776551241,10.474036845280741],[-73.29623350012382,10.474047456484392]]]}},
{"type":"Feature","properties":{"cons":"0545","motivo":"sin_npn"},"geometry":{"type":"Polygon","coordinates":[[[-73.29657818963227,10.474215182338893],[-73.29647479041645,10.47421587710144],[-73.29646976017698,10.474012998192839],[-73.29657921064467,10.474017085611285],[-73.29657818963227,10.474215182338893]]]}},
{"type":"Feature","properties":{"cons":"0547","motivo":"sin_npn"},"geometry":{"type":"Polygon","coordinates":[[[-73.2959636345023,10.473865144750745],[-73.29596634042144,10.473844438252373],[-73.29597483613004,10.473846172160064],[-73.29597988974545,10.473819116315784],[-73.29599391960001,10.473820539619457],[-73.29599632853805,10.473810243580992],[-73.29602027880968,10.473812810643068],[-73.29601184466057,10.473874589353978],[-73.2959636345023,10.473865144750745]]]}},
{"type":"Feature","properties":{"cons":"0549","motivo":"sin_npn"},"geometry":{"type":"Polygon","coordinates":[[[-73.29608440586647,10.473818095355151],[-73.29613840825849,10.473826008204508],[-73.29613089082666,10.473890795423284],[-73.29607939978473,10.473884284702109],[-73.29608440586647,10.473818095355151]]]}},
{"type":"Feature","properties":{"cons":"0564","motivo":"sin_npn"},"geometry":{"type":"Polygon","coordinates":[[[-73.29589693924243,10.473680435774588],[-73.29590701757297,10.473682551804947],[-73.29591718292482,10.473653584408657],[-73.2960158728104,10.473678198831973],[-73.29600939002842,10.473706850723403],[-73.2959780834821,10.473699841586207],[-73.2959705454719,10.473721393753893],[-73.29593727976582,10.473712447519194],[-73.29593497248445,10.47372616126006],[-73.29588290204528,10.473719001315283],[-73.29589693924243,10.473680435774588]]]}},
{"type":"Feature","properties":{"cons":"0566","motivo":"sin_npn"},"geometry":{"type":"Polygon","coordinates":[[[-73.29598768112322,10.473611952470232],[-73.29599339852152,10.473590006874444],[-73.29598946812804,10.473590010527634],[-73.2959828325923,10.473606774043107],[-73.29596256970208,10.473600209631858],[-73.29596980452052,10.47357776003096],[-73.29596345400411,10.473576269741269],[-73.29595591228266,10.473602709302263],[-73.2959296739574,10.473595075239013],[-73.29594252687308,10.473567529778292],[-73.2959534717418,10.473570892728006],[-73.29595648944343,10.47356490515628],[-73.29596979600339,10.473568782888089],[-73.29597492495978,10.473557407063526],[-73.29599972320044,10.47356426649694],[-73.29599399638316,10.473582824598163],[-73.29603381713612,10.473595486652657],[-73.29602819469079,10.47362373991764],[-73.29598768112322,10.473611952470232]]]}},
{"type":"Feature","properties":{"cons":"0567","motivo":"sin_npn"},"geometry":{"type":"Polygon","coordinates":[[[-73.29601403946485,10.473465332804498],[-73.29599076143528,10.473557102753707],[-73.29595227634175,10.47354663540244],[-73.29597680413805,10.473455735343318],[-73.29601403946485,10.473465332804498]]]}},
{"type":"Feature","properties":{"cons":"0568","motivo":"sin_npn"},"geometry":{"type":"Polygon","coordinates":[[[-73.29606309640754,10.473465394236138],[-73.2960445142367,10.4735454442734],[-73.29599626746712,10.47353539609891],[-73.2960165709675,10.473455352752648],[-73.29606309640754,10.473465394236138]]]}},
{"type":"Feature","properties":{"cons":"0569","motivo":"sin_npn"},"geometry":{"type":"Polygon","coordinates":[[[-73.29605091734,10.473517860382472],[-73.29606309640754,10.473465394236138],[-73.29611118067776,10.473475772150666],[-73.29608898275397,10.473571657286088],[-73.29607537137778,10.473567595521041],[-73.29608079471595,10.473547840747196],[-73.29605067572537,10.473541405200347],[-73.29605754824188,10.47351949456346],[-73.29605091734,10.473517860382472]]]}},
{"type":"Feature","properties":{"cons":"0571","motivo":"sin_npn"},"geometry":{"type":"Polygon","coordinates":[[[-73.29614423443326,10.473542606650607],[-73.29615046567453,10.473480207479918],[-73.29619773203252,10.473485381659746],[-73.29618983679914,10.473548617625083],[-73.29614423443326,10.473542606650607]]]}},
{"type":"Feature","properties":{"cons":"0572","motivo":"sin_npn"},"geometry":{"type":"Polygon","coordinates":[[[-73.29618983679913,10.473548617625083],[-73.29619773203251,10.473485381659746],[-73.29623508058052,10.473489305338102],[-73.29623073033137,10.473552604548054],[-73.29618983679913,10.473548617625083]]]}},
{"type":"Feature","properties":{"cons":"0574","motivo":"sin_npn"},"geometry":{"type":"Polygon","coordinates":[[[-73.29627367802931,10.47349244364704],[-73.29632149992841,10.473493244739773],[-73.29632424567295,10.473588045867444],[-73.29626800678722,10.473587587764085],[-73.29627367802931,10.47349244364704]]]}},
{"type":"Feature","properties":{"cons":"0557","motivo":"sin_npn"},"geometry":{"type":"Polygon","coordinates":[[[-73.29638187443918,10.47374731562196],[-73.29638910661386,10.473663078236742],[-73.29643376317607,10.473662427704244],[-73.29642406632492,10.473750945777017],[-73.29638187443918,10.47374731562196]]]}},
{"type":"Feature","properties":{"cons":"0585","motivo":"sin_npn"},"geometry":{"type":"Polygon","coordinates":[[[-73.29613918807839,10.473355778981382],[-73.29613324041229,10.47339130491406],[-73.29605428573812,10.473374533208233],[-73.2960625444249,10.473340643011356],[-73.29613918807839,10.473355778981382]]]}},
{"type":"Feature","properties":{"cons":"0587","motivo":"sin_npn"},"geometry":{"type":"Polygon","coordinates":[[[-73.2960840138898,10.47326145259877],[-73.29609619384188,10.473211520563957],[-73.29618494671676,10.473236566970481],[-73.29618175974008,10.473247970125243],[-73.29617080928449,10.473246608548239],[-73.2961661888326,10.473271317964262],[-73.2961497405738,10.47327018418528],[-73.29614645895768,10.473278422276643],[-73.2960840138898,10.47326145259877]]]}},
{"type":"Feature","properties":{"cons":"0581","motivo":"sin_npn"},"geometry":{"type":"Polygon","coordinates":[[[-73.29627776904019,10.473367038375907],[-73.29627433624982,10.473446823562222],[-73.29622631181005,10.473443866681901],[-73.29622758094615,10.473344445408951],[-73.2962607270324,10.473343673224516],[-73.29626024975965,10.473365526465162],[-73.29627776904019,10.473367038375907]]]}},
{"type":"Feature","properties":{"cons":"0588","motivo":"sin_npn"},"geometry":{"type":"Polygon","coordinates":[[[-73.29621053684227,10.473289209064966],[-73.2961929410931,10.473348330343372],[-73.29615417539388,10.473346668197973],[-73.29617332855474,10.473278137304801],[-73.29621053684227,10.473289209064966]]]}},
{"type":"Feature","properties":{"cons":"0590","motivo":"sin_npn"},"geometry":{"type":"Polygon","coordinates":[[[-73.29630556840075,10.473342628576594],[-73.29629258721323,10.473342930993777],[-73.29629302578986,10.47332241522452],[-73.29628310956825,10.473322903231734],[-73.2962818872551,10.473343180265703],[-73.29624614367125,10.473344012964736],[-73.29626141467497,10.473257910405568],[-73.29631120628791,10.473263470796981],[-73.29630556840075,10.473342628576594]]]}},
{"type":"Feature","properties":{"cons":"0591","motivo":"sin_npn"},"geometry":{"type":"Polygon","coordinates":[[[-73.29636051880028,10.473268977677762],[-73.29636269179628,10.47334129779104],[-73.29630556840075,10.473342628576594],[-73.29631120628791,10.473263470796981],[-73.29636051880028,10.473268977677762]]]}},
{"type":"Feature","properties":{"cons":"0592","motivo":"sin_npn"},"geometry":{"type":"Polygon","coordinates":[[[-73.29639526834968,10.473340538860858],[-73.29638168801532,10.473340855239902],[-73.29638129865435,10.473329051982038],[-73.29636231086964,10.473328620066468],[-73.29636051880027,10.473268977677762],[-73.2964002800345,10.473273417932075],[-73.29640550324639,10.473332588067619],[-73.29639460151297,10.473329039601136],[-73.29639526834968,10.473340538860858]]]}},
{"type":"Feature","properties":{"cons":"0594","motivo":"sin_npn"},"geometry":{"type":"Polygon","coordinates":[[[-73.29603613951707,10.473084039112312],[-73.29602870228982,10.473148614233164],[-73.29596093373243,10.47313493521608],[-73.29596754945901,10.473078077894836],[-73.29603613951707,10.473084039112312]]]}},
{"type":"Feature","properties":{"cons":"0598","motivo":"sin_npn"},"geometry":{"type":"Polygon","coordinates":[[[-73.29632953857099,10.473114500836443],[-73.29632673661732,10.47314856726925],[-73.29633496088015,10.473149277788634],[-73.29633377472418,10.473173696742329],[-73.29636481632153,10.4731785940181],[-73.29635829323517,10.473227209882307],[-73.29628299499937,10.473209007080408],[-73.29629865117448,10.473110526753139],[-73.29632953857099,10.473114500836443]]]}},
{"type":"Feature","properties":{"cons":"0601","motivo":"sin_npn"},"geometry":{"type":"Polygon","coordinates":[[[-73.29505866210957,10.477286923035033],[-73.29505780759744,10.477273585311968],[-73.29508772563825,10.477272244757362],[-73.29508765350535,10.47728382329749],[-73.29512248223413,10.477282713753347],[-73.29512552736227,10.477379186613796],[-73.29507903713052,10.477380066325196],[-73.29507604664724,10.477287065830009],[-73.29505866210957,10.477286923035033]]]}},
{"type":"Feature","properties":{"cons":"0603","motivo":"sin_npn"},"geometry":{"type":"Polygon","coordinates":[[[-73.2950593099929,10.477162375929566],[-73.29513986833251,10.477161764519257],[-73.2951407085166,10.477207134737734],[-73.29506124418027,10.477208168018084],[-73.2950593099929,10.477162375929566]]]}},
{"type":"Feature","properties":{"cons":"0606","motivo":"sin_npn"},"geometry":{"type":"Polygon","coordinates":[[[-73.29513547205276,10.476984511388654],[-73.29513459743936,10.477022382355848],[-73.2950513333281,10.47702420886826],[-73.29504891712762,10.476988108229207],[-73.29513547205276,10.476984511388654]]]}},
{"type":"Feature","properties":{"cons":"0609","motivo":"sin_npn"},"geometry":{"type":"Polygon","coordinates":[[[-73.2951413705046,10.476811735600645],[-73.29514092569114,10.476836113393828],[-73.2951239934551,10.476834932137582],[-73.29512038778944,10.476858635154963],[-73.29505151417601,10.476859652771084],[-73.29505211004205,10.476830179983821],[-73.29506811696373,10.47683091429024],[-73.29506756379737,10.476810654983638],[-73.2951413705046,10.476811735600645]]]}},
{"type":"Feature","properties":{"cons":"0612","motivo":"sin_npn"},"geometry":{"type":"Polygon","coordinates":[[[-73.29510741772823,10.476649940152951],[-73.29510690936826,10.47658428142168],[-73.29516055638615,10.47658395075391],[-73.29516109486774,10.476649937971395],[-73.29510741772823,10.476649940152951]]]}},
{"type":"Feature","properties":{"cons":"0613","motivo":"sin_npn"},"geometry":{"type":"Polygon","coordinates":[[[-73.2950467629317,10.47654080366754],[-73.29515672267067,10.476529544291106],[-73.29516055638615,10.47658395075391],[-73.29510523008899,10.476584291772205],[-73.29504991268134,10.476590069422581],[-73.2950467629317,10.47654080366754]]]}},
{"type":"Feature","properties":{"cons":"0614","motivo":"sin_npn"},"geometry":{"type":"Polygon","coordinates":[[[-73.29504213678268,10.476468445271077],[-73.29514415951708,10.476459916915116],[-73.29515672267067,10.476529544291106],[-73.2950467629317,10.47654080366754],[-73.29504213678268,10.476468445271077]]]}},
{"type":"Feature","properties":{"cons":"0615","motivo":"sin_npn"},"geometry":{"type":"Polygon","coordinates":[[[-73.29508449120877,10.476380371105687],[-73.29512311541245,10.47637796861522],[-73.2951251622806,10.476408707955878],[-73.29510309254091,10.476409925366804],[-73.29510430983206,10.476418302911654],[-73.2951070345796,10.47642219048427],[-73.29512184927535,10.476422176751681],[-73.29512185777045,10.476431153893603],[-73.29513874252022,10.476430489227784],[-73.29514415951708,10.476459916915116],[-73.29506655334741,10.476466404227502],[-73.29506471735263,10.476433301524883],[-73.29508829766536,10.476430885763088],[-73.29508449120877,10.476380371105687]]]}},
{"type":"Feature","properties":{"cons":"0618","motivo":"sin_npn"},"geometry":{"type":"Polygon","coordinates":[[[-73.29511754443078,10.47619150058174],[-73.29511990518739,10.47623789946647],[-73.29502676622484,10.47624059103004],[-73.29502694849414,10.476194409803812],[-73.29507224646275,10.476192955196018],[-73.29507301602972,10.47621858434687],[-73.29508012707906,10.476218577756203],[-73.29507983482898,10.476192711517863],[-73.29511754443078,10.47619150058174]]]}},
{"type":"Feature","properties":{"cons":"0620","motivo":"sin_npn"},"geometry":{"type":"Polygon","coordinates":[[[-73.29510582024076,10.476141568551194],[-73.29502684731523,10.47614803750364],[-73.29502674657007,10.476106927314541],[-73.29510260327396,10.47610100117229],[-73.29510582024076,10.476141568551194]]]}},
{"type":"Feature","properties":{"cons":"0624","motivo":"sin_npn"},"geometry":{"type":"Polygon","coordinates":[[[-73.29502586172883,10.475778413929289],[-73.29517680684798,10.475796254343704],[-73.29517056239628,10.475850521118527],[-73.29501805112383,10.47583998174746],[-73.29502586172883,10.475778413929289]]]}},
{"type":"Feature","properties":{"cons":"0626","motivo":"sin_npn"},"geometry":{"type":"Polygon","coordinates":[[[-73.29505634050167,10.475705593599068],[-73.2950620264428,10.47566818191419],[-73.29517572978416,10.475685215957919],[-73.29517051411909,10.475727043435553],[-73.29505634050167,10.475705593599068]]]}},
{"type":"Feature","properties":{"cons":"0628","motivo":"sin_npn"},"geometry":{"type":"Polygon","coordinates":[[[-73.29504640610143,10.475621962014287],[-73.29505082105362,10.475588340734198],[-73.29521110016351,10.475609323015018],[-73.29520445701282,10.475645534548693],[-73.29504640610143,10.475621962014287]]]}},
{"type":"Feature","properties":{"cons":"0630","motivo":"sin_npn"},"geometry":{"type":"Polygon","coordinates":[[[-73.29508369417684,10.475411618659356],[-73.29523065807412,10.475433231769998],[-73.29522162006944,10.475491559678654],[-73.29507457821686,10.475471217647224],[-73.29508369417684,10.475411618659356]]]}},
{"type":"Feature","properties":{"cons":"0631","motivo":"sin_npn"},"geometry":{"type":"Polygon","coordinates":[[[-73.29508549619297,10.475399837304412],[-73.29509147805548,10.475360728633184],[-73.29523874205515,10.475381060756762],[-73.295233201796,10.47541681553464],[-73.29515706635809,10.475406675220976],[-73.29515778245876,10.475396620148736],[-73.29514798665139,10.475396629229364],[-73.29514436978783,10.475408482420566],[-73.29508549619297,10.475399837304412]]]}},
{"type":"Feature","properties":{"cons":"0633","motivo":"sin_npn"},"geometry":{"type":"Polygon","coordinates":[[[-73.29531558816434,10.47507628188748],[-73.2953023953671,10.475124523109688],[-73.29527690265941,10.475120109226772],[-73.29526304627339,10.475175859540276],[-73.29521508923587,10.47516561463178],[-73.29524215327356,10.475058331973969],[-73.29531558816434,10.47507628188748]]]}},
{"type":"Feature","properties":{"cons":"0657","motivo":"sin_npn"},"geometry":{"type":"Polygon","coordinates":[[[-73.29589578737382,10.473549112116205],[-73.29587811442002,10.473541584390832],[-73.29588573678329,10.473522321456834],[-73.29586646123347,10.473514933157334],[-73.29588550431836,10.473454437344795],[-73.29592612404917,10.473467127136734],[-73.29589578737382,10.473549112116205]]]}},
{"type":"Feature","properties":{"cons":"0655","motivo":"sin_npn"},"geometry":{"type":"Polygon","coordinates":[[[-73.29588490003614,10.473544474697574],[-73.29585916487689,10.473615786433966],[-73.29579229554801,10.473593067883256],[-73.29582509556354,10.473519001208587],[-73.29588490003614,10.473544474697574]]]}},
{"type":"Feature","properties":{"cons":"0660","motivo":"sin_npn"},"geometry":{"type":"Polygon","coordinates":[[[-73.29593521358439,10.473251916070511],[-73.29594198214718,10.473252894817874],[-73.29596144997107,10.47316737452214],[-73.29599210728708,10.47317550177563],[-73.29598968761277,10.473185521850047],[-73.29599452700128,10.473187612020718],[-73.29597767729345,10.473273209853602],[-73.29598302538726,10.473274765299305],[-73.29597624889205,10.473296218328185],[-73.29592614376307,10.473283447045096],[-73.29593521358439,10.473251916070511]]]}},
{"type":"Feature","properties":{"cons":"0661","motivo":"sin_npn"},"geometry":{"type":"Polygon","coordinates":[[[-73.29605378330149,10.473191852074697],[-73.29602292149282,10.473308114686922],[-73.29597624889205,10.473296218328185],[-73.29601265933212,10.473180950120167],[-73.29605378330149,10.473191852074697]]]}},
{"type":"Feature","properties":{"cons":"0055","motivo":"sin_npn"},"geometry":{"type":"Polygon","coordinates":[[[-73.29692552261645,10.478040050203948],[-73.29693528198045,10.478086351212049],[-73.29695747185765,10.478082645019711],[-73.29696515242597,10.47812763019485],[-73.29694338788151,10.478131959529355],[-73.2969397440436,10.478115444977176],[-73.29691392847683,10.47811909087578],[-73.29690013065421,10.478045101090759],[-73.29692552261645,10.478040050203948]]]}},
{"type":"Feature","properties":{"cons":"0054","motivo":"sin_npn"},"geometry":{"type":"Polygon","coordinates":[[[-73.29701137079894,10.477846303640368],[-73.29698609142145,10.477849079696249],[-73.29697976531565,10.477809825539277],[-73.29700733662801,10.477807405909845],[-73.29701137079894,10.477846303640368]]]}},
{"type":"Feature","properties":{"cons":"0054","motivo":"sin_npn"},"geometry":{"type":"Polygon","coordinates":[[[-73.29688933597673,10.477769735934912],[-73.29691206082916,10.477762845108865],[-73.29692365291542,10.477812271789526],[-73.29690237259533,10.477817079450316],[-73.29688933597673,10.477769735934912]]]}},
{"type":"Feature","properties":{"cons":"0053","motivo":"sin_npn"},"geometry":{"type":"Polygon","coordinates":[[[-73.29682976625767,10.478202613910799],[-73.29688006805696,10.478194188329635],[-73.29689057912358,10.478265919356694],[-73.29684192900666,10.47827513792057],[-73.29682976625767,10.478202613910799]]]}},
{"type":"Feature","properties":{"cons":"0051","motivo":"sin_npn"},"geometry":{"type":"Polygon","coordinates":[[[-73.29674937528368,10.478260371424177],[-73.29677998784899,10.478252692960769],[-73.29679319019233,10.478297611771826],[-73.2967585618254,10.478305896793984],[-73.29674937528368,10.478260371424177]]]}},
{"type":"Feature","properties":{"cons":"0055","motivo":"sin_npn"},"geometry":{"type":"Polygon","coordinates":[[[-73.29693400298575,10.478041975506136],[-73.29694983024925,10.47803930935748],[-73.29695747185767,10.478082645019668],[-73.29693528198045,10.478086351212049],[-73.2969321693997,10.478068926479818],[-73.29693894022533,10.478067196551596],[-73.29693400298575,10.478041975506136]]]}},
{"type":"Feature","properties":{"cons":"0045","motivo":"sin_npn"},"geometry":{"type":"Polygon","coordinates":[[[-73.29666502082104,10.478180454692437],[-73.29671338791542,10.47817233017893],[-73.2967194677943,10.47820703614903],[-73.2966725626341,10.478216879000346],[-73.29666502082104,10.478180454692437]]]}},
{"type":"Feature","properties":{"cons":"0046","motivo":"sin_npn"},"geometry":{"type":"Polygon","coordinates":[[[-73.29668093545483,10.478107709004606],[-73.29667923026611,10.47809502289179],[-73.29670704234157,10.478091406110227],[-73.29670850429083,10.478102656105962],[-73.29672349910282,10.478101205785167],[-73.29672206608383,10.478120358369303],[-73.29671384237241,10.478120366034936],[-73.29671676194367,10.478138317608842],[-73.2966662194131,10.478147940341477],[-73.29666763078178,10.478156580084342],[-73.29663183951064,10.478162326006927],[-73.2966275084322,10.478136246277224],[-73.29666329733936,10.47812735547276],[-73.29666134663323,10.478110839339015],[-73.29668093545483,10.478107709004606]]]}},
{"type":"Feature","properties":{"cons":"0046","motivo":"sin_npn"},"geometry":{"type":"Polygon","coordinates":[[[-73.29660008015081,10.478095403226998],[-73.29658441579103,10.478039604291347],[-73.29662111905746,10.478030441583105],[-73.29663375593323,10.478092910755786],[-73.29661900527215,10.478096754750833],[-73.29661730646218,10.478090771568683],[-73.29660008015081,10.478095403226998]]]}},
{"type":"Feature","properties":{"cons":"0046","motivo":"sin_npn"},"geometry":{"type":"Polygon","coordinates":[[[-73.29661900527215,10.478096754750833],[-73.29663375593323,10.478092910755786],[-73.2966365741042,10.47810597885667],[-73.29662264517607,10.478109151792454],[-73.29661900527215,10.478096754750833]]]}},
{"type":"Feature","properties":{"cons":"0048","motivo":"sin_npn"},"geometry":{"type":"Polygon","coordinates":[[[-73.29666115975954,10.477989404752389],[-73.2966245384276,10.477997614428636],[-73.29659396999462,10.477888149785372],[-73.29666902701895,10.477867351113098],[-73.29668202349197,10.477911322182969],[-73.29664410309871,10.477922347275351],[-73.29666115975954,10.477989404752389]]]}},
{"type":"Feature","properties":{"cons":"0048","motivo":"sin_npn"},"geometry":{"type":"Polygon","coordinates":[[[-73.2966245384276,10.477997614428636],[-73.29666115975954,10.477989404752389],[-73.29666449678827,10.478002524123495],[-73.29662773132358,10.478009048088582],[-73.2966245384276,10.477997614428636]]]}},
{"type":"Feature","properties":{"cons":"0049","motivo":"sin_npn"},"geometry":{"type":"Polygon","coordinates":[[[-73.29683204358639,10.477953109111732],[-73.2967939958421,10.47796334180256],[-73.29677525274201,10.477890110781596],[-73.29676143404619,10.477856608979506],[-73.29679827321884,10.477843997795055],[-73.29683204358639,10.477953109111732]]]}},
{"type":"Feature","properties":{"cons":"0049","motivo":"sin_npn"},"geometry":{"type":"Polygon","coordinates":[[[-73.29668558658037,10.47786276237406],[-73.2967222799289,10.477852594456305],[-73.29673171342826,10.4778879968548],[-73.29669520006837,10.477898085294573],[-73.29668558658037,10.47786276237406]]]}},
{"type":"Feature","properties":{"cons":"0049","motivo":"sin_npn"},"geometry":{"type":"Polygon","coordinates":[[[-73.29672622774027,10.477867409955406],[-73.29675103735171,10.477860688312006],[-73.29675710469739,10.477882227810465],[-73.29673171342824,10.4778879968548],[-73.29672622774027,10.477867409955406]]]}},
{"type":"Feature","properties":{"cons":"0049","motivo":"sin_npn"},"geometry":{"type":"Polygon","coordinates":[[[-73.2967939958421,10.47796334180256],[-73.29683204358639,10.477953109111732],[-73.29684132392832,10.477983093677983],[-73.29680171540883,10.477993502850735],[-73.2967939958421,10.47796334180256]]]}},
{"type":"Feature","properties":{"cons":"0043","motivo":"sin_npn"},"geometry":{"type":"Polygon","coordinates":[[[-73.29661871732874,10.47836318293103],[-73.29651617842855,10.478386004017198],[-73.29651380386456,10.478378349782792],[-73.29650437282459,10.47838051308329],[-73.29650610220733,10.47838824658186],[-73.29646517377543,10.47839735561352],[-73.29645571530504,10.478360993806033],[-73.29660964320523,10.478328428271471],[-73.29661871732874,10.47836318293103]]]}},
{"type":"Feature","properties":{"cons":"0042","motivo":"sin_npn"},"geometry":{"type":"Polygon","coordinates":[[[-73.29650976951754,10.478306149364284],[-73.29651997150748,10.47834728233867],[-73.29650733749399,10.478349978279738],[-73.29649611246398,10.47830916705824],[-73.29650976951754,10.478306149364284]]]}},
{"type":"Feature","properties":{"cons":"0041","motivo":"sin_npn"},"geometry":{"type":"Polygon","coordinates":[[[-73.29659022140778,10.47828837251669],[-73.29657339253056,10.478292091068637],[-73.29655952734052,10.478233455763796],[-73.2965748213721,10.478229389035844],[-73.29659022140778,10.47828837251669]]]}},
{"type":"Feature","properties":{"cons":"0038","motivo":"sin_npn"},"geometry":{"type":"Polygon","coordinates":[[[-73.29653189559727,10.478109563324262],[-73.29654799877447,10.478171470840332],[-73.29649237233467,10.478185356171695],[-73.29647791946967,10.478124901730302],[-73.29653189559727,10.478109563324262]]]}},
{"type":"Feature","properties":{"cons":"0038","motivo":"sin_npn"},"geometry":{"type":"Polygon","coordinates":[[[-73.29656031288864,10.478168397020752],[-73.29654799877446,10.478171470840332],[-73.29653189559727,10.478109563324262],[-73.29654401978576,10.478105992962075],[-73.29656031288864,10.478168397020752]]]}},
{"type":"Feature","properties":{"cons":"0037","motivo":"sin_npn"},"geometry":{"type":"Polygon","coordinates":[[[-73.29650134904949,10.47805217718268],[-73.29652229503041,10.478046390273418],[-73.29653831278402,10.47810773975041],[-73.29651768232829,10.478113602312527],[-73.29650134904949,10.47805217718268]]]}},
{"type":"Feature","properties":{"cons":"0034","motivo":"sin_npn"},"geometry":{"type":"Polygon","coordinates":[[[-73.29642846918904,10.4780723122569],[-73.29641809416431,10.478075178642461],[-73.29641412294048,10.478061894225677],[-73.2963813101378,10.47807039883929],[-73.29637080356557,10.478033593629943],[-73.29633487523978,10.478044890531752],[-73.2963289528683,10.47802989518069],[-73.29631387994618,10.478034080981708],[-73.29629725025767,10.477981686395108],[-73.29639525821342,10.477954494010335],[-73.29642846918904,10.4780723122569]]]}},
{"type":"Feature","properties":{"cons":"0033","motivo":"sin_npn"},"geometry":{"type":"Polygon","coordinates":[[[-73.29622426202162,10.47807967048715],[-73.29620770835369,10.478018745364123],[-73.29625706823877,10.478005323678623],[-73.29627721626119,10.47806302016734],[-73.29622426202162,10.47807967048715]]]}},
{"type":"Feature","properties":{"cons":"0032","motivo":"sin_npn"},"geometry":{"type":"Polygon","coordinates":[[[-73.29637346831905,10.478042928436443],[-73.29638334464809,10.478077525860678],[-73.29636479190006,10.478082228512175],[-73.29635750223919,10.478047044878984],[-73.29637346831905,10.478042928436443]]]}},
{"type":"Feature","properties":{"cons":"0032","motivo":"sin_npn"},"geometry":{"type":"Polygon","coordinates":[[[-73.29625297265417,10.478128524869803],[-73.29623878551935,10.478132421098833],[-73.29623206358623,10.478107681301246],[-73.29623914144113,10.478105675359519],[-73.29623146077834,10.4780774069938],[-73.29623848367818,10.478075198794654],[-73.29625297265417,10.478128524869803]]]}},
{"type":"Feature","properties":{"cons":"0029","motivo":"sin_npn"},"geometry":{"type":"Polygon","coordinates":[[[-73.29628990176172,10.478264440827708],[-73.29634339725487,10.478251944649218],[-73.29635398934992,10.47829638216821],[-73.2963053122361,10.478307801276141],[-73.29628990176172,10.478264440827708]]]}},
{"type":"Feature","properties":{"cons":"0029","motivo":"sin_npn"},"geometry":{"type":"Polygon","coordinates":[[[-73.29635736679977,10.478248681458178],[-73.29636778807536,10.478293145139627],[-73.29635398934997,10.478296382168203],[-73.29634339725489,10.478251944649204],[-73.29635736679977,10.478248681458178]]]}},
{"type":"Feature","properties":{"cons":"0014","motivo":"sin_npn"},"geometry":{"type":"Polygon","coordinates":[[[-73.2961299117376,10.478338581068092],[-73.29620974807169,10.47831423222415],[-73.2962189853692,10.478340434910846],[-73.29613850582066,10.47836725968745],[-73.2961299117376,10.478338581068092]]]}},
{"type":"Feature","properties":{"cons":"0013","motivo":"sin_npn"},"geometry":{"type":"Polygon","coordinates":[[[-73.29610385753698,10.478347222244999],[-73.29612991173757,10.478338581068092],[-73.29614791789297,10.478398667946074],[-73.2961227857381,10.47840666283667],[-73.29610385753698,10.478347222244999]]]}},
{"type":"Feature","properties":{"cons":"0012","motivo":"sin_npn"},"geometry":{"type":"Polygon","coordinates":[[[-73.2960180740414,10.478363486805117],[-73.29607358028613,10.478346701455457],[-73.2960811556026,10.47837105771631],[-73.2960511661155,10.478380516183632],[-73.29605723296973,10.478401576914985],[-73.29603332688899,10.478410114079907],[-73.2960180740414,10.478363486805117]]]}},
{"type":"Feature","properties":{"cons":"0011","motivo":"sin_npn"},"geometry":{"type":"Polygon","coordinates":[[[-73.29595598338022,10.47834576658946],[-73.29597320624603,10.478340404232531],[-73.29597816852679,10.478355112906316],[-73.29596148512417,10.47836135257469],[-73.29595598338022,10.47834576658946]]]}},
{"type":"Feature","properties":{"cons":"0011","motivo":"sin_npn"},"geometry":{"type":"Polygon","coordinates":[[[-73.29601807404137,10.478363486805117],[-73.29604733612346,10.478452939671188],[-73.29599351430882,10.478468569788108],[-73.29596621791525,10.478378464603205],[-73.29601807404137,10.478363486805117]]]}},
{"type":"Feature","properties":{"cons":"0010","motivo":"sin_npn"},"geometry":{"type":"Polygon","coordinates":[[[-73.29598273116407,10.47851866310617],[-73.29595388919306,10.478527418456258],[-73.2959496565944,10.478513328734653],[-73.29597794905709,10.478506120709902],[-73.29598273116407,10.47851866310617]]]}},
{"type":"Feature","properties":{"cons":"0010","motivo":"sin_npn"},"geometry":{"type":"Polygon","coordinates":[[[-73.29588954313022,10.478375159494158],[-73.29593354993013,10.478362707165017],[-73.29595508328354,10.478433307376363],[-73.29592939154176,10.478441111457682],[-73.29593545583305,10.478459479049382],[-73.29591743762656,10.478465611627774],[-73.29588954313022,10.478375159494158]]]}},
{"type":"Feature","properties":{"cons":"0008","motivo":"sin_npn"},"geometry":{"type":"Polygon","coordinates":[[[-73.2958450578326,10.478420152666763],[-73.29588736827945,10.478547611720693],[-73.2958571009442,10.478556799747592],[-73.29582145602816,10.478426140151399],[-73.2958450578326,10.478420152666763]]]}},
{"type":"Feature","properties":{"cons":"0008","motivo":"sin_npn"},"geometry":{"type":"Polygon","coordinates":[[[-73.2957952759225,10.478442451741147],[-73.2958171125141,10.478436916765785],[-73.29582912173694,10.478475327798993],[-73.29580727192662,10.47848053938477],[-73.2957952759225,10.478442451741147]]]}},
{"type":"Feature","properties":{"cons":"0007","motivo":"sin_npn"},"geometry":{"type":"Polygon","coordinates":[[[-73.29574908320072,10.478434645922006],[-73.29578354061303,10.478424439803788],[-73.29581550387294,10.478520235755061],[-73.29577910851347,10.478533067414922],[-73.29574908320072,10.478434645922006]]]}},
{"type":"Feature","properties":{"cons":"0006","motivo":"sin_npn"},"geometry":{"type":"Polygon","coordinates":[[[-73.29566440240652,10.478472425320842],[-73.29570623640042,10.478461457579936],[-73.29572395587765,10.478527512928954],[-73.29568403324478,10.478539834811343],[-73.29566440240652,10.478472425320842]]]}},
{"type":"Feature","properties":{"cons":"0005","motivo":"sin_npn"},"geometry":{"type":"Polygon","coordinates":[[[-73.29568403324478,10.478539834811343],[-73.29564047307534,10.478553733535465],[-73.29563593545717,10.478550576191594],[-73.29561652537434,10.47848715570422],[-73.29566440240652,10.478472425320842],[-73.29568403324478,10.478539834811343]]]}},
{"type":"Feature","properties":{"cons":"0005","motivo":"sin_npn"},"geometry":{"type":"Polygon","coordinates":[[[-73.29564047307534,10.478553733535465],[-73.29568403324478,10.478539834811343],[-73.29568829357666,10.478554464177414],[-73.29564465972605,10.47856828299443],[-73.29564047307534,10.478553733535465]]]}},
{"type":"Feature","properties":{"cons":"0025","motivo":"sin_npn"},"geometry":{"type":"Polygon","coordinates":[[[-73.2955116896654,10.478468387292962],[-73.29554693913354,10.478457685254781],[-73.29555367463827,10.478483244173589],[-73.29551994169941,10.478492252641532],[-73.2955116896654,10.478468387292962]]]}},
{"type":"Feature","properties":{"cons":"0025","motivo":"sin_npn"},"geometry":{"type":"Polygon","coordinates":[[[-73.29559025949537,10.478444532818354],[-73.29554693913354,10.478457685254781],[-73.29552946668859,10.47839780419752],[-73.29557154223107,10.478386633466654],[-73.29559025949537,10.478444532818354]]]}},
{"type":"Feature","properties":{"cons":"0025","motivo":"sin_npn"},"geometry":{"type":"Polygon","coordinates":[[[-73.29552107977828,10.478289427878622],[-73.29554624824814,10.478282860997526],[-73.29555112930869,10.47829873444308],[-73.29554437007991,10.478299879595093],[-73.29556377758261,10.478360606946204],[-73.29555954677173,10.478362705542567],[-73.2955616705447,10.478370483765872],[-73.2955498817358,10.478373187856375],[-73.29555109706256,10.478379470731827],[-73.29552419622723,10.478387575141536],[-73.29551206423659,10.47834718923684],[-73.29549544021529,10.478352291720448],[-73.2954899818848,10.478335240205398],[-73.29545990497066,10.478344743332443],[-73.29544617955791,10.478299185086488],[-73.29551652307441,10.478279437550398],[-73.29552107977828,10.478289427878622]]]}},
{"type":"Feature","properties":{"cons":"0024","motivo":"sin_npn"},"geometry":{"type":"Polygon","coordinates":[[[-73.29561062438975,10.478301558168125],[-73.29555682025877,10.478317241686508],[-73.29554182258502,10.478269882375551],[-73.2955956377119,10.478254774837287],[-73.29561062438975,10.478301558168125]]]}},
{"type":"Feature","properties":{"cons":"0024","motivo":"sin_npn"},"geometry":{"type":"Polygon","coordinates":[[[-73.29562106391016,10.478334146804865],[-73.29556670312965,10.478349381252078],[-73.29555682025877,10.478317241686508],[-73.29561062438975,10.478301558168125],[-73.29562106391016,10.478334146804865]]]}},
{"type":"Feature","properties":{"cons":"0023","motivo":"sin_npn"},"geometry":{"type":"Polygon","coordinates":[[[-73.29561349768152,10.478310527609912],[-73.29560229239402,10.478275548502216],[-73.29565100718325,10.478262455580271],[-73.29567138543494,10.478326593339206],[-73.29565735969096,10.478329718445043],[-73.29565347790286,10.478317273738156],[-73.29564356447183,10.478320873805032],[-73.2956372584967,10.478302685974498],[-73.29561349768152,10.478310527609912]]]}},
{"type":"Feature","properties":{"cons":"0022","motivo":"sin_npn"},"geometry":{"type":"Polygon","coordinates":[[[-73.29569927203158,10.478235973793515],[-73.29572802747373,10.478227901253902],[-73.29575325508577,10.478308484261138],[-73.29570944955988,10.478319334767392],[-73.29569799224154,10.478276255098926],[-73.29571095305594,10.478272412808813],[-73.29569927203158,10.478235973793515]]]}},
{"type":"Feature","properties":{"cons":"0022","motivo":"sin_npn"},"geometry":{"type":"Polygon","coordinates":[[[-73.29572802747371,10.478227901253902],[-73.29569927203158,10.478235973793515],[-73.2956965858055,10.47822148383096],[-73.29572289460944,10.478213990403184],[-73.29572802747371,10.478227901253902]]]}},
{"type":"Feature","properties":{"cons":"0021","motivo":"sin_npn"},"geometry":{"type":"Polygon","coordinates":[[[-73.29575449413129,10.478312442066748],[-73.29579950544387,10.478300267417803],[-73.29582073783936,10.478372364110468],[-73.29577889923861,10.478390397751815],[-73.29575449413129,10.478312442066748]]]}},
{"type":"Feature","properties":{"cons":"0019","motivo":"sin_npn"},"geometry":{"type":"Polygon","coordinates":[[[-73.29585890139046,10.47828493268578],[-73.29592106372752,10.478265690877379],[-73.29593609601442,10.4783164778109],[-73.29587431881284,10.47833472745605],[-73.29585890139046,10.47828493268578]]]}},
{"type":"Feature","properties":{"cons":"0015","motivo":"sin_npn"},"geometry":{"type":"Polygon","coordinates":[[[-73.29610696587993,10.47812152127468],[-73.29613867327178,10.47811261998471],[-73.29615469387961,10.478158064395824],[-73.29612264387868,10.478167085231465],[-73.29610696587993,10.47812152127468]]]}},
{"type":"Feature","properties":{"cons":"0001","motivo":"sin_npn"},"geometry":{"type":"Polygon","coordinates":[[[-73.29550433845552,10.478631722396914],[-73.29546163202042,10.478487648886425],[-73.29547088405904,10.478485054391276],[-73.29551365617291,10.478629349459778],[-73.29550433845552,10.478631722396914]]]}},
{"type":"Feature","properties":{"cons":"0002","motivo":"sin_npn"},"geometry":{"type":"Polygon","coordinates":[[[-73.29546163202042,10.478487648886425],[-73.29543047548555,10.478382250173631],[-73.29543779414578,10.47837972269874],[-73.29546908038725,10.478485560184447],[-73.29546163202042,10.478487648886425]]]}},
{"type":"Feature","properties":{"cons":"0003","motivo":"sin_npn"},"geometry":{"type":"Polygon","coordinates":[[[-73.29535841618363,10.478266603765825],[-73.2953143720925,10.478276164226687],[-73.29530900497383,10.478251428095254],[-73.29535148428822,10.478242207293938],[-73.29535841618363,10.478266603765825]]]}},
{"type":"Feature","properties":{"cons":"0083","motivo":"sin_npn"},"geometry":{"type":"Polygon","coordinates":[[[-73.29532004436413,10.478101148906287],[-73.29532920566794,10.478139548552193],[-73.29530160331963,10.478146003568284],[-73.29529400820344,10.47810740887461],[-73.29532004436413,10.478101148906287]]]}},
{"type":"Feature","properties":{"cons":"0079","motivo":"sin_npn"},"geometry":{"type":"Polygon","coordinates":[[[-73.29548936809107,10.47804407987866],[-73.29554240677422,10.478030788284961],[-73.29556107152021,10.478107116196002],[-73.29550882497634,10.478120368013203],[-73.29548936809107,10.47804407987866]]]}},
{"type":"Feature","properties":{"cons":"0080","motivo":"sin_npn"},"geometry":{"type":"Polygon","coordinates":[[[-73.29549328896735,10.478059453171833],[-73.29543626009821,10.478072547187624],[-73.29541063357642,10.477965876785722],[-73.29546642183777,10.477954110294053],[-73.29549328896735,10.478059453171833]]]}},
{"type":"Feature","properties":{"cons":"0081","motivo":"sin_npn"},"geometry":{"type":"Polygon","coordinates":[[[-73.29544650138453,10.478115176521468],[-73.29538792880824,10.478129342005033],[-73.29535132136274,10.477979624231487],[-73.29541063357642,10.477965876785722],[-73.29544650138453,10.478115176521468]]]}},
{"type":"Feature","properties":{"cons":"0078","motivo":"sin_npn"},"geometry":{"type":"Polygon","coordinates":[[[-73.29552746677582,10.477969692386667],[-73.2955416750093,10.477966866194311],[-73.29554823010612,10.477992714296333],[-73.29553412409024,10.477996916931318],[-73.29552746677582,10.477969692386667]]]}},
{"type":"Feature","properties":{"cons":"0078","motivo":"sin_npn"},"geometry":{"type":"Polygon","coordinates":[[[-73.2955424067742,10.478030788284961],[-73.2955693044402,10.478025730635935],[-73.29557112393982,10.478031474321574],[-73.29561045551453,10.478026551142715],[-73.29562675309978,10.478090456701711],[-73.2955610715202,10.478107116196002],[-73.2955424067742,10.478030788284961]]]}},
{"type":"Feature","properties":{"cons":"0078","motivo":"sin_npn"},"geometry":{"type":"Polygon","coordinates":[[[-73.29562675309978,10.478090456701711],[-73.29562923800054,10.47809928759844],[-73.29556539963565,10.478116583004955],[-73.29556107152021,10.478107116196002],[-73.29562675309978,10.478090456701711]]]}},
{"type":"Feature","properties":{"cons":"0076","motivo":"sin_npn"},"geometry":{"type":"Polygon","coordinates":[[[-73.2957479333416,10.47805972047109],[-73.29575558846074,10.478094478173459],[-73.29570262932126,10.47810637720999],[-73.29569253962774,10.478073770572994],[-73.2957479333416,10.47805972047109]]]}},
{"type":"Feature","properties":{"cons":"0073","motivo":"sin_npn"},"geometry":{"type":"Polygon","coordinates":[[[-73.29590150289965,10.477948723158999],[-73.29591378330015,10.477995440067984],[-73.29586850116837,10.478007215109166],[-73.29585302436313,10.477946783361357],[-73.29587357880499,10.4779416772065],[-73.29587721912046,10.477954541068959],[-73.29590150289965,10.477948723158999]]]}},
{"type":"Feature","properties":{"cons":"0072","motivo":"sin_npn"},"geometry":{"type":"Polygon","coordinates":[[[-73.29594856517913,10.477906250299261],[-73.29589416780871,10.477920819112537],[-73.29587640214255,10.477853235200579],[-73.29593143867721,10.477840227550194],[-73.29594856517913,10.477906250299261]]]}},
{"type":"Feature","properties":{"cons":"0071","motivo":"sin_npn"},"geometry":{"type":"Polygon","coordinates":[[[-73.29601138706889,10.477921491777096],[-73.296023909158,10.477969685546094],[-73.29597820661522,10.477981163180143],[-73.29596558509876,10.477934733134799],[-73.29601138706889,10.477921491777096]]]}},
{"type":"Feature","properties":{"cons":"0070","motivo":"sin_npn"},"geometry":{"type":"Polygon","coordinates":[[[-73.29602443098244,10.477818249191252],[-73.29604894028458,10.477812456510785],[-73.29605815908117,10.47784368962022],[-73.29603467955707,10.477848895226565],[-73.29602443098244,10.477818249191252]]]}},
{"type":"Feature","properties":{"cons":"0070","motivo":"sin_npn"},"geometry":{"type":"Polygon","coordinates":[[[-73.29602879321206,10.47798848280222],[-73.29609587436177,10.477971468209473],[-73.29609792316008,10.47799496841955],[-73.29603505103337,10.478010886524217],[-73.29602879321206,10.47798848280222]]]}},
{"type":"Feature","properties":{"cons":"0069","motivo":"sin_npn"},"geometry":{"type":"Polygon","coordinates":[[[-73.29595888146376,10.477719413257086],[-73.2959960038685,10.477708692174195],[-73.29601457503023,10.477780133006723],[-73.2959769051683,10.477788781189128],[-73.29595888146376,10.477719413257086]]]}},
{"type":"Feature","properties":{"cons":"0067","motivo":"sin_npn"},"geometry":{"type":"Polygon","coordinates":[[[-73.29585137557228,10.4777580293987],[-73.29588627235023,10.477749650187768],[-73.2959026581081,10.477812115910137],[-73.29591607902849,10.477808871661017],[-73.29591871211377,10.47784323542015],[-73.29587640214255,10.477853235200579],[-73.29585137557228,10.4777580293987]]]}},
{"type":"Feature","properties":{"cons":"0067","motivo":"sin_npn"},"geometry":{"type":"Polygon","coordinates":[[[-73.29590110308236,10.477723283607512],[-73.2958455844687,10.477735998937401],[-73.29583350745004,10.477690055646457],[-73.29588889798723,10.477676232848124],[-73.29590110308236,10.477723283607512]]]}},
{"type":"Feature","properties":{"cons":"0066","motivo":"sin_npn"},"geometry":{"type":"Polygon","coordinates":[[[-73.29579894491992,10.4776986807764],[-73.29580595580606,10.477721680219267],[-73.29578073366592,10.477729234378872],[-73.29577433200178,10.477704822963526],[-73.29579894491992,10.4776986807764]]]}},
{"type":"Feature","properties":{"cons":"0065","motivo":"sin_npn"},"geometry":{"type":"Polygon","coordinates":[[[-73.29581517410958,10.477860565778613],[-73.29580101146446,10.477864002541683],[-73.29579919025856,10.477856463429307],[-73.29575857659806,10.477867722268352],[-73.2957429309482,10.477805513474218],[-73.29579682902958,10.477790610683488],[-73.29581517410958,10.477860565778613]]]}},
{"type":"Feature","properties":{"cons":"0064","motivo":"sin_npn"},"geometry":{"type":"Polygon","coordinates":[[[-73.29569019696446,10.47782004128988],[-73.2957429309482,10.477805513474218],[-73.29575857659806,10.477867722268352],[-73.29572447070198,10.477877000750798],[-73.2957286617381,10.477889603063932],[-73.29571064819443,10.477894153013985],[-73.29569019696446,10.47782004128988]]]}},
{"type":"Feature","properties":{"cons":"0063","motivo":"sin_npn"},"geometry":{"type":"Polygon","coordinates":[[[-73.29563980075916,10.477746558908354],[-73.29565882042007,10.47781996706777],[-73.29563136244491,10.47782756551408],[-73.29561253145964,10.477754050918481],[-73.29563980075916,10.477746558908354]]]}},
{"type":"Feature","properties":{"cons":"0063","motivo":"sin_npn"},"geometry":{"type":"Polygon","coordinates":[[[-73.29563885913242,10.477856831946255],[-73.2956859343315,10.477845317290308],[-73.2956835069688,10.477836222701125],[-73.29569398259414,10.477833759760783],[-73.29570845733019,10.477886213702446],[-73.29566905220362,10.477897041347044],[-73.2956707504069,10.477904230590713],[-73.29565220062409,10.477908915982914],[-73.29563885913242,10.477856831946255]]]}},
{"type":"Feature","properties":{"cons":"0062","motivo":"sin_npn"},"geometry":{"type":"Polygon","coordinates":[[[-73.29563136244488,10.47782756551408],[-73.29559854269338,10.47783406729748],[-73.29557905512748,10.477763248254853],[-73.29561253145964,10.477754050918481],[-73.29563136244488,10.47782756551408]]]}},
{"type":"Feature","properties":{"cons":"0062","motivo":"sin_npn"},"geometry":{"type":"Polygon","coordinates":[[[-73.29561305216316,10.47783094174548],[-73.29563136244488,10.47782756551408],[-73.29564024887414,10.477862257379474],[-73.29562227627042,10.477865644820854],[-73.29561305216316,10.47783094174548]]]}},
{"type":"Feature","properties":{"cons":"0060","motivo":"sin_npn"},"geometry":{"type":"Polygon","coordinates":[[[-73.29549795065435,10.477848988551054],[-73.29551203073554,10.47790656793816],[-73.29548320137077,10.477913053595666],[-73.29547032671506,10.477854654231825],[-73.29549795065435,10.477848988551054]]]}},
{"type":"Feature","properties":{"cons":"0059","motivo":"sin_npn"},"geometry":{"type":"Polygon","coordinates":[[[-73.29541063357642,10.477965876785722],[-73.29540886165545,10.477958501161401],[-73.29542704740062,10.477954634005231],[-73.2954251040188,10.477945778355378],[-73.2954068997065,10.477950334544785],[-73.29538690286078,10.4778670976059],[-73.29543200236229,10.477855252370011],[-73.29545423511904,10.477956680637222],[-73.29541063357642,10.477965876785722]]]}},
{"type":"Feature","properties":{"cons":"0058","motivo":"sin_npn"},"geometry":{"type":"Polygon","coordinates":[[[-73.2953343471291,10.47791670647977],[-73.29539554573816,10.477903073618593],[-73.29540788819602,10.477954449134572],[-73.29534816411427,10.477967921379824],[-73.2953343471291,10.47791670647977]]]}},
{"type":"Feature","properties":{"cons":"0057","motivo":"sin_npn"},"geometry":{"type":"Polygon","coordinates":[[[-73.29529110704894,10.477980824088146],[-73.29530772023898,10.47797480566182],[-73.2953112443103,10.477989630568773],[-73.29529472076166,10.477995004858839],[-73.29529110704894,10.477980824088146]]]}},
{"type":"Feature","properties":{"cons":"0057","motivo":"sin_npn"},"geometry":{"type":"Polygon","coordinates":[[[-73.29526623924367,10.477883238914174],[-73.29530452921799,10.47787445606769],[-73.29532453687901,10.477956021834922],[-73.2952870036268,10.477964721619703],[-73.29526623924367,10.477883238914174]]]}},
{"type":"Feature","properties":{"cons":"0056","motivo":"sin_npn"},"geometry":{"type":"Polygon","coordinates":[[[-73.29526623924366,10.477883238914174],[-73.29528251701703,10.477947115461209],[-73.2952538773225,10.477952506097354],[-73.29523794984028,10.477888555691859],[-73.29526623924366,10.477883238914174]]]}},
{"type":"Feature","properties":{"cons":"0084","motivo":"sin_npn"},"geometry":{"type":"Polygon","coordinates":[[[-73.29628596952824,10.477927968042918],[-73.29626709017444,10.477865807941939],[-73.29630490169701,10.477854442574165],[-73.29632081669429,10.477915532323644],[-73.29628596952824,10.477927968042918]]]}},
{"type":"Feature","properties":{"cons":"0084","motivo":"sin_npn"},"geometry":{"type":"Polygon","coordinates":[[[-73.29618823031578,10.477963593818936],[-73.2961912057786,10.4779719260711],[-73.29615807862251,10.477982011299144],[-73.2961457105483,10.477947789947429],[-73.29615254604126,10.477946258241653],[-73.29616043538749,10.477972766691783],[-73.29618823031578,10.477963593818936]]]}},
{"type":"Feature","properties":{"cons":"0085","motivo":"sin_npn"},"geometry":{"type":"Polygon","coordinates":[[[-73.29626684030602,10.477818902981722],[-73.29630881932837,10.477808696903432],[-73.29631022271943,10.477834931753216],[-73.29627298100034,10.477842148135354],[-73.29626684030602,10.477818902981722]]]}},
{"type":"Feature","properties":{"cons":"0085","motivo":"sin_npn"},"geometry":{"type":"Polygon","coordinates":[[[-73.29615597874553,10.477845855980085],[-73.29619657659535,10.477835985712849],[-73.29620565676024,10.477884273554313],[-73.2961699282194,10.477895012807535],[-73.29615597874553,10.477845855980085]]]}},
{"type":"Feature","properties":{"cons":"0088","motivo":"sin_npn"},"geometry":{"type":"Polygon","coordinates":[[[-73.2961968657601,10.477680368959783],[-73.29609300541776,10.477705530728349],[-73.29608252880783,10.477675829157603],[-73.29609008536684,10.477673727461188],[-73.2960861421361,10.477660265406294],[-73.29617259174098,10.477638939068868],[-73.29617775485875,10.477663471803877],[-73.29619710331939,10.477661957610039],[-73.2961968657601,10.477680368959783]]]}},
{"type":"Feature","properties":{"cons":"0092","motivo":"sin_npn"},"geometry":{"type":"Polygon","coordinates":[[[-73.2964912458218,10.477549521736279],[-73.29650202383202,10.477596639296214],[-73.29646786745549,10.477605349018031],[-73.29645814699917,10.47755747994716],[-73.2964912458218,10.477549521736279]]]}},
{"type":"Feature","properties":{"cons":"0093","motivo":"sin_npn"},"geometry":{"type":"Polygon","coordinates":[[[-73.29652609099448,10.477619087455794],[-73.29650748374355,10.477557240757928],[-73.29655126326261,10.477552126623264],[-73.29656609130694,10.47762967536885],[-73.29654723109391,10.477635917094773],[-73.296544310172,10.47761652917599],[-73.29652609099448,10.477619087455794]]]}},
{"type":"Feature","properties":{"cons":"0094","motivo":"sin_npn"},"geometry":{"type":"Polygon","coordinates":[[[-73.29656953775921,10.47759765581054],[-73.29660112266016,10.477587270592371],[-73.29661655907661,10.477635350327901],[-73.29658196793078,10.477643891410057],[-73.29656953775921,10.47759765581054]]]}},
{"type":"Feature","properties":{"cons":"0095","motivo":"sin_npn"},"geometry":{"type":"Polygon","coordinates":[[[-73.29663108516729,10.477496229498254],[-73.29663757707345,10.477527963508726],[-73.29666544205006,10.477580005000371],[-73.29664066112336,10.477591698385842],[-73.29663854131473,10.477588109501987],[-73.29662189637907,10.477591976163882],[-73.29659669524901,10.477504389386574],[-73.29663108516729,10.477496229498254]]]}},
{"type":"Feature","properties":{"cons":"0096","motivo":"sin_npn"},"geometry":{"type":"Polygon","coordinates":[[[-73.29666234817846,10.477496575684903],[-73.2967113088858,10.477486300675267],[-73.29672042127791,10.477530579445231],[-73.29667460021707,10.477541398488842],[-73.29666234817846,10.477496575684903]]]}},
{"type":"Feature","properties":{"cons":"0097","motivo":"sin_npn"},"geometry":{"type":"Polygon","coordinates":[[[-73.29679229040838,10.477501366641238],[-73.29678421402824,10.477473558590464],[-73.29681161020198,10.477469749067716],[-73.29681331379696,10.477480759447483],[-73.29682008579552,10.477480274352079],[-73.29682203741656,10.477497748047025],[-73.29679229040838,10.477501366641238]]]}},
{"type":"Feature","properties":{"cons":"0100","motivo":"sin_npn"},"geometry":{"type":"Polygon","coordinates":[[[-73.29679456800214,10.477556376480255],[-73.296829401851,10.477546017682288],[-73.29684466884444,10.477591041404123],[-73.29679727828065,10.47760856110643],[-73.29678879265923,10.477587502644148],[-73.29680209023057,10.477581744871648],[-73.29679456800214,10.477556376480255]]]}},
{"type":"Feature","properties":{"cons":"0098","motivo":"sin_npn"},"geometry":{"type":"Polygon","coordinates":[[[-73.29683696322498,10.477458830030887],[-73.29688225229542,10.477455875343955],[-73.29688713876396,10.477507339767914],[-73.29684726768394,10.477511491181115],[-73.29683696322498,10.477458830030887]]]}},
{"type":"Feature","properties":{"cons":"0099","motivo":"sin_npn"},"geometry":{"type":"Polygon","coordinates":[[[-73.29694431600431,10.47754367716274],[-73.29694429901812,10.477525839226288],[-73.29693190357628,10.477526449265042],[-73.2969276083916,10.477460920092161],[-73.29695995638741,10.477458196773885],[-73.29696850260149,10.47754287322909],[-73.29694431600431,10.47754367716274]]]}},
{"type":"Feature","properties":{"cons":"0101","motivo":"sin_npn"},"geometry":{"type":"Polygon","coordinates":[[[-73.2967135741571,10.477635913376714],[-73.29676245980231,10.477620468339042],[-73.2967898751238,10.477708299133951],[-73.29673966328838,10.477721510828596],[-73.2967135741571,10.477635913376714]]]}},
{"type":"Feature","properties":{"cons":"0104","motivo":"sin_npn"},"geometry":{"type":"Polygon","coordinates":[[[-73.29660640431905,10.47771422184767],[-73.2966285324049,10.47778376360459],[-73.29660253043428,10.477792453027828],[-73.29657895630001,10.477724335388665],[-73.29660640431905,10.47771422184767]]]}},
{"type":"Feature","properties":{"cons":"0108","motivo":"sin_npn"},"geometry":{"type":"Polygon","coordinates":[[[-73.29635063822117,10.47778804382485],[-73.29633297620039,10.477794129153782],[-73.296326454811,10.477773778673843],[-73.29634386402297,10.477767777702109],[-73.29635063822117,10.47778804382485]]]}},
{"type":"Feature","properties":{"cons":"0166","motivo":"sin_npn"},"geometry":{"type":"Polygon","coordinates":[[[-73.2971428644938,10.477363849234171],[-73.29706498039275,10.477344233499682],[-73.29707604863275,10.477302148816698],[-73.29716894882358,10.477323966349793],[-73.2971595438261,10.477353420173714],[-73.2971464789062,10.477349482424037],[-73.2971428644938,10.477363849234171]]]}},
{"type":"Feature","properties":{"cons":"0168","motivo":"sin_npn"},"geometry":{"type":"Polygon","coordinates":[[[-73.29714136949353,10.477140715434077],[-73.2971481929683,10.47711763101982],[-73.29716845440103,10.477122399919276],[-73.29718323946989,10.477091265338263],[-73.29721257770062,10.477102908241521],[-73.29718723178917,10.477156196314162],[-73.29714136949353,10.477140715434077]]]}},
{"type":"Feature","properties":{"cons":"0170","motivo":"sin_npn"},"geometry":{"type":"Polygon","coordinates":[[[-73.29707599151664,10.476985767575112],[-73.29711142044737,10.476982529340932],[-73.29711458988463,10.477008859350303],[-73.29707632133604,10.477012570765103],[-73.29707599151664,10.476985767575112]]]}},
{"type":"Feature","properties":{"cons":"0141","motivo":"sin_npn"},"geometry":{"type":"Polygon","coordinates":[[[-73.29659479168696,10.477299962524507],[-73.29662651252929,10.477291368427668],[-73.29665864485393,10.477400927604899],[-73.29662672486394,10.477408617848933],[-73.29659479168696,10.477299962524507]]]}},
{"type":"Feature","properties":{"cons":"0142","motivo":"sin_npn"},"geometry":{"type":"Polygon","coordinates":[[[-73.29654805874799,10.477303514761712],[-73.29657909803792,10.477301155421909],[-73.29658387939952,10.477321601182288],[-73.29655050305246,10.477324468051135],[-73.29654805874799,10.477303514761712]]]}},
{"type":"Feature","properties":{"cons":"0144","motivo":"sin_npn"},"geometry":{"type":"Polygon","coordinates":[[[-73.29647951784784,10.477329864846537],[-73.2964981936471,10.477432418213203],[-73.29644054458576,10.477442392542017],[-73.29643143439793,10.477400387971503],[-73.29641656055446,10.477401838165063],[-73.2964121750919,10.477368447256836],[-73.29643793186634,10.477365550585874],[-73.29643137193214,10.47733467530424],[-73.29647951784784,10.477329864846537]]]}},
{"type":"Feature","properties":{"cons":"0145","motivo":"sin_npn"},"geometry":{"type":"Polygon","coordinates":[[[-73.29639949567084,10.477384632389263],[-73.29641038748993,10.477426972937073],[-73.29637281441764,10.47743653068787],[-73.2963624947019,10.477394347698251],[-73.29639949567084,10.477384632389263]]]}},
{"type":"Feature","properties":{"cons":"0146","motivo":"sin_npn"},"geometry":{"type":"Polygon","coordinates":[[[-73.29630462921332,10.477437169126315],[-73.29636363443396,10.477422645941807],[-73.29637192685196,10.477454561871957],[-73.2963504638836,10.4774604905575],[-73.29635866055365,10.477491259303095],[-73.29632130602054,10.477500079136982],[-73.29630462921332,10.477437169126315]]]}},
{"type":"Feature","properties":{"cons":"0147","motivo":"sin_npn"},"geometry":{"type":"Polygon","coordinates":[[[-73.29629235425489,10.47750375330561],[-73.29626125130805,10.477511110562391],[-73.29624804243214,10.47745688375722],[-73.29627728610345,10.477448888379422],[-73.29629235425489,10.47750375330561]]]}},
{"type":"Feature","properties":{"cons":"0148","motivo":"sin_npn"},"geometry":{"type":"Polygon","coordinates":[[[-73.29618434104117,10.47743549230933],[-73.29619672655828,10.477432415468801],[-73.29620230715403,10.477450843354394],[-73.2961888276491,10.477454161220164],[-73.29618434104117,10.47743549230933]]]}},
{"type":"Feature","properties":{"cons":"0148","motivo":"sin_npn"},"geometry":{"type":"Polygon","coordinates":[[[-73.29619047583847,10.477461019385066],[-73.29623834491974,10.477449373476858],[-73.29625817550159,10.477514984965891],[-73.29620638395741,10.477527213524343],[-73.29619047583847,10.477461019385066]]]}},
{"type":"Feature","properties":{"cons":"0148","motivo":"sin_npn"},"geometry":{"type":"Polygon","coordinates":[[[-73.29620182048515,10.477379862891008],[-73.29619623083575,10.47735318418666],[-73.29623507129389,10.477346563611375],[-73.29623692764724,10.477373323292461],[-73.29620182048515,10.477379862891008]]]}},
{"type":"Feature","properties":{"cons":"0148","motivo":"sin_npn"},"geometry":{"type":"Polygon","coordinates":[[[-73.29625577143112,10.477515552593843],[-73.29625727248043,10.477522512041194],[-73.29621040764593,10.477533328230052],[-73.2962083814213,10.477526741901123],[-73.29625577143112,10.477515552593843]]]}},
{"type":"Feature","properties":{"cons":"0130","motivo":"sin_npn"},"geometry":{"type":"Polygon","coordinates":[[[-73.2960408314118,10.477431760635264],[-73.29600954767639,10.477437336203685],[-73.29599939042953,10.477388292200848],[-73.29603106924313,10.477381320415477],[-73.2960408314118,10.477431760635264]]]}},
{"type":"Feature","properties":{"cons":"0131","motivo":"sin_npn"},"geometry":{"type":"Polygon","coordinates":[[[-73.29598329753232,10.477315831650568],[-73.2960295469867,10.477306512259299],[-73.29603751495922,10.477358333420362],[-73.29599302103195,10.477366992357105],[-73.29598329753232,10.477315831650568]]]}},
{"type":"Feature","properties":{"cons":"0132","motivo":"sin_npn"},"geometry":{"type":"Polygon","coordinates":[[[-73.29595204465261,10.477171377653416],[-73.29596973389076,10.477171253467894],[-73.29597019338212,10.477185595380936],[-73.29598252891311,10.477185583912238],[-73.2959844261228,10.47727319911967],[-73.29597535587685,10.47727320755271],[-73.29597207048049,10.477252024536332],[-73.29595320334786,10.477250964819078],[-73.29595204465261,10.477171377653416]]]}},
{"type":"Feature","properties":{"cons":"0132","motivo":"sin_npn"},"geometry":{"type":"Polygon","coordinates":[[[-73.29600499916396,10.477171005888646],[-73.29603948914088,10.4771707637486],[-73.29604245797012,10.477254472689404],[-73.29602432088818,10.477258080414792],[-73.29602798905806,10.477298661053107],[-73.29599401459157,10.477305705344241],[-73.29599094715653,10.477263138650082],[-73.29600872279279,10.477260967606442],[-73.29600499916396,10.477171005888646]]]}},
{"type":"Feature","properties":{"cons":"0133","motivo":"sin_npn"},"geometry":{"type":"Polygon","coordinates":[[[-73.2961151548917,10.477223886938802],[-73.29612394948545,10.47726443191804],[-73.29611007346571,10.47726697781175],[-73.29611189603912,10.477275953265032],[-73.29608831817299,10.477281002398616],[-73.29607956266506,10.477230379423727],[-73.2961151548917,10.477223886938802]]]}},
{"type":"Feature","properties":{"cons":"0133","motivo":"sin_npn"},"geometry":{"type":"Polygon","coordinates":[[[-73.29613143815659,10.477298956302395],[-73.29614849276078,10.47737758166396],[-73.29612269321537,10.477381790929698],[-73.29610394081789,10.477303969368155],[-73.29613143815659,10.477298956302395]]]}},
{"type":"Feature","properties":{"cons":"0134","motivo":"sin_npn"},"geometry":{"type":"Polygon","coordinates":[[[-73.29612023217253,10.47724729430293],[-73.29615177238333,10.47724144392059],[-73.29615944015576,10.477292786077012],[-73.29613143815658,10.477298956302395],[-73.29612023217253,10.47724729430293]]]}},
{"type":"Feature","properties":{"cons":"0135","motivo":"sin_npn"},"geometry":{"type":"Polygon","coordinates":[[[-73.29624498252615,10.477256618244772],[-73.29625290257417,10.477304167735873],[-73.29620292387654,10.477312854433185],[-73.29619586271211,10.477263546534026],[-73.29624498252615,10.477256618244772]]]}},
{"type":"Feature","properties":{"cons":"0137","motivo":"sin_npn"},"geometry":{"type":"Polygon","coordinates":[[[-73.29638525443575,10.477270561371492],[-73.29632666975462,10.477278267019676],[-73.2963242342459,10.477260614228165],[-73.2962997460053,10.477262133213005],[-73.2962972957136,10.4772289200443],[-73.29633025093482,10.477228889369826],[-73.29632932827107,10.477212432123205],[-73.29637703407356,10.477204214355105],[-73.29638525443575,10.477270561371492]]]}},
{"type":"Feature","properties":{"cons":"0138","motivo":"sin_npn"},"geometry":{"type":"Polygon","coordinates":[[[-73.29644560935927,10.47717993898076],[-73.29645625630774,10.477233511137284],[-73.29642541741394,10.477238835227372],[-73.2964150885966,10.477187076622446],[-73.29644560935927,10.47717993898076]]]}},
{"type":"Feature","properties":{"cons":"0140","motivo":"sin_npn"},"geometry":{"type":"Polygon","coordinates":[[[-73.29651649525198,10.477184150194779],[-73.29655337692243,10.477179926504238],[-73.29656707420551,10.477276567707305],[-73.29657434861552,10.477295712179993],[-73.29653438204159,10.477299288961754],[-73.29651649525198,10.477184150194779]]]}},
{"type":"Feature","properties":{"cons":"0109","motivo":"sin_npn"},"geometry":{"type":"Polygon","coordinates":[[[-73.2958608367923,10.477542766155782],[-73.29591471368212,10.477528558448453],[-73.29592289480327,10.477559169330972],[-73.29594798377754,10.477553460480015],[-73.29595617881446,10.477586967549087],[-73.29588182458536,10.477610078015546],[-73.2958608367923,10.477542766155782]]]}},
{"type":"Feature","properties":{"cons":"0110","motivo":"sin_npn"},"geometry":{"type":"Polygon","coordinates":[[[-73.29574297984097,10.477591841863036],[-73.29580604655409,10.477575039997427],[-73.295819631446,10.477629431698475],[-73.29575585225554,10.47764546698667],[-73.29574297984097,10.477591841863036]]]}},
{"type":"Feature","properties":{"cons":"0110","motivo":"sin_npn"},"geometry":{"type":"Polygon","coordinates":[[[-73.29573866398367,10.477573862451612],[-73.29578887083179,10.477563672744065],[-73.29579294995996,10.47757852911677],[-73.29574297984097,10.477591841863036],[-73.29573866398367,10.477573862451612]]]}},
{"type":"Feature","properties":{"cons":"0111","motivo":"sin_npn"},"geometry":{"type":"Polygon","coordinates":[[[-73.29575585225554,10.47764546698667],[-73.2957576927985,10.477652383971593],[-73.2957257734847,10.477660840175849],[-73.29572406958901,10.47765345774153],[-73.29575585225554,10.47764546698667]]]}},
{"type":"Feature","properties":{"cons":"0112","motivo":"sin_npn"},"geometry":{"type":"Polygon","coordinates":[[[-73.2956124553778,10.47759195142988],[-73.29564407451173,10.47758550801283],[-73.29565203882946,10.47761805774223],[-73.29567641459361,10.477612672752192],[-73.29568612222077,10.477647135986427],[-73.29565961923817,10.477653863540509],[-73.29566247586408,10.477668943542044],[-73.29563266480582,10.47767643858812],[-73.2956124553778,10.47759195142988]]]}},
{"type":"Feature","properties":{"cons":"0114","motivo":"sin_npn"},"geometry":{"type":"Polygon","coordinates":[[[-73.29554180487273,10.477601275765007],[-73.29556181732497,10.477694250929915],[-73.2955290056096,10.47770250038434],[-73.29551358064069,10.477608911912498],[-73.29554180487273,10.477601275765007]]]}},
{"type":"Feature","properties":{"cons":"0115","motivo":"sin_npn"},"geometry":{"type":"Polygon","coordinates":[[[-73.29542540817695,10.477638514993075],[-73.29545589538313,10.477631897085265],[-73.295473801146,10.477716379769138],[-73.29544409847419,10.477723847545096],[-73.29542540817695,10.477638514993075]]]}},
{"type":"Feature","properties":{"cons":"0116","motivo":"sin_npn"},"geometry":{"type":"Polygon","coordinates":[[[-73.29535875228436,10.47763109225789],[-73.29535045026071,10.477596419275637],[-73.29537881864549,10.477589716165566],[-73.295374233469,10.477575528986202],[-73.29540964060642,10.47756652642246],[-73.29542921941852,10.477655915628517],[-73.29539400462,10.477662416980706],[-73.29538550389749,10.47762531931984],[-73.29535875228436,10.47763109225789]]]}},
{"type":"Feature","properties":{"cons":"0117","motivo":"sin_npn"},"geometry":{"type":"Polygon","coordinates":[[[-73.29531054841671,10.47770582366707],[-73.2953730840253,10.477690948029602],[-73.2953845463897,10.477738819980894],[-73.29532403409411,10.47775403381775],[-73.29531054841671,10.47770582366707]]]}},
{"type":"Feature","properties":{"cons":"0117","motivo":"sin_npn"},"geometry":{"type":"Polygon","coordinates":[[[-73.29531732212332,10.477589999655931],[-73.29534710023724,10.477582428069548],[-73.29535875228436,10.47763109225789],[-73.29532872357115,10.47763759289394],[-73.29531732212332,10.477589999655931]]]}},
{"type":"Feature","properties":{"cons":"0118","motivo":"sin_npn"},"geometry":{"type":"Polygon","coordinates":[[[-73.29522952835431,10.477666537235153],[-73.2952593960802,10.477658424341872],[-73.29527791714351,10.477740996933328],[-73.29525284182019,10.477745255574119],[-73.29522952835431,10.477666537235153]]]}},
{"type":"Feature","properties":{"cons":"0121","motivo":"sin_npn"},"geometry":{"type":"Polygon","coordinates":[[[-73.29535920013194,10.477490794554928],[-73.29536915230975,10.477558376930428],[-73.29534290393406,10.477564902416535],[-73.29532735815675,10.477499976225877],[-73.29535920013194,10.477490794554928]]]}},
{"type":"Feature","properties":{"cons":"0122","motivo":"sin_npn"},"geometry":{"type":"Polygon","coordinates":[[[-73.29541297021991,10.477497270483346],[-73.29545888375473,10.47749066580485],[-73.29546890356261,10.477535542249711],[-73.29541932914599,10.477545762361215],[-73.29541297021991,10.477497270483346]]]}},
{"type":"Feature","properties":{"cons":"0127","motivo":"sin_npn"},"geometry":{"type":"Polygon","coordinates":[[[-73.29589427838827,10.47742273474008],[-73.29586913811879,10.477427548004503],[-73.29586181559273,10.477395732277598],[-73.29588660278145,10.477390622188842],[-73.29589427838827,10.47742273474008]]]}},
{"type":"Feature","properties":{"cons":"0127","motivo":"sin_npn"},"geometry":{"type":"Polygon","coordinates":[[[-73.29587096589908,10.477435489546885],[-73.2958959368117,10.477429673110192],[-73.29590147658283,10.47745284992788],[-73.29587646064641,10.477459363731096],[-73.29587096589908,10.477435489546885]]]}},
{"type":"Feature","properties":{"cons":"0153","motivo":"sin_npn"},"geometry":{"type":"Polygon","coordinates":[[[-73.29538367717203,10.477346873008866],[-73.29539380382455,10.477387282147284],[-73.29535944305054,10.477394467187402],[-73.29535106100967,10.477354975508172],[-73.29538367717203,10.477346873008866]]]}},
{"type":"Feature","properties":{"cons":"0155","motivo":"sin_npn"},"geometry":{"type":"Polygon","coordinates":[[[-73.29543786526372,10.477247824983198],[-73.29545834963146,10.477243669745837],[-73.29546173970465,10.47725860185705],[-73.29544088154101,10.477262212074848],[-73.29543786526372,10.477247824983198]]]}},
{"type":"Feature","properties":{"cons":"0155","motivo":"sin_npn"},"geometry":{"type":"Polygon","coordinates":[[[-73.29550388028244,10.477321174086098],[-73.295528031966,10.47742168063873],[-73.29549608447608,10.477429508106802],[-73.29547269034592,10.477328613456036],[-73.29550388028244,10.477321174086098]]]}},
{"type":"Feature","properties":{"cons":"0156","motivo":"sin_npn"},"geometry":{"type":"Polygon","coordinates":[[[-73.29555848489368,10.477312645559195],[-73.29557503329643,10.477382217703392],[-73.29554591344942,10.477388093906383],[-73.29552922085146,10.477320780785918],[-73.29555848489368,10.477312645559195]]]}},
{"type":"Feature","properties":{"cons":"0160","motivo":"sin_npn"},"geometry":{"type":"Polygon","coordinates":[[[-73.29572978237051,10.47726829106804],[-73.29576068864657,10.477260119686347],[-73.29576735945938,10.477280461692784],[-73.29579222275991,10.477273849207068],[-73.29581130014657,10.47735227682504],[-73.29579803388084,10.477355527212076],[-73.29579220227285,10.477334002265382],[-73.29574908132453,10.477345092954492],[-73.29572978237051,10.47726829106804]]]}},
{"type":"Feature","properties":{"cons":"0161","motivo":"sin_npn"},"geometry":{"type":"Polygon","coordinates":[[[-73.29577555059365,10.477205309475178],[-73.29585845890145,10.477186670338082],[-73.2958713422697,10.47723766496904],[-73.29578846278919,10.477258391867265],[-73.29577555059365,10.477205309475178]]]}},
{"type":"Feature","properties":{"cons":"0161","motivo":"sin_npn"},"geometry":{"type":"Polygon","coordinates":[[[-73.29588674035978,10.47723396882067],[-73.29587134226972,10.47723766496904],[-73.29585845890148,10.477186670338082],[-73.29587490162778,10.477184007029003],[-73.29588674035978,10.47723396882067]]]}},
{"type":"Feature","properties":{"cons":"0198","motivo":"sin_npn"},"geometry":{"type":"Polygon","coordinates":[[[-73.29524214336004,10.477205996472803],[-73.29524140916735,10.47722032422717],[-73.2952088780151,10.477221192262906],[-73.29520943199608,10.477205813814074],[-73.29524214336004,10.477205996472803]]]}},
{"type":"Feature","properties":{"cons":"0197","motivo":"sin_npn"},"geometry":{"type":"Polygon","coordinates":[[[-73.2952760493852,10.47720559342978],[-73.29527626096467,10.477218041630833],[-73.29524140916735,10.47722032422717],[-73.29524214336004,10.477205996472803],[-73.2952760493852,10.47720559342978]]]}},
{"type":"Feature","properties":{"cons":"0196","motivo":"sin_npn"},"geometry":{"type":"Polygon","coordinates":[[[-73.29530027605162,10.477110209777289],[-73.29533589885327,10.477109972931718],[-73.29533782547045,10.477189480357392],[-73.29528281448712,10.47718862641117],[-73.29528457016659,10.47712698169097],[-73.29530029135309,10.47712636863185],[-73.29530027605162,10.477110209777289]]]}},
{"type":"Feature","properties":{"cons":"0192","motivo":"sin_npn"},"geometry":{"type":"Polygon","coordinates":[[[-73.29551785902024,10.477099629685833],[-73.2955561016222,10.477093394568936],[-73.29555865013826,10.477102728437945],[-73.29556336598306,10.477102005887765],[-73.29557064429842,10.47712533971793],[-73.29557390958553,10.47712533668626],[-73.29557719325162,10.477144724279492],[-73.29552311249188,10.477152712057261],[-73.29551785902024,10.477099629685833]]]}},
{"type":"Feature","properties":{"cons":"0192","motivo":"sin_npn"},"geometry":{"type":"Polygon","coordinates":[[[-73.29555302140808,10.477052361994984],[-73.29557255201526,10.477051116477663],[-73.2955750472835,10.477078125848518],[-73.29555608766884,10.477078672057377],[-73.29555302140808,10.477052361994984]]]}},
{"type":"Feature","properties":{"cons":"0191","motivo":"sin_npn"},"geometry":{"type":"Polygon","coordinates":[[[-73.29560905378922,10.477074313847693],[-73.29564613749208,10.477071149438862],[-73.29565103534794,10.477129468810086],[-73.29561382511751,10.477132122257093],[-73.29560905378922,10.477074313847693]]]}},
{"type":"Feature","properties":{"cons":"0179","motivo":"sin_npn"},"geometry":{"type":"Polygon","coordinates":[[[-73.29616362165737,10.477056053581348],[-73.29616288626221,10.477045760468348],[-73.29613797356596,10.477046023034351],[-73.29613623500953,10.477013697098295],[-73.29618583191541,10.47701174565153],[-73.296187069474,10.477041428938366],[-73.2961788464727,10.477042154760658],[-73.29617958391464,10.477054602387406],[-73.29616362165737,10.477056053581348]]]}},
{"type":"Feature","properties":{"cons":"0172","motivo":"sin_npn"},"geometry":{"type":"Polygon","coordinates":[[[-73.29660364003725,10.476873116641238],[-73.29662670290371,10.476868275335544],[-73.29663581549107,10.476912793500869],[-73.29661368787484,10.476916764063395],[-73.29660364003725,10.476873116641238]]]}},
{"type":"Feature","properties":{"cons":"0172","motivo":"sin_npn"},"geometry":{"type":"Polygon","coordinates":[[[-73.29657696481826,10.476951969804556],[-73.29664563730447,10.476940074880028],[-73.29665039071786,10.476978851731564],[-73.29663588141302,10.476982097024818],[-73.29663374622697,10.477025907498263],[-73.29658908152,10.477025949112836],[-73.29657696481826,10.476951969804556]]]}},
{"type":"Feature","properties":{"cons":"0171","motivo":"sin_npn"},"geometry":{"type":"Polygon","coordinates":[[[-73.29692688626868,10.477053369290447],[-73.29689026921166,10.477056914448426],[-73.29688843285376,10.477045132541491],[-73.29687966581113,10.477046038432185],[-73.29687874425876,10.477030778139738],[-73.29688902329222,10.477030170077308],[-73.29688567360841,10.477005037186377],[-73.29692316249829,10.477003506031778],[-73.29692688626868,10.477053369290447]]]}},
{"type":"Feature","properties":{"cons":"0171","motivo":"sin_npn"},"geometry":{"type":"Polygon","coordinates":[[[-73.29681325188886,10.477008567895803],[-73.29680761573898,10.476948553937468],[-73.29687745142677,10.476943102531656],[-73.29687832768444,10.476910783981008],[-73.29691732912353,10.476910149131712],[-73.296917370435,10.476953538642642],[-73.2969696757466,10.476953789093258],[-73.29696970880173,10.476988500701724],[-73.2968778004866,10.476992177282792],[-73.29687883807544,10.477002290568805],[-73.29681325188886,10.477008567895803]]]}},
{"type":"Feature","properties":{"cons":"0171","motivo":"sin_npn"},"geometry":{"type":"Polygon","coordinates":[[[-73.29693887740461,10.476996309655805],[-73.29696004072122,10.476995691438757],[-73.29696369759633,10.477025911092802],[-73.29694315480066,10.47702943633495],[-73.29693887740461,10.476996309655805]]]}},
{"type":"Feature","properties":{"cons":"0169","motivo":"sin_npn"},"geometry":{"type":"Polygon","coordinates":[[[-73.296973770607,10.477156078322494],[-73.29697338898954,10.477136328952865],[-73.2969276763418,10.477137807936625],[-73.29692656466331,10.477113391130814],[-73.29690588451496,10.477113410418676],[-73.29690585887391,10.477086478998396],[-73.29699909820204,10.477083519338606],[-73.29700416126025,10.477157957836175],[-73.296973770607,10.477156078322494]]]}},
{"type":"Feature","properties":{"cons":"0167","motivo":"sin_npn"},"geometry":{"type":"Polygon","coordinates":[[[-73.29682296334393,10.477206453596345],[-73.29688871184632,10.477202683224933],[-73.29689116841116,10.477242419775816],[-73.29682538072869,10.477244396248054],[-73.29682296334393,10.477206453596345]]]}},
{"type":"Feature","properties":{"cons":"0257","motivo":"sin_npn"},"geometry":{"type":"Polygon","coordinates":[[[-73.29692130256292,10.47682910986456],[-73.29692065077393,10.476770349891954],[-73.29691611565865,10.476770354121642],[-73.29691517302315,10.476732950216377],[-73.29695114875052,10.476729924279178],[-73.29695420635272,10.476765830020154],[-73.29694997500323,10.476767330158328],[-73.29694610326575,10.476828976854083],[-73.29692130256292,10.47682910986456]]]}},
{"type":"Feature","properties":{"cons":"0257","motivo":"sin_npn"},"geometry":{"type":"Polygon","coordinates":[[[-73.29712034421244,10.476824343664298],[-73.29713412982451,10.476823133844952],[-73.29713641238922,10.476839538535044],[-73.29712374685423,10.476841576612891],[-73.29712034421244,10.476824343664298]]]}},
{"type":"Feature","properties":{"cons":"0186","motivo":"sin_npn"},"geometry":{"type":"Polygon","coordinates":[[[-73.29594172606232,10.477040612112999],[-73.29598369994248,10.477038547113311],[-73.2959846833166,10.477056532402],[-73.29594238385339,10.477057531467057],[-73.29594172606232,10.477040612112999]]]}},
{"type":"Feature","properties":{"cons":"0185","motivo":"sin_npn"},"geometry":{"type":"Polygon","coordinates":[[[-73.29598221831822,10.477011449141767],[-73.29603718216113,10.477007669883871],[-73.29604275230922,10.477113399919219],[-73.29598805204665,10.477118144314955],[-73.29598221831822,10.477011449141767]]]}},
{"type":"Feature","properties":{"cons":"0186","motivo":"sin_npn"},"geometry":{"type":"Polygon","coordinates":[[[-73.29594238385336,10.477057531467077],[-73.29598468331663,10.477056532402],[-73.29598805204665,10.477118144314955],[-73.2959451039963,10.47712186938267],[-73.29594238385336,10.477057531467077]]]}},
{"type":"Feature","properties":{"cons":"0212","motivo":"sin_npn"},"geometry":{"type":"Polygon","coordinates":[[[-73.29588960015406,10.476949414087727],[-73.29603469267195,10.476945859994467],[-73.29603667083808,10.47699497458225],[-73.295910771072,10.476994851540477],[-73.29591014959921,10.476974315948345],[-73.29588894236619,10.476973567774664],[-73.29588960015406,10.476949414087727]]]}},
{"type":"Feature","properties":{"cons":"0211","motivo":"sin_npn"},"geometry":{"type":"Polygon","coordinates":[[[-73.29594814986571,10.476947979899512],[-73.29594621979966,10.476911502224258],[-73.29593776619474,10.476911611500217],[-73.29593680862013,10.476934552321763],[-73.29590415577007,10.476934582673639],[-73.29590265921668,10.476886825632251],[-73.29591608384553,10.476887531326048],[-73.29591720994739,10.476879506343284],[-73.29594599724342,10.476878850611323],[-73.29594658130273,10.47691012539208],[-73.29599120617917,10.476909365733212],[-73.2959923692857,10.476946896727853],[-73.29594814986571,10.476947979899512]]]}},
{"type":"Feature","properties":{"cons":"0209","motivo":"sin_npn"},"geometry":{"type":"Polygon","coordinates":[[[-73.29588786629803,10.477003633629174],[-73.29588687661128,10.477021163988107],[-73.29586899812183,10.477021823545424],[-73.29586898138557,10.477004183282583],[-73.29588786629803,10.477003633629174]]]}},
{"type":"Feature","properties":{"cons":"0209","motivo":"sin_npn"},"geometry":{"type":"Polygon","coordinates":[[[-73.29580775594835,10.476970964879317],[-73.2958607234085,10.476968042970885],[-73.2958607670958,10.477014091429494],[-73.29580900800359,10.477015969156128],[-73.29580775594835,10.476970964879317]]]}},
{"type":"Feature","properties":{"cons":"0208","motivo":"sin_npn"},"geometry":{"type":"Polygon","coordinates":[[[-73.29569836159372,10.476982510806387],[-73.2956983879288,10.476927377691046],[-73.29572499310338,10.476926455263225],[-73.29572652297028,10.476945605093448],[-73.29575615524773,10.476948569948949],[-73.29575528313056,10.476985377070191],[-73.29569836159372,10.476982510806387]]]}},
{"type":"Feature","properties":{"cons":"0207","motivo":"sin_npn"},"geometry":{"type":"Polygon","coordinates":[[[-73.29562246290637,10.476996927701142],[-73.29562183215177,10.476971003005396],[-73.29566944354522,10.47696965702272],[-73.29567036929392,10.476989405890889],[-73.29567671846048,10.47698939999403],[-73.29567704718758,10.477017228850844],[-73.2956344167818,10.477016969203714],[-73.29563409486676,10.476996322059717],[-73.29562246290637,10.476996927701142]]]}},
{"type":"Feature","properties":{"cons":"0207","motivo":"sin_npn"},"geometry":{"type":"Polygon","coordinates":[[[-73.29562035388071,10.4769102444394],[-73.29566393842047,10.476903231232074],[-73.29566880368279,10.476932552067348],[-73.29562103671562,10.476938309710977],[-73.29562035388071,10.4769102444394]]]}},
{"type":"Feature","properties":{"cons":"0204","motivo":"sin_npn"},"geometry":{"type":"Polygon","coordinates":[[[-73.2954461508116,10.47699820109366],[-73.29551039249564,10.476995438822605],[-73.29551257729943,10.477038185744838],[-73.295483195904,10.477040677606663],[-73.29548403550511,10.477057822138805],[-73.29545017377124,10.477061284483163],[-73.2954461508116,10.47699820109366]]]}},
{"type":"Feature","properties":{"cons":"0203","motivo":"sin_npn"},"geometry":{"type":"Polygon","coordinates":[[[-73.29541554889855,10.476946606505473],[-73.29544280815041,10.476945785331955],[-73.29545066568228,10.477069902089937],[-73.29541733958567,10.47706879567255],[-73.29541554889855,10.476946606505473]]]}},
{"type":"Feature","properties":{"cons":"0220","motivo":"sin_npn"},"geometry":{"type":"Polygon","coordinates":[[[-73.29521721832033,10.476849533876452],[-73.29530041769802,10.476850575524306],[-73.29530142765421,10.47687649744933],[-73.29521659547359,10.4768742837194],[-73.29521721832033,10.476849533876452]]]}},
{"type":"Feature","properties":{"cons":"0223","motivo":"sin_npn"},"geometry":{"type":"Polygon","coordinates":[[[-73.29535334804925,10.476748130456345],[-73.2953545898872,10.47670656530856],[-73.29539289406564,10.47670653741929],[-73.2953926457543,10.476749143472697],[-73.29535334804925,10.476748130456345]]]}},
{"type":"Feature","properties":{"cons":"0219","motivo":"sin_npn"},"geometry":{"type":"Polygon","coordinates":[[[-73.29532343762486,10.476864138465348],[-73.29532548812556,10.476814740320748],[-73.2953562410775,10.476815534401378],[-73.29535396571212,10.476864755230155],[-73.29532343762486,10.476864138465348]]]}},
{"type":"Feature","properties":{"cons":"0218","motivo":"sin_npn"},"geometry":{"type":"Polygon","coordinates":[[[-73.29538339647968,10.47679204499611],[-73.29541488509159,10.4767919877866],[-73.29541549080326,10.47681860746481],[-73.2954423877937,10.476819348555056],[-73.2954429900606,10.476842329498433],[-73.29542809123409,10.476842917862118],[-73.2954275147442,10.47686647670412],[-73.29538047892224,10.47686654562122],[-73.29538339647968,10.47679204499611]]]}},
{"type":"Feature","properties":{"cons":"0216","motivo":"sin_npn"},"geometry":{"type":"Polygon","coordinates":[[[-73.29550293007779,10.476810475917897],[-73.29551659127587,10.476809182186484],[-73.29551657276514,10.476789647926783],[-73.2955527565819,10.476789231312019],[-73.29555474637823,10.476847066245073],[-73.29550401197118,10.476850203502604],[-73.29550293007779,10.476810475917897]]]}},
{"type":"Feature","properties":{"cons":"0213","motivo":"sin_npn"},"geometry":{"type":"Polygon","coordinates":[[[-73.29566136975704,10.476805997750851],[-73.29572773632029,10.476798468891515],[-73.29573067166596,10.476833129929991],[-73.29566173301139,10.476840679762896],[-73.29566136975704,10.476805997750851]]]}},
{"type":"Feature","properties":{"cons":"0225","motivo":"sin_npn"},"geometry":{"type":"Polygon","coordinates":[[[-73.29544856030934,10.476722516284626],[-73.2954482110111,10.476700426937668],[-73.2954979479927,10.47669462393508],[-73.29549623227648,10.47672182030538],[-73.29546276851079,10.476733916652828],[-73.29545696138588,10.476731623891999],[-73.29545482492179,10.47672319932385],[-73.29544856030934,10.476722516284626]]]}},
{"type":"Feature","properties":{"cons":"0232","motivo":"sin_npn"},"geometry":{"type":"Polygon","coordinates":[[[-73.29586348985994,10.476796613753665],[-73.295887934453,10.476795794509302],[-73.29588863890524,10.476816822083718],[-73.29586449836594,10.476815630613878],[-73.29586348985994,10.476796613753665]]]}},
{"type":"Feature","properties":{"cons":"0234","motivo":"sin_npn"},"geometry":{"type":"Polygon","coordinates":[[[-73.29587750384455,10.476741692076777],[-73.29583009243528,10.476742277583057],[-73.29583006181026,10.476720145749278],[-73.29587674121628,10.476717947854166],[-73.29587750384455,10.476741692076777]]]}},
{"type":"Feature","properties":{"cons":"0234","motivo":"sin_npn"},"geometry":{"type":"Polygon","coordinates":[[[-73.2958262815881,10.476683603690583],[-73.29582621480176,10.47674232546952],[-73.29578238187281,10.476742866776581],[-73.2957800837753,10.476683526919581],[-73.2958262815881,10.476683603690583]]]}},
{"type":"Feature","properties":{"cons":"0230","motivo":"sin_npn"},"geometry":{"type":"Polygon","coordinates":[[[-73.29598071450813,10.476747558546334],[-73.2960030331037,10.476746641036781],[-73.29600606298729,10.476846756051271],[-73.29598416591713,10.476847712965737],[-73.29598071450813,10.476747558546334]]]}},
{"type":"Feature","properties":{"cons":"0244","motivo":"sin_npn"},"geometry":{"type":"Polygon","coordinates":[[[-73.29610342403701,10.476868078409193],[-73.29615179549256,10.476864741793946],[-73.29615182135211,10.476891972454531],[-73.29610556315507,10.476892015483104],[-73.29610342403701,10.476868078409193]]]}},
{"type":"Feature","properties":{"cons":"0244","motivo":"sin_npn"},"geometry":{"type":"Polygon","coordinates":[[[-73.29615477255862,10.476804780055335],[-73.29619348726358,10.476800860643701],[-73.29619671230004,10.476853029713434],[-73.2961582570106,10.476855698786627],[-73.29615477255862,10.476804780055335]]]}},
{"type":"Feature","properties":{"cons":"0244","motivo":"sin_npn"},"geometry":{"type":"Polygon","coordinates":[[[-73.29615477255862,10.476804780055335],[-73.2961565459405,10.476836788518263],[-73.29613091037012,10.47683992444336],[-73.29612751075189,10.476807539991945],[-73.29615477255862,10.476804780055335]]]}},
{"type":"Feature","properties":{"cons":"0245","motivo":"sin_npn"},"geometry":{"type":"Polygon","coordinates":[[[-73.29617155304715,10.47680308122747],[-73.29608578294477,10.476811764435972],[-73.29608175437677,10.4767811997625],[-73.29616857831441,10.476772261548668],[-73.29617155304715,10.47680308122747]]]}},
{"type":"Feature","properties":{"cons":"0245","motivo":"sin_npn"},"geometry":{"type":"Polygon","coordinates":[[[-73.29613116503043,10.476776113115402],[-73.2961008464681,10.476779234302052],[-73.2960993860918,10.47675485039401],[-73.29613082705787,10.476752187852904],[-73.29613116503043,10.476776113115402]]]}},
{"type":"Feature","properties":{"cons":"0248","motivo":"sin_npn"},"geometry":{"type":"Polygon","coordinates":[[[-73.29614955751977,10.4765205236623],[-73.29618495649332,10.47651784606575],[-73.29618775587203,10.476548413462094],[-73.29619259332519,10.476548408961587],[-73.29619262231371,10.476578931240919],[-73.29611945923688,10.476582590159886],[-73.29611792252918,10.476556258618915],[-73.29615238512152,10.476551737988203],[-73.29614955751977,10.4765205236623]]]}},
{"type":"Feature","properties":{"cons":"0249","motivo":"sin_npn"},"geometry":{"type":"Polygon","coordinates":[[[-73.29624347195167,10.476574574897143],[-73.29627611998708,10.476569517312585],[-73.29628876432642,10.476655028360353],[-73.29625371110689,10.476659309654353],[-73.29624347195167,10.476574574897143]]]}},
{"type":"Feature","properties":{"cons":"0250","motivo":"sin_npn"},"geometry":{"type":"Polygon","coordinates":[[[-73.29628757869031,10.476537667694085],[-73.29634076118994,10.476532325197839],[-73.29634994271301,10.47660581482218],[-73.29629877806866,10.47661474105584],[-73.29628757869031,10.476537667694085]]]}},
{"type":"Feature","properties":{"cons":"0250","motivo":"sin_npn"},"geometry":{"type":"Polygon","coordinates":[[[-73.29630072032857,10.476622399748475],[-73.29632079371656,10.476620226549793],[-73.29632201877496,10.47663674336337],[-73.2963030725963,10.476639294694758],[-73.29630072032857,10.476622399748475]]]}},
{"type":"Feature","properties":{"cons":"0251","motivo":"sin_npn"},"geometry":{"type":"Polygon","coordinates":[[[-73.29634678502386,10.4765163387403],[-73.2963736290182,10.47651224411106],[-73.29638942377011,10.476589073800536],[-73.29635978814547,10.476593945877195],[-73.29634678502386,10.4765163387403]]]}},
{"type":"Feature","properties":{"cons":"0253","motivo":"sin_npn"},"geometry":{"type":"Polygon","coordinates":[[[-73.29646743249242,10.476512892694107],[-73.2965350894768,10.476501919661485],[-73.29653753181897,10.47652675416463],[-73.29652967238101,10.476528257676568],[-73.29653212126716,10.476559974654268],[-73.29647632164541,10.476566430057558],[-73.29646743249242,10.476512892694107]]]}},
{"type":"Feature","properties":{"cons":"0253","motivo":"sin_npn"},"geometry":{"type":"Polygon","coordinates":[[[-73.29654638705595,10.476618612070903],[-73.29657741629163,10.476616461161175],[-73.29657775108303,10.476642139101063],[-73.29654738480507,10.476643620982124],[-73.29654638705595,10.476618612070903]]]}},
{"type":"Feature","properties":{"cons":"0254","motivo":"sin_npn"},"geometry":{"type":"Polygon","coordinates":[[[-73.29660574910272,10.476599944149925],[-73.29663525757071,10.476599916656802],[-73.29663528944897,10.476633431315042],[-73.2966057809778,10.476633458808253],[-73.29660574910272,10.476599944149925]]]}},
{"type":"Feature","properties":{"cons":"0254","motivo":"sin_npn"},"geometry":{"type":"Polygon","coordinates":[[[-73.29657556463938,10.476474442365701],[-73.29660660647976,10.476471269835821],[-73.29660959538685,10.476575043941073],[-73.29657685169487,10.476573157511217],[-73.29657556463938,10.476474442365701]]]}},
{"type":"Feature","properties":{"cons":"0256","motivo":"sin_npn"},"geometry":{"type":"Polygon","coordinates":[[[-73.29674746781033,10.476496060479064],[-73.29677628289625,10.476495410912305],[-73.2967768504751,10.476583506133707],[-73.29674264247176,10.476582894481224],[-73.29674746781033,10.476496060479064]]]}},
{"type":"Feature","properties":{"cons":"0256","motivo":"sin_npn"},"geometry":{"type":"Polygon","coordinates":[[[-73.2967990788391,10.476558349396148],[-73.29679907200432,10.476551167683768],[-73.29678988084373,10.47655117625218],[-73.29678864983782,10.47652843529032],[-73.29680122721449,10.47652842356513],[-73.29679901276971,10.476488926176165],[-73.29682881141989,10.476484654240947],[-73.29683320652678,10.476556300783733],[-73.2967990788391,10.476558349396148]]]}},
{"type":"Feature","properties":{"cons":"0273","motivo":"sin_npn"},"geometry":{"type":"Polygon","coordinates":[[[-73.29536151937687,10.476588919738],[-73.29536124153783,10.476614480489205],[-73.29534302501756,10.476614500008306],[-73.29534300234658,10.4765905609639],[-73.29536151937687,10.476588919738]]]}},
{"type":"Feature","properties":{"cons":"0274","motivo":"sin_npn"},"geometry":{"type":"Polygon","coordinates":[[[-73.29524410826384,10.47656042962107],[-73.29524405585516,10.4765050705801],[-73.29525977757707,10.476505055999842],[-73.2952606993314,10.476520615537721],[-73.2952978852689,10.476518486380138],[-73.29530143440601,10.476554316461584],[-73.29524410826384,10.47656042962107]]]}},
{"type":"Feature","properties":{"cons":"0274","motivo":"sin_npn"},"geometry":{"type":"Polygon","coordinates":[[[-73.29532785035546,10.476478136911531],[-73.2953378071493,10.476478728532445],[-73.29533931559581,10.476528622051996],[-73.29535964017458,10.476528603196797],[-73.29536182701976,10.476560617078356],[-73.29530651175796,10.476565790000377],[-73.29530634061122,10.476507705957788],[-73.29532538553173,10.476504995146918],[-73.29532785035546,10.476478136911531]]]}},
{"type":"Feature","properties":{"cons":"0276","motivo":"sin_npn"},"geometry":{"type":"Polygon","coordinates":[[[-73.29520867779974,10.476371256733417],[-73.29528655586108,10.476367680773857],[-73.29528779865646,10.476402989743397],[-73.29530261250106,10.47640207828823],[-73.29530267448558,10.476442186476238],[-73.29520926758761,10.476443731214577],[-73.29520867779974,10.476371256733417]]]}},
{"type":"Feature","properties":{"cons":"0276","motivo":"sin_npn"},"geometry":{"type":"Polygon","coordinates":[[[-73.29533192254713,10.476384096801109],[-73.29537696932543,10.476381960342605],[-73.29538018561033,10.476413987806115],[-73.29533376917908,10.47641850749513],[-73.29533192254713,10.476384096801109]]]}},
{"type":"Feature","properties":{"cons":"0277","motivo":"sin_npn"},"geometry":{"type":"Polygon","coordinates":[[[-73.29520786700613,10.476337700986956],[-73.29519900549434,10.47633734738071],[-73.29519820576138,10.47631015334305],[-73.2952062072124,10.476309736000944],[-73.29520786700613,10.476337700986956]]]}},
{"type":"Feature","properties":{"cons":"0278","motivo":"sin_npn"},"geometry":{"type":"Polygon","coordinates":[[[-73.2952062072124,10.476309736000944],[-73.29519820576138,10.47631015334305],[-73.29519820122955,10.476305365533996],[-73.29518330224661,10.476305762373233],[-73.29518327505701,10.476277035518919],[-73.29520416022275,10.47627524734854],[-73.2952062072124,10.476309736000944]]]}},
{"type":"Feature","properties":{"cons":"0279","motivo":"sin_npn"},"geometry":{"type":"Polygon","coordinates":[[[-73.2952476750388,10.4762737485378],[-73.29519497828349,10.476276033498674],[-73.2951934576376,10.476246096804264],[-73.29524615532326,10.476244149643035],[-73.2952476750388,10.4762737485378]]]}},
{"type":"Feature","properties":{"cons":"0280","motivo":"sin_npn"},"geometry":{"type":"Polygon","coordinates":[[[-73.29521982949214,10.476244825463352],[-73.2951934576376,10.476246096804264],[-73.2951902505443,10.476195153759779],[-73.29525919384473,10.47619142855398],[-73.29525920832353,10.476205243665296],[-73.29524043993075,10.476206218633076],[-73.29524124039213,10.476234178720134],[-73.2952199559804,10.476234581482357],[-73.29521982949214,10.476244825463352]]]}},
{"type":"Feature","properties":{"cons":"0282","motivo":"sin_npn"},"geometry":{"type":"Polygon","coordinates":[[[-73.29519368435257,10.47609595819642],[-73.29519658551617,10.476147625012516],[-73.29517436502309,10.476147799633175],[-73.29517159524691,10.476096333208062],[-73.29519368435257,10.47609595819642]]]}},
{"type":"Feature","properties":{"cons":"0285","motivo":"sin_npn"},"geometry":{"type":"Polygon","coordinates":[[[-73.2953446682701,10.476185525592586],[-73.29540010404925,10.47618461010253],[-73.29539894077803,10.47622982203642],[-73.29534549014512,10.476233223094482],[-73.29534547923807,10.476241261936167],[-73.29533056740907,10.476241742826726],[-73.2953304922408,10.476231321881935],[-73.29534693911266,10.476230827843734],[-73.2953446682701,10.476185525592586]]]}},
{"type":"Feature","properties":{"cons":"0288","motivo":"sin_npn"},"geometry":{"type":"Polygon","coordinates":[[[-73.29562523069201,10.476333712800631],[-73.29550069113408,10.47633602955591],[-73.29549906761622,10.476275092921217],[-73.29557621489329,10.476273745039318],[-73.29557665809311,10.47629509453009],[-73.29562472996373,10.476294750658337],[-73.29562523069201,10.476333712800631]]]}},
{"type":"Feature","properties":{"cons":"0289","motivo":"sin_npn"},"geometry":{"type":"Polygon","coordinates":[[[-73.29547797377943,10.476203959093825],[-73.29550774219068,10.476202215081642],[-73.29551103128527,10.476227348047761],[-73.29547911092814,10.476228467424015],[-73.29547797377943,10.476203959093825]]]}},
{"type":"Feature","properties":{"cons":"0293","motivo":"sin_npn"},"geometry":{"type":"Polygon","coordinates":[[[-73.29560194562801,10.476334145966263],[-73.29565557446843,10.476333148321164],[-73.29565775598988,10.476398212559014],[-73.29560551322008,10.476400056500493],[-73.29560194562801,10.476334145966263]]]}},
{"type":"Feature","properties":{"cons":"0293","motivo":"sin_npn"},"geometry":{"type":"Polygon","coordinates":[[[-73.2954036464032,10.476446676512865],[-73.29547240048058,10.476440397697496],[-73.29547422677258,10.476453323097875],[-73.29545681704825,10.476458725544893],[-73.29545792316496,10.47647739698944],[-73.2954070789449,10.476481533184192],[-73.2954036464032,10.476446676512865]]]}},
{"type":"Feature","properties":{"cons":"0294","motivo":"sin_npn"},"geometry":{"type":"Polygon","coordinates":[[[-73.29568715792688,10.476458879676455],[-73.29568424923781,10.476404884041864],[-73.2956954949174,10.476405359229602],[-73.29569953586355,10.476458141114739],[-73.29568715792688,10.476458879676455]]]}},
{"type":"Feature","properties":{"cons":"0295","motivo":"sin_npn"},"geometry":{"type":"Polygon","coordinates":[[[-73.29572250917485,10.476491484307294],[-73.29568898653658,10.476492825175699],[-73.29568755941287,10.476466332684844],[-73.29569990514139,10.476464963405277],[-73.295699909908,10.476469990604484],[-73.29572058797295,10.476467816882174],[-73.29572250917485,10.476491484307294]]]}},
{"type":"Feature","properties":{"cons":"0296","motivo":"sin_npn"},"geometry":{"type":"Polygon","coordinates":[[[-73.2954317488891,10.476490151398277],[-73.29547257095635,10.476485784168215],[-73.29547375723956,10.47653980580111],[-73.29543583487094,10.476543288219876],[-73.2954317488891,10.476490151398277]]]}},
{"type":"Feature","properties":{"cons":"0271","motivo":"sin_npn"},"geometry":{"type":"Polygon","coordinates":[[[-73.29552533051385,10.476545472833395],[-73.29555458375253,10.476543770616676],[-73.29555929837139,10.476630902657819],[-73.29552836099765,10.476630149028772],[-73.29552533051385,10.476545472833395]]]}},
{"type":"Feature","properties":{"cons":"0267","motivo":"sin_npn"},"geometry":{"type":"Polygon","coordinates":[[[-73.29577519381465,10.476573115332373],[-73.29577715030828,10.476605281000287],[-73.29574411855243,10.476606804385689],[-73.29574249140914,10.476574344525536],[-73.29577519381465,10.476573115332373]]]}},
{"type":"Feature","properties":{"cons":"0266","motivo":"sin_npn"},"geometry":{"type":"Polygon","coordinates":[[[-73.29584917454676,10.4765498689042],[-73.29585488084285,10.4766294777093],[-73.29581576641299,10.476629180693266],[-73.29581206565983,10.476552579125418],[-73.29584917454676,10.4765498689042]]]}},
{"type":"Feature","properties":{"cons":"0298","motivo":"sin_npn"},"geometry":{"type":"Polygon","coordinates":[[[-73.2957903302643,10.476491913791396],[-73.29579030540229,10.476465700538586],[-73.29582876416791,10.47646674206278],[-73.29582956545897,10.476491877336112],[-73.2957903302643,10.476491913791396]]]}},
{"type":"Feature","properties":{"cons":"0299","motivo":"sin_npn"},"geometry":{"type":"Polygon","coordinates":[[[-73.29574342972836,10.476388420906913],[-73.29574495615452,10.47642066153048],[-73.29572162609963,10.476421415592354],[-73.29571972323605,10.476389696075374],[-73.29574342972836,10.476388420906913]]]}},
{"type":"Feature","properties":{"cons":"0300","motivo":"sin_npn"},"geometry":{"type":"Polygon","coordinates":[[[-73.29585498939359,10.476314380967318],[-73.29585649907813,10.476373232056966],[-73.29581744115174,10.476374514523132],[-73.29581692999992,10.476315298575559],[-73.29585498939359,10.476314380967318]]]}},
{"type":"Feature","properties":{"cons":"0302","motivo":"sin_npn"},"geometry":{"type":"Polygon","coordinates":[[[-73.29574657333458,10.476134616727936],[-73.29579926967408,10.476132971125354],[-73.2958011201584,10.476171391605764],[-73.29574802140107,10.476174739693311],[-73.29574657333458,10.476134616727936]]]}},
{"type":"Feature","properties":{"cons":"0302","motivo":"sin_npn"},"geometry":{"type":"Polygon","coordinates":[[[-73.29582006931015,10.476258990977795],[-73.29581896760071,10.47624498764845],[-73.29579429661277,10.476245010570665],[-73.29579352161277,10.47619294382407],[-73.29584394757799,10.47618822885308],[-73.29584741327363,10.4762581042983],[-73.29582006931015,10.476258990977795]]]}},
{"type":"Feature","properties":{"cons":"0258","motivo":"sin_npn"},"geometry":{"type":"Polygon","coordinates":[[[-73.29587057715557,10.476084378150393],[-73.29586812992049,10.476133133493969],[-73.29585034029783,10.47613398759284],[-73.29584613591132,10.476085698187454],[-73.29587057715557,10.476084378150393]]]}},
{"type":"Feature","properties":{"cons":"0259","motivo":"sin_npn"},"geometry":{"type":"Polygon","coordinates":[[[-73.29596102536584,10.476191442551489],[-73.29586025818821,10.476198044049756],[-73.2958595479381,10.476187783453247],[-73.29588300842387,10.47618656469782],[-73.2958834699114,10.476163103985273],[-73.29596010671162,10.476160030703769],[-73.29596102536584,10.476191442551489]]]}},
{"type":"Feature","properties":{"cons":"0261","motivo":"sin_npn"},"geometry":{"type":"Polygon","coordinates":[[[-73.29592965696106,10.4762614234752],[-73.29595972528787,10.476259567047014],[-73.29596002947822,10.476297809759966],[-73.29593028030033,10.476299034366749],[-73.29592965696106,10.4762614234752]]]}},
{"type":"Feature","properties":{"cons":"0262","motivo":"sin_npn"},"geometry":{"type":"Polygon","coordinates":[[[-73.29588337248501,10.476315356528602],[-73.29596246069774,10.47631097398547],[-73.29596735448868,10.476370338316277],[-73.29592817431978,10.476373726205999],[-73.29592818840331,10.476388568412974],[-73.29590657008676,10.476388464828249],[-73.29590616619106,10.476376140568494],[-73.29588633196217,10.476375440830662],[-73.29588337248501,10.476315356528602]]]}},
{"type":"Feature","properties":{"cons":"0305","motivo":"sin_npn"},"geometry":{"type":"Polygon","coordinates":[[[-73.2960441834961,10.476351921503568],[-73.29609169635857,10.476348188786082],[-73.29609708909655,10.47639922076037],[-73.29604893205361,10.476404182992152],[-73.2960441834961,10.476351921503568]]]}},
{"type":"Feature","properties":{"cons":"0305","motivo":"sin_npn"},"geometry":{"type":"Polygon","coordinates":[[[-73.29604893205361,10.476404182992152],[-73.29603974745527,10.476404793134948],[-73.29603517854358,10.476369188025137],[-73.29604575146472,10.476369178193787],[-73.29604893205361,10.476404182992152]]]}},
{"type":"Feature","properties":{"cons":"0306","motivo":"sin_npn"},"geometry":{"type":"Polygon","coordinates":[[[-73.29603722156658,10.476275300134802],[-73.29604956989978,10.476273563017166],[-73.29604700774209,10.476249865725755],[-73.29609307591691,10.476240845735752],[-73.29613044520596,10.476240810979537],[-73.2961322752743,10.47625768631773],[-73.29614170932213,10.476258754800522],[-73.29614170011587,10.476249059487987],[-73.29617435698559,10.476253338141468],[-73.29617618194118,10.47626482719462],[-73.29618633921949,10.476263381401521],[-73.29618962291288,10.476282768988666],[-73.29614137822395,10.476292150103193],[-73.29613774229475,10.476283894508049],[-73.2960630149554,10.47629581384452],[-73.29606302143216,10.476302636471873],[-73.2960400022967,10.47630590420589],[-73.29603722156658,10.476275300134802]]]}},
{"type":"Feature","properties":{"cons":"0308","motivo":"sin_npn"},"geometry":{"type":"Polygon","coordinates":[[[-73.29602493070404,10.476140029667121],[-73.2960123529397,10.47614103505162],[-73.29600990922306,10.476114704352414],[-73.29602262357051,10.476114637859238],[-73.29602493070404,10.476140029667121]]]}},
{"type":"Feature","properties":{"cons":"0312","motivo":"sin_npn"},"geometry":{"type":"Polygon","coordinates":[[[-73.29630741565502,10.476039283989337],[-73.29630728245645,10.476073780797472],[-73.29626440362044,10.47607593213073],[-73.29626300651029,10.47604303845421],[-73.29630741565502,10.476039283989337]]]}},
{"type":"Feature","properties":{"cons":"0312","motivo":"sin_npn"},"geometry":{"type":"Polygon","coordinates":[[[-73.29626300651029,10.47604303845421],[-73.29626254661775,10.476033987825598],[-73.29630724115378,10.476030307495071],[-73.29630741565502,10.476039283989337],[-73.29626300651029,10.47604303845421]]]}},
{"type":"Feature","properties":{"cons":"0315","motivo":"sin_npn"},"geometry":{"type":"Polygon","coordinates":[[[-73.29631645088556,10.476108853924707],[-73.2963487721771,10.476108272286494],[-73.29635063467111,10.476159260759463],[-73.29631818195905,10.476161730627414],[-73.29631645088556,10.476108853924707]]]}},
{"type":"Feature","properties":{"cons":"0315","motivo":"sin_npn"},"geometry":{"type":"Polygon","coordinates":[[[-73.29639689977166,10.476272152306283],[-73.29639375216362,10.476226788629933],[-73.29642972897715,10.476224959705208],[-73.29643219008008,10.476269543920024],[-73.29639689977166,10.476272152306283]]]}},
{"type":"Feature","properties":{"cons":"0313","motivo":"sin_npn"},"geometry":{"type":"Polygon","coordinates":[[[-73.29626041489074,10.47624275241432],[-73.29625859686799,10.476238564769819],[-73.29624378218251,10.476238578555062],[-73.296238560556,10.47621005787001],[-73.29628758971822,10.476205023099881],[-73.29629245929048,10.47623883249615],[-73.29626041489074,10.47624275241432]]]}},
{"type":"Feature","properties":{"cons":"0314","motivo":"sin_npn"},"geometry":{"type":"Polygon","coordinates":[[[-73.2962597840451,10.476342519050817],[-73.29625904435731,10.476300065845422],[-73.29632293314563,10.476300267681173],[-73.29632388224678,10.476344554065994],[-73.2962597840451,10.476342519050817]]]}},
{"type":"Feature","properties":{"cons":"0328","motivo":"sin_npn"},"geometry":{"type":"Polygon","coordinates":[[[-73.29656926504475,10.47630912167114],[-73.29660871177428,10.476306644656653],[-73.29661785193767,10.47641825052809],[-73.29658096490536,10.476421397187101],[-73.29656926504475,10.47630912167114]]]}},
{"type":"Feature","properties":{"cons":"0327","motivo":"sin_npn"},"geometry":{"type":"Polygon","coordinates":[[[-73.29663741098986,10.476310208777482],[-73.29665733155453,10.476310190216248],[-73.29665658817567,10.476291518439591],[-73.29667835498805,10.476289702727035],[-73.29668787683049,10.4763830562001],[-73.29664351857745,10.476386336969185],[-73.29663741098986,10.476310208777482]]]}},
{"type":"Feature","properties":{"cons":"0327","motivo":"sin_npn"},"geometry":{"type":"Polygon","coordinates":[[[-73.29673014539237,10.476356000822861],[-73.29673461506783,10.476387888021135],[-73.29670748148637,10.4763966831959],[-73.29669438962465,10.476364377661566],[-73.29673014539237,10.476356000822861]]]}},
{"type":"Feature","properties":{"cons":"0326","motivo":"sin_npn"},"geometry":{"type":"Polygon","coordinates":[[[-73.29680362070562,10.476386428341774],[-73.29676915180536,10.476389084910915],[-73.2967662182408,10.476356410824541],[-73.29679777815905,10.47635171328748],[-73.29680362070562,10.476386428341774]]]}},
{"type":"Feature","properties":{"cons":"0318","motivo":"sin_npn"},"geometry":{"type":"Polygon","coordinates":[[[-73.29663117337667,10.476248586489538],[-73.29662308540198,10.476178318963774],[-73.29671287474679,10.476175460699572],[-73.29671621670538,10.476224796909817],[-73.29667938579894,10.47622913593642],[-73.29668122830803,10.476259058048557],[-73.29664615908372,10.476261484632717],[-73.2966461465601,10.476248318159564],[-73.29663117337667,10.476248586489538]]]}},
{"type":"Feature","properties":{"cons":"0318","motivo":"sin_npn"},"geometry":{"type":"Polygon","coordinates":[[[-73.29661359541267,10.47609587082741],[-73.29664720962413,10.476094508686305],[-73.29665025978284,10.476122634244025],[-73.29661690979817,10.476124665903395],[-73.29661359541267,10.47609587082741]]]}},
{"type":"Feature","properties":{"cons":"0319","motivo":"sin_npn"},"geometry":{"type":"Polygon","coordinates":[[[-73.29677248865235,10.476083020878686],[-73.29676993498408,10.476068300735053],[-73.29675977634864,10.47606831020403],[-73.29674957432165,10.476022715797281],[-73.29677786961477,10.476018739477697],[-73.29678779312172,10.476079063160643],[-73.29677248865235,10.476083020878686]]]}},
{"type":"Feature","properties":{"cons":"0320","motivo":"sin_npn"},"geometry":{"type":"Polygon","coordinates":[[[-73.29678699856922,10.476016570608216],[-73.29681015374854,10.47601260492129],[-73.29682036125189,10.476063944695992],[-73.29681528193424,10.476063949431325],[-73.29680910598978,10.476055337126128],[-73.29679713331281,10.476055348287415],[-73.29678699856922,10.476016570608216]]]}},
{"type":"Feature","properties":{"cons":"0325","motivo":"sin_npn"},"geometry":{"type":"Polygon","coordinates":[[[-73.29679860086954,10.476199579775196],[-73.29679824704442,10.476239525459583],[-73.29676864742034,10.476240304104572],[-73.29676860869512,10.476199607733335],[-73.29679860086954,10.476199579775196]]]}},
{"type":"Feature","properties":{"cons":"0324","motivo":"sin_npn"},"geometry":{"type":"Polygon","coordinates":[[[-73.29683466478998,10.476174920837176],[-73.29686900268871,10.476166510148726],[-73.29687263738226,10.47617344908779],[-73.29688981009137,10.476173193683874],[-73.29689517914044,10.476223460709216],[-73.296840673473,10.476230608723629],[-73.29683466478998,10.476174920837176]]]}},
{"type":"Feature","properties":{"cons":"0337","motivo":"sin_npn"},"geometry":{"type":"Polygon","coordinates":[[[-73.29525016410263,10.475965108990344],[-73.29534727036933,10.475963170622485],[-73.295347975293,10.476001181159207],[-73.29525163544855,10.47600463280517],[-73.29525016410263,10.475965108990344]]]}},
{"type":"Feature","properties":{"cons":"0337","motivo":"sin_npn"},"geometry":{"type":"Polygon","coordinates":[[[-73.29525163544855,10.47600463280517],[-73.29522407675022,10.476005836570078],[-73.2952221034762,10.475965381377206],[-73.29525016410263,10.475965108990344],[-73.29525163544855,10.47600463280517]]]}},
{"type":"Feature","properties":{"cons":"0338","motivo":"sin_npn"},"geometry":{"type":"Polygon","coordinates":[[[-73.29531337072926,10.475926216799406],[-73.29525797715804,10.475927397190684],[-73.29525673614619,10.475910624555647],[-73.29526931236656,10.475909415939372],[-73.2952668419719,10.475854837158366],[-73.2953222313719,10.475855503958094],[-73.29532590751027,10.475906251369352],[-73.29531333015694,10.475906263035574],[-73.29531337072926,10.475926216799406]]]}},
{"type":"Feature","properties":{"cons":"0339","motivo":"sin_npn"},"geometry":{"type":"Polygon","coordinates":[[[-73.29544267542968,10.475858306853496],[-73.29544364381944,10.47589033657637],[-73.29541127387725,10.475890851171474],[-73.29541056458649,10.475908087957421],[-73.29537259246814,10.475910038312637],[-73.29537278763671,10.475860723654634],[-73.29544267542968,10.475858306853496]]]}},
{"type":"Feature","properties":{"cons":"0340","motivo":"sin_npn"},"geometry":{"type":"Polygon","coordinates":[[[-73.29544443486434,10.475916500568532],[-73.29544350400204,10.475885712082924],[-73.29549858208294,10.475884530235655],[-73.29550052128488,10.475944079933901],[-73.29547834246169,10.47594339503323],[-73.29547833361656,10.475934058805585],[-73.2954737380448,10.475934063070511],[-73.2954737210352,10.4759161087867],[-73.29544443486434,10.475916500568532]]]}},
{"type":"Feature","properties":{"cons":"0340","motivo":"sin_npn"},"geometry":{"type":"Polygon","coordinates":[[[-73.29544906712623,10.475981245215243],[-73.29544954983822,10.475949703296257],[-73.29547085145396,10.47595082309575],[-73.29547208961795,10.475981224560709],[-73.29544906712623,10.475981245215243]]]}},
{"type":"Feature","properties":{"cons":"0341","motivo":"sin_npn"},"geometry":{"type":"Polygon","coordinates":[[[-73.29554318728316,10.475864775879277],[-73.29550146048126,10.475866863225768],[-73.2955008083033,10.475849712586307],[-73.29552408764528,10.475848793264424],[-73.29552424539581,10.475841448046861],[-73.29554191834235,10.47584099651704],[-73.29554318728316,10.475864775879277]]]}},
{"type":"Feature","properties":{"cons":"0342","motivo":"sin_npn"},"geometry":{"type":"Polygon","coordinates":[[[-73.29554928686228,10.475893341901536],[-73.29554773717122,10.475855950644291],[-73.29559847211694,10.475858000600505],[-73.29559640253144,10.475907376845598],[-73.2955837042423,10.475907388634782],[-73.29558369261477,10.475895119874284],[-73.29554928686228,10.475893341901536]]]}},
{"type":"Feature","properties":{"cons":"0343","motivo":"sin_npn"},"geometry":{"type":"Polygon","coordinates":[[[-73.29570309207581,10.475873523691481],[-73.2957055504188,10.475973112113767],[-73.2956631620996,10.475974104850795],[-73.29565871308604,10.4758735649058],[-73.29570309207581,10.475873523691481]]]}},
{"type":"Feature","properties":{"cons":"0349","motivo":"sin_npn"},"geometry":{"type":"Polygon","coordinates":[[[-73.2958820652368,10.47587320748932],[-73.29594730272328,10.475869709599491],[-73.2959480941145,10.475898381173607],[-73.29588356135582,10.475902988600966],[-73.2958820652368,10.47587320748932]]]}},
{"type":"Feature","properties":{"cons":"0353","motivo":"sin_npn"},"geometry":{"type":"Polygon","coordinates":[[[-73.29608427533152,10.475947138470453],[-73.29602543061591,10.475952081682438],[-73.29602088148128,10.475908410829042],[-73.29608074143312,10.475904764308243],[-73.29608427533152,10.475947138470453]]]}},
{"type":"Feature","properties":{"cons":"0354","motivo":"sin_npn"},"geometry":{"type":"Polygon","coordinates":[[[-73.29601470705957,10.475834202128894],[-73.2961060664171,10.475829332701537],[-73.2961085260486,10.475872420731063],[-73.29601813201792,10.475878489553933],[-73.29601470705957,10.475834202128894]]]}},
{"type":"Feature","properties":{"cons":"0369","motivo":"sin_npn"},"geometry":{"type":"Polygon","coordinates":[[[-73.29616863163636,10.475924657463452],[-73.29619902282427,10.475923606050277],[-73.29620363084099,10.476000647612262],[-73.29617764672491,10.476002850384113],[-73.29616863163636,10.475924657463452]]]}},
{"type":"Feature","properties":{"cons":"0357","motivo":"sin_npn"},"geometry":{"type":"Polygon","coordinates":[[[-73.29622944744763,10.475863303343333],[-73.29627953323762,10.475859067228377],[-73.29628288882748,10.475890484128076],[-73.29626233140058,10.475892298687654],[-73.29626233793832,10.475899181162651],[-73.29627503622632,10.475899169346409],[-73.29627354357085,10.475919219701979],[-73.29628715058591,10.475921002469486],[-73.29628598756167,10.475969779395744],[-73.29623339935897,10.475970796508705],[-73.29622944744763,10.475863303343333]]]}},
{"type":"Feature","properties":{"cons":"0359","motivo":"sin_npn"},"geometry":{"type":"Polygon","coordinates":[[[-73.29635220915338,10.47591404136319],[-73.29635096139894,10.47589453879593],[-73.29640964480065,10.475891308485883],[-73.29641339458652,10.475929021025468],[-73.29636806943245,10.47593419338778],[-73.29636563205736,10.47591456562378],[-73.29635220915338,10.47591404136319]]]}},
{"type":"Feature","properties":{"cons":"0360","motivo":"sin_npn"},"geometry":{"type":"Polygon","coordinates":[[[-73.29641162210827,10.47591119476695],[-73.29644677500995,10.475909063894148],[-73.29645092961508,10.47595406546646],[-73.29641615626909,10.475956795954747],[-73.29641162210827,10.47591119476695]]]}},
{"type":"Feature","properties":{"cons":"0361","motivo":"sin_npn"},"geometry":{"type":"Polygon","coordinates":[[[-73.29647300630121,10.47591796581261],[-73.29650457315793,10.475916191792372],[-73.29651140343944,10.475980103146563],[-73.29647865931815,10.47598209788335],[-73.29647300630121,10.47591796581261]]]}},
{"type":"Feature","properties":{"cons":"0361","motivo":"sin_npn"},"geometry":{"type":"Polygon","coordinates":[[[-73.29646660974723,10.475845398462074],[-73.29650643785645,10.47584226622563],[-73.29651171910048,10.475902013211451],[-73.29647190114169,10.475905428049364],[-73.29646660974723,10.475845398462074]]]}},
{"type":"Feature","properties":{"cons":"0362","motivo":"sin_npn"},"geometry":{"type":"Polygon","coordinates":[[[-73.29655077418329,10.475783010964832],[-73.29658315104204,10.47578366844745],[-73.2965864860034,10.47583007850187],[-73.29659679060939,10.47585640187311],[-73.29655597895834,10.475860928463748],[-73.29655077418329,10.475783010964832]]]}},
{"type":"Feature","properties":{"cons":"0363","motivo":"sin_npn"},"geometry":{"type":"Polygon","coordinates":[[[-73.29661747597906,10.475813214485486],[-73.29664514414111,10.475811082070246],[-73.29665175184245,10.475841334890557],[-73.2966233245577,10.475845543207623],[-73.29661747597906,10.475813214485486]]]}},
{"type":"Feature","properties":{"cons":"0367","motivo":"sin_npn"},"geometry":{"type":"Polygon","coordinates":[[[-73.2967761521851,10.475920314483497],[-73.29680243763238,10.475916889774474],[-73.29680636147255,10.475956103520476],[-73.29677849106771,10.475958428386434],[-73.2967761521851,10.475920314483497]]]}},
{"type":"Feature","properties":{"cons":"0365","motivo":"sin_npn"},"geometry":{"type":"Polygon","coordinates":[[[-73.29687166328881,10.475788024958232],[-73.29687700822294,10.47582392390473],[-73.29683076173534,10.475832009363423],[-73.29682540614708,10.475795866370321],[-73.29687166328881,10.475788024958232]]]}},
{"type":"Feature","properties":{"cons":"0366","motivo":"sin_npn"},"geometry":{"type":"Polygon","coordinates":[[[-73.29689343748413,10.47586438835577],[-73.29692911219617,10.475862858895749],[-73.29693234784199,10.47589361409425],[-73.29689709576077,10.475896104203375],[-73.29689343748413,10.47586438835577]]]}},
{"type":"Feature","properties":{"cons":"0392","motivo":"sin_npn"},"geometry":{"type":"Polygon","coordinates":[[[-73.29532150620206,10.475658456257326],[-73.29535841947259,10.475657604550994],[-73.29535795179646,10.475695748575408],[-73.29534954772485,10.475695757166438],[-73.2953523501128,10.475781635968756],[-73.29531576526037,10.475779874474616],[-73.29531514471326,10.475763117703439],[-73.29529912068877,10.475763132565827],[-73.29529912890509,10.475771810469931],[-73.29527433673405,10.475771534224918],[-73.29527218550804,10.475734729904653],[-73.29529909575649,10.475736799615436],[-73.29530061708972,10.475746972307862],[-73.29531240721913,10.47574576441913],[-73.29531566524254,10.475674243435009],[-73.2953205032492,10.47567483742427],[-73.29532150620206,10.475658456257326]]]}},
{"type":"Feature","properties":{"cons":"0394","motivo":"sin_npn"},"geometry":{"type":"Polygon","coordinates":[[[-73.29531679489443,10.475504547315834],[-73.29539792635694,10.475507799602106],[-73.29539283568508,10.475560497189278],[-73.29531349648529,10.47555506480157],[-73.29531679489443,10.475504547315834]]]}},
{"type":"Feature","properties":{"cons":"0396","motivo":"sin_npn"},"geometry":{"type":"Polygon","coordinates":[[[-73.29538570128314,10.47546007319071],[-73.29538780114346,10.475401450498484],[-73.29547659395864,10.475403888777365],[-73.29547589603612,10.475428701900096],[-73.29544076262609,10.475428548462293],[-73.2954384203363,10.475462231657362],[-73.29538570128314,10.47546007319071]]]}},
{"type":"Feature","properties":{"cons":"0400","motivo":"sin_npn"},"geometry":{"type":"Polygon","coordinates":[[[-73.29559157583516,10.475473168557224],[-73.29558975427311,10.475429131054558],[-73.29562491296619,10.475429688200242],[-73.2956289429918,10.475470979348303],[-73.29559157583516,10.475473168557224]]]}},
{"type":"Feature","properties":{"cons":"0400","motivo":"sin_npn"},"geometry":{"type":"Polygon","coordinates":[[[-73.29559742738319,10.475522357906605],[-73.29561809517607,10.475509411622065],[-73.29562646935597,10.475523306238038],[-73.29560796276344,10.475537070651322],[-73.29559742738319,10.475522357906605]]]}},
{"type":"Feature","properties":{"cons":"0401","motivo":"sin_npn"},"geometry":{"type":"Polygon","coordinates":[[[-73.29571983252487,10.475432601972873],[-73.29575162994337,10.475429929607277],[-73.29575313020592,10.475481636597001],[-73.29572229256766,10.47548274249809],[-73.29571983252487,10.475432601972873]]]}},
{"type":"Feature","properties":{"cons":"0401","motivo":"sin_npn"},"geometry":{"type":"Polygon","coordinates":[[[-73.29580414211654,10.475461522187203],[-73.29580791169606,10.475511672058806],[-73.29578109330546,10.475509978414795],[-73.29578033942578,10.475480174977672],[-73.29577344607841,10.475480181381304],[-73.29577342769021,10.475460790754694],[-73.29580414211654,10.475461522187203]]]}},
{"type":"Feature","properties":{"cons":"0403","motivo":"sin_npn"},"geometry":{"type":"Polygon","coordinates":[[[-73.29586484549027,10.47542633481246],[-73.29586995572426,10.475506793677903],[-73.29583805197156,10.475507651285325],[-73.29583434726038,10.475426860379253],[-73.29586484549027,10.47542633481246]]]}},
{"type":"Feature","properties":{"cons":"0404","motivo":"sin_npn"},"geometry":{"type":"Polygon","coordinates":[[[-73.29588005800095,10.475595833353415],[-73.29595344512617,10.475597604431732],[-73.29595341091031,10.475642688606682],[-73.29588326662214,10.475641257608281],[-73.29588005800095,10.475595833353415]]]}},
{"type":"Feature","properties":{"cons":"0404","motivo":"sin_npn"},"geometry":{"type":"Polygon","coordinates":[[[-73.29586484549024,10.47542633481246],[-73.2958882097019,10.475424272788278],[-73.29588882374937,10.475434147082394],[-73.29591784779757,10.475433521632205],[-73.29592334925071,10.47549605732901],[-73.2959357451829,10.47549604580775],[-73.29593516037802,10.475516993033938],[-73.2958709870906,10.475523032177547],[-73.29586484549024,10.47542633481246]]]}},
{"type":"Feature","properties":{"cons":"0405","motivo":"sin_npn"},"geometry":{"type":"Polygon","coordinates":[[[-73.29595239764537,10.47553982071593],[-73.29594580963985,10.475462474950172],[-73.29599098635582,10.475462714169792],[-73.2959950511898,10.475540632050093],[-73.29595239764537,10.47553982071593]]]}},
{"type":"Feature","properties":{"cons":"0407","motivo":"sin_npn"},"geometry":{"type":"Polygon","coordinates":[[[-73.29602211311875,10.475575109069197],[-73.29605294781027,10.475570891063105],[-73.29606009604574,10.47560434091303],[-73.29602849435018,10.475608917066406],[-73.29602211311875,10.475575109069197]]]}},
{"type":"Feature","properties":{"cons":"0407","motivo":"sin_npn"},"geometry":{"type":"Polygon","coordinates":[[[-73.29600294034273,10.475498069840585],[-73.29602868961612,10.475496104038056],[-73.29603082871608,10.475520041114915],[-73.29603748076038,10.475520633406681],[-73.29603992447333,10.47554696410677],[-73.29600540654987,10.475547910761739],[-73.29600294034273,10.475498069840585]]]}},
{"type":"Feature","properties":{"cons":"0407","motivo":"sin_npn"},"geometry":{"type":"Polygon","coordinates":[[[-73.29599991903615,10.475437010585319],[-73.29601200185527,10.47543387798199],[-73.29601072009771,10.475415361194633],[-73.29604872681044,10.475416029904078],[-73.29605695276543,10.475474798213666],[-73.29600690893831,10.475483257040072],[-73.29599991903615,10.475437010585319]]]}},
{"type":"Feature","properties":{"cons":"0408","motivo":"sin_npn"},"geometry":{"type":"Polygon","coordinates":[[[-73.29612326322152,10.475557055338593],[-73.29613320886902,10.475622872480965],[-73.2960965517479,10.475627860051693],[-73.29608778518997,10.47556317821811],[-73.29612326322152,10.475557055338593]]]}},
{"type":"Feature","properties":{"cons":"0408","motivo":"sin_npn"},"geometry":{"type":"Polygon","coordinates":[[[-73.29612140579394,10.475544763468266],[-73.29609079097597,10.475544622647124],[-73.29608071462249,10.475440197843707],[-73.29611287251296,10.47543663112314],[-73.29611528517616,10.475467204006907],[-73.29609747857047,10.475468011418124],[-73.29609845678463,10.47547930974738],[-73.29611620105442,10.475478809868237],[-73.29612140579394,10.475544763468266]]]}},
{"type":"Feature","properties":{"cons":"0410","motivo":"sin_npn"},"geometry":{"type":"Polygon","coordinates":[[[-73.2961158389794,10.475474221712037],[-73.29614128489864,10.475471489719425],[-73.29615079052384,10.475547966192211],[-73.29617400886062,10.47554650825118],[-73.29618386434653,10.475609339129731],[-73.29613206399775,10.475615296087426],[-73.2961158389794,10.475474221712037]]]}},
{"type":"Feature","properties":{"cons":"0415","motivo":"sin_npn"},"geometry":{"type":"Polygon","coordinates":[[[-73.29642795312401,10.475434883459137],[-73.29645334738647,10.47543246590957],[-73.2964591384873,10.475481535600615],[-73.29643288242174,10.475484541265065],[-73.29642795312401,10.475434883459137]]]}},
{"type":"Feature","properties":{"cons":"0416","motivo":"sin_npn"},"geometry":{"type":"Polygon","coordinates":[[[-73.29650056102842,10.475483591697504],[-73.29652716266182,10.475479078349474],[-73.29653215805708,10.475515082327771],[-73.29650482706852,10.475518598607025],[-73.29650056102842,10.475483591697504]]]}},
{"type":"Feature","properties":{"cons":"0417","motivo":"sin_npn"},"geometry":{"type":"Polygon","coordinates":[[[-73.29654534672407,10.47544020033214],[-73.296584948677,10.47543537563276],[-73.29659894195751,10.475525433328313],[-73.29655690713366,10.475530215372611],[-73.29654534672407,10.47544020033214]]]}},
{"type":"Feature","properties":{"cons":"0406","motivo":"sin_npn"},"geometry":{"type":"Polygon","coordinates":[[[-73.29672368155916,10.475488655498594],[-73.29673013650212,10.475514349642738],[-73.29668853839462,10.475524340422156],[-73.29668270814838,10.475497725615309],[-73.29672368155916,10.475488655498594]]]}},
{"type":"Feature","properties":{"cons":"0406","motivo":"sin_npn"},"geometry":{"type":"Polygon","coordinates":[[[-73.2967007292083,10.475397292762072],[-73.29670141838923,10.475400036074863],[-73.29670119757422,10.475400074145831],[-73.2967007292083,10.475397292762072]]]}},
{"type":"Feature","properties":{"cons":"0406","motivo":"sin_npn"},"geometry":{"type":"Polygon","coordinates":[[[-73.29670119757422,10.475400074145831],[-73.29671026407182,10.475453915388648],[-73.29667761752721,10.475460409357284],[-73.29666776980346,10.475405837466004],[-73.29670119757422,10.475400074145831]]]}},
{"type":"Feature","properties":{"cons":"0409","motivo":"sin_npn"},"geometry":{"type":"Polygon","coordinates":[[[-73.29670843313797,10.475391905499412],[-73.2967196359237,10.475389630267001],[-73.29671599623293,10.47537742473596],[-73.29675662282689,10.475369127896286],[-73.29678027673161,10.475444154815976],[-73.29676613372358,10.475450990631803],[-73.29676140697386,10.475440222458458],[-73.29672477228024,10.475449592836721],[-73.29670843313797,10.475391905499412]]]}},
{"type":"Feature","properties":{"cons":"0373","motivo":"sin_npn"},"geometry":{"type":"Polygon","coordinates":[[[-73.29657289610523,10.475674158634419],[-73.29661528327571,10.475668322350039],[-73.29662149267457,10.475712125052777],[-73.29658098968636,10.475718049056715],[-73.29657289610523,10.475674158634419]]]}},
{"type":"Feature","properties":{"cons":"0374","motivo":"sin_npn"},"geometry":{"type":"Polygon","coordinates":[[[-73.29649475111579,10.475663220997026],[-73.29650347157524,10.475661711587392],[-73.29649829623739,10.475624311618587],[-73.29651069018267,10.47562220540848],[-73.29650613090352,10.475596774398275],[-73.29652094328226,10.475594366697324],[-73.29653400364302,10.475657194578226],[-73.29652221494541,10.475659898702151],[-73.29652833315376,10.475735001818668],[-73.29650122883889,10.475737335346844],[-73.29649475111579,10.475663220997026]]]}},
{"type":"Feature","properties":{"cons":"0375","motivo":"sin_npn"},"geometry":{"type":"Polygon","coordinates":[[[-73.29641625130763,10.475635040894982],[-73.29645942135383,10.475630691669991],[-73.29646968237462,10.475738407906064],[-73.29642584426188,10.475742890480607],[-73.29641625130763,10.475635040894982]]]}},
{"type":"Feature","properties":{"cons":"0375","motivo":"sin_npn"},"geometry":{"type":"Polygon","coordinates":[[[-73.29646121229469,10.475649492282104],[-73.29649334051385,10.475647081702412],[-73.29650122883889,10.475737335346844],[-73.29646968237462,10.475738407906064],[-73.29646121229469,10.475649492282104]]]}},
{"type":"Feature","properties":{"cons":"0378","motivo":"sin_npn"},"geometry":{"type":"Polygon","coordinates":[[[-73.29623012018341,10.475662628076005],[-73.29625171258084,10.475661407310849],[-73.29625205969914,10.475644889032997],[-73.29627128749631,10.475643793883693],[-73.29627537730478,10.47574792501042],[-73.296231348999,10.475751846412143],[-73.29623012018341,10.475662628076005]]]}},
{"type":"Feature","properties":{"cons":"0381","motivo":"sin_npn"},"geometry":{"type":"Polygon","coordinates":[[[-73.29613461354143,10.475634440299338],[-73.296090242587,10.47564001235322],[-73.29610084038006,10.47572043775695],[-73.29607101089609,10.475726052485811],[-73.29605989462547,10.475632847618266],[-73.29613320886904,10.475622872480965],[-73.29613461354143,10.475634440299338]]]}},
{"type":"Feature","properties":{"cons":"0382","motivo":"sin_npn"},"geometry":{"type":"Polygon","coordinates":[[[-73.29601626927011,10.475700877576296],[-73.29600994564099,10.475639643667957],[-73.29605989462547,10.475632847618266],[-73.29606829744567,10.475703301445575],[-73.29602282233972,10.475705428692647],[-73.29601626927011,10.475700877576296]]]}},
{"type":"Feature","properties":{"cons":"0384","motivo":"sin_npn"},"geometry":{"type":"Polygon","coordinates":[[[-73.29589684248087,10.47578915269194],[-73.29584873014532,10.47579253441608],[-73.2958448102174,10.475711578916009],[-73.29586621589084,10.475711559025331],[-73.29586472105748,10.475665597408144],[-73.29592748274771,10.475661230048862],[-73.2959293669737,10.475735200010314],[-73.29589417323015,10.475733796375552],[-73.29589684248087,10.47578915269194]]]}},
{"type":"Feature","properties":{"cons":"0385","motivo":"sin_npn"},"geometry":{"type":"Polygon","coordinates":[[[-73.2957322607863,10.475697750939633],[-73.29577963668312,10.475697706931657],[-73.29578074894486,10.475722841917559],[-73.29576913840653,10.47572213453147],[-73.2957713748474,10.475784972501739],[-73.29573389951288,10.475785047173034],[-73.2957322607863,10.475697750939633]]]}},
{"type":"Feature","properties":{"cons":"0385","motivo":"sin_npn"},"geometry":{"type":"Polygon","coordinates":[[[-73.29582900171341,10.475694669553778],[-73.29577963668312,10.475697706931657],[-73.29577852237838,10.475670417431646],[-73.29582820175509,10.475670671090315],[-73.29582900171341,10.475694669553778]]]}},
{"type":"Feature","properties":{"cons":"0389","motivo":"sin_npn"},"geometry":{"type":"Polygon","coordinates":[[[-73.29558893802368,10.47571447491067],[-73.29559180091456,10.475802691741384],[-73.29552773292399,10.47580508995718],[-73.29552711500034,10.475754048607255],[-73.29555214875813,10.475754025370017],[-73.29555283898549,10.475716679785842],[-73.29558893802368,10.47571447491067]]]}},
{"type":"Feature","properties":{"cons":"0391","motivo":"sin_npn"},"geometry":{"type":"Polygon","coordinates":[[[-73.2954374493854,10.475679028316076],[-73.29544042172374,10.475808358200245],[-73.29540224868725,10.475809787090274],[-73.29539519809796,10.475680874390402],[-73.2954374493854,10.475679028316076]]]}},
{"type":"Feature","properties":{"cons":"0402","motivo":"sin_npn"},"geometry":{"type":"Polygon","coordinates":[[[-73.29569582873421,10.475649299318016],[-73.29564529455935,10.47565098192329],[-73.2956461771058,10.475623786156792],[-73.29565161837375,10.475622883389203],[-73.2956524851144,10.475580390741646],[-73.29568725051472,10.475576468359163],[-73.29569001582975,10.475623146970227],[-73.2956957602886,10.475623141635314],[-73.29569582873421,10.475649299318016]]]}},
{"type":"Feature","properties":{"cons":"0402","motivo":"sin_npn"},"geometry":{"type":"Polygon","coordinates":[[[-73.29578618516574,10.475646921483573],[-73.29575559899071,10.475647309174226],[-73.29575109672606,10.475631768150182],[-73.29578223433506,10.475628148365303],[-73.29578618516574,10.475646921483573]]]}},
{"type":"Feature","properties":{"cons":"0399","motivo":"sin_npn"},"geometry":{"type":"Polygon","coordinates":[[[-73.29551263384712,10.47559231056376],[-73.2955679792127,10.47558752494044],[-73.29556974035063,10.475618351138397],[-73.29551749963842,10.475622229880845],[-73.29551263384712,10.47559231056376]]]}},
{"type":"Feature","properties":{"cons":"0420","motivo":"sin_npn"},"geometry":{"type":"Polygon","coordinates":[[[-73.2954663768166,10.475189022521597],[-73.29549129916509,10.475193118897371],[-73.29548599013206,10.47522904399139],[-73.29546149750938,10.475225775098437],[-73.2954663768166,10.475189022521597]]]}},
{"type":"Feature","properties":{"cons":"0420","motivo":"sin_npn"},"geometry":{"type":"Polygon","coordinates":[[[-73.29536624723815,10.475218418491112],[-73.29537343583418,10.475173746206735],[-73.29542505516503,10.475182230660655],[-73.29541853029762,10.475227278583889],[-73.29536624723815,10.475218418491112]]]}},
{"type":"Feature","properties":{"cons":"0421","motivo":"sin_npn"},"geometry":{"type":"Polygon","coordinates":[[[-73.29541376494595,10.475143494310382],[-73.29540642294945,10.475179168162159],[-73.29535692092793,10.475171031718647],[-73.29536448129113,10.47513556802722],[-73.29541376494595,10.475143494310382]]]}},
{"type":"Feature","properties":{"cons":"0425","motivo":"sin_npn"},"geometry":{"type":"Polygon","coordinates":[[[-73.2955217841028,10.475141499714363],[-73.29553321516015,10.475051729998034],[-73.29557616523262,10.475055940686106],[-73.29556718182036,10.475147515957394],[-73.2955217841028,10.475141499714363]]]}},
{"type":"Feature","properties":{"cons":"0428","motivo":"sin_npn"},"geometry":{"type":"Polygon","coordinates":[[[-73.2957475890606,10.475070303107339],[-73.29578609332809,10.475070358547757],[-73.29578616058176,10.475141277970678],[-73.29575103256066,10.475143122404221],[-73.2957475890606,10.475070303107339]]]}},
{"type":"Feature","properties":{"cons":"0428","motivo":"sin_npn"},"geometry":{"type":"Polygon","coordinates":[[[-73.29579460882188,10.475175286155332],[-73.2957934733826,10.475191978872624],[-73.2957734725573,10.475190340904787],[-73.29577403820275,10.475174684229733],[-73.29579460882188,10.475175286155332]]]}},
{"type":"Feature","properties":{"cons":"0429","motivo":"sin_npn"},"geometry":{"type":"Polygon","coordinates":[[[-73.29580362552055,10.475196385057416],[-73.29580207460339,10.475152825755996],[-73.29586669280931,10.475152773163172],[-73.29586553206661,10.475197147489341],[-73.29580362552055,10.475196385057416]]]}},
{"type":"Feature","properties":{"cons":"0430","motivo":"sin_npn"},"geometry":{"type":"Polygon","coordinates":[[[-73.29587349866286,10.475101110858233],[-73.29592338381666,10.475100166784575],[-73.29592163678086,10.475170788654351],[-73.29588777333812,10.475169323933113],[-73.29588682515869,10.475125935256198],[-73.29587352124838,10.475124920397258],[-73.29587349866286,10.475101110858233]]]}},
{"type":"Feature","properties":{"cons":"0431","motivo":"sin_npn"},"geometry":{"type":"Polygon","coordinates":[[[-73.29593336935795,10.475119741985605],[-73.29593583512975,10.475070992233302],[-73.2959992021582,10.47507349693985],[-73.29599779844418,10.475122285790702],[-73.29593336935795,10.475119741985605]]]}},
{"type":"Feature","properties":{"cons":"0431","motivo":"sin_npn"},"geometry":{"type":"Polygon","coordinates":[[[-73.29594532091978,10.475148952796395],[-73.29594548298711,10.475130070078228],[-73.2959811604624,10.475131533107174],[-73.295981781327,10.475148589114804],[-73.29594532091978,10.475148952796395]]]}},
{"type":"Feature","properties":{"cons":"0432","motivo":"sin_npn"},"geometry":{"type":"Polygon","coordinates":[[[-73.2959968694028,10.47515457645325],[-73.2959992021582,10.47507349693985],[-73.29603526527951,10.475076051908864],[-73.29603016359444,10.475156922809445],[-73.2959968694028,10.47515457645325]]]}},
{"type":"Feature","properties":{"cons":"0436","motivo":"sin_npn"},"geometry":{"type":"Polygon","coordinates":[[[-73.29638535185616,10.475092798781283],[-73.29644856135053,10.475095515783588],[-73.29644760179538,10.475165792067832],[-73.29640658419997,10.475164951291775],[-73.29640746846894,10.47514101140312],[-73.29638932753309,10.475140429813539],[-73.29638535185616,10.475092798781283]]]}},
{"type":"Feature","properties":{"cons":"0438","motivo":"sin_npn"},"geometry":{"type":"Polygon","coordinates":[[[-73.29653451306588,10.475142533934171],[-73.29655966565959,10.475140355992469],[-73.29656114829946,10.47517339052145],[-73.29653607189651,10.475174304332105],[-73.29653451306588,10.475142533934171]]]}},
{"type":"Feature","properties":{"cons":"0439","motivo":"sin_npn"},"geometry":{"type":"Polygon","coordinates":[[[-73.2967151175114,10.475077936181785],[-73.29672331914419,10.475118131707774],[-73.29669255745672,10.475122756673533],[-73.2966855539847,10.47508326374216],[-73.2967151175114,10.475077936181785]]]}},
{"type":"Feature","properties":{"cons":"0440","motivo":"sin_npn"},"geometry":{"type":"Polygon","coordinates":[[[-73.29672697542217,10.475237821130639],[-73.29676614598479,10.47522449844345],[-73.29677491246608,10.475245860845748],[-73.29673534151561,10.475260435750107],[-73.29672697542217,10.475237821130639]]]}},
{"type":"Feature","properties":{"cons":"0441","motivo":"sin_npn"},"geometry":{"type":"Polygon","coordinates":[[[-73.29665079132295,10.475243637494687],[-73.29670411377096,10.475232815231493],[-73.29670993816079,10.475253277704295],[-73.29669252681825,10.475256884788617],[-73.29670037063165,10.47529733347885],[-73.29665955778754,10.475305751200048],[-73.29665079132295,10.475243637494687]]]}},
{"type":"Feature","properties":{"cons":"0444","motivo":"sin_npn"},"geometry":{"type":"Polygon","coordinates":[[[-73.29638959727626,10.475347269739904],[-73.29640193577698,10.475275827904023],[-73.29641644944199,10.475277250736767],[-73.29641176399836,10.475309931922718],[-73.2964197457642,10.475309924492093],[-73.29641795151954,10.475330753149178],[-73.29642847396268,10.475331820610958],[-73.29642596434145,10.475363422513361],[-73.2964136329781,10.475367743025231],[-73.29641358670224,10.475373723442972],[-73.29638913752859,10.475373293459407],[-73.29638959727626,10.475347269739904]]]}},
{"type":"Feature","properties":{"cons":"0445","motivo":"sin_npn"},"geometry":{"type":"Polygon","coordinates":[[[-73.29633590822351,10.475279480222287],[-73.29637291390664,10.475278727607103],[-73.29637368831439,10.475330076181383],[-73.29633621832538,10.475328290987274],[-73.29633590822351,10.475279480222287]]]}},
{"type":"Feature","properties":{"cons":"0446","motivo":"sin_npn"},"geometry":{"type":"Polygon","coordinates":[[[-73.29626164797867,10.475371051291376],[-73.29626586966161,10.475261950186065],[-73.29628909036414,10.475263005836867],[-73.29628910946627,10.475283114634122],[-73.29632175722591,10.47528308494707],[-73.296321795969,10.475338024714796],[-73.29629931890383,10.475336608944858],[-73.29629866919954,10.475371702391561],[-73.29626164797867,10.475371051291376]]]}},
{"type":"Feature","properties":{"cons":"0447","motivo":"sin_npn"},"geometry":{"type":"Polygon","coordinates":[[[-73.29619386065662,10.475324993763815],[-73.29619440067829,10.475266325710017],[-73.29620855017058,10.475266312547118],[-73.29620856756245,10.475284625916158],[-73.2962299725238,10.475283887830491],[-73.29623073735881,10.475325182007078],[-73.29619386065662,10.475324993763815]]]}},
{"type":"Feature","properties":{"cons":"0448","motivo":"sin_npn"},"geometry":{"type":"Polygon","coordinates":[[[-73.29618236527834,10.475270756742956],[-73.29618043546162,10.47535584265178],[-73.2961449019392,10.475355844010691],[-73.29614633521985,10.475273252900763],[-73.29618236527834,10.475270756742956]]]}},
{"type":"Feature","properties":{"cons":"0452","motivo":"sin_npn"},"geometry":{"type":"Polygon","coordinates":[[[-73.29591964210745,10.475311857352217],[-73.29591599404978,10.475354385638624],[-73.29588409479197,10.475349842375037],[-73.29588840862714,10.475307825304984],[-73.29591964210745,10.475311857352217]]]}},
{"type":"Feature","properties":{"cons":"0453","motivo":"sin_npn"},"geometry":{"type":"Polygon","coordinates":[[[-73.29578287069648,10.475338364806683],[-73.29578752369125,10.47521312033717],[-73.29582301335614,10.475213087366402],[-73.29581914133264,10.475338411976784],[-73.29578287069648,10.475338364806683]]]}},
{"type":"Feature","properties":{"cons":"0454","motivo":"sin_npn"},"geometry":{"type":"Polygon","coordinates":[[[-73.29573941934672,10.475195551754805],[-73.29578815250821,10.475196194492158],[-73.29578621979114,10.47524821736952],[-73.29574057189222,10.47524768408463],[-73.29573941934672,10.475195551754805]]]}},
{"type":"Feature","properties":{"cons":"0455","motivo":"sin_npn"},"geometry":{"type":"Polygon","coordinates":[[[-73.29573102130556,10.475273128184135],[-73.29573079912078,10.475334180383307],[-73.2956998374696,10.47533360331889],[-73.29569977874507,10.47527166103841],[-73.29573102130556,10.475273128184135]]]}},
{"type":"Feature","properties":{"cons":"0456","motivo":"sin_npn"},"geometry":{"type":"Polygon","coordinates":[[[-73.29563114497951,10.475327740214913],[-73.29563267973774,10.475291778646138],[-73.29566859709817,10.475292576830986],[-73.29566814830208,10.475329443410494],[-73.29563114497951,10.475327740214913]]]}},
{"type":"Feature","properties":{"cons":"0457","motivo":"sin_npn"},"geometry":{"type":"Polygon","coordinates":[[[-73.29554987797397,10.4753193627844],[-73.29555337182974,10.47525803916597],[-73.29557574650724,10.475258549868256],[-73.29557673123524,10.475276742645056],[-73.2955871317177,10.475276732989993],[-73.2955842710008,10.475320783528815],[-73.29554987797397,10.4753193627844]]]}},
{"type":"Feature","properties":{"cons":"0458","motivo":"sin_npn"},"geometry":{"type":"Polygon","coordinates":[[[-73.29551407917636,10.475225849931245],[-73.29551761008084,10.47517427889001],[-73.2955579387194,10.475177881794096],[-73.29555503185725,10.475228902612136],[-73.29551407917636,10.475225849931245]]]}},
{"type":"Feature","properties":{"cons":"0459","motivo":"sin_npn"},"geometry":{"type":"Polygon","coordinates":[[[-73.29545380998604,10.474925719789441],[-73.29546270793921,10.474886723798427],[-73.29554612579423,10.474903796754962],[-73.29553813788094,10.474942050460957],[-73.29545380998604,10.474925719789441]]]}},
{"type":"Feature","properties":{"cons":"0460","motivo":"sin_npn"},"geometry":{"type":"Polygon","coordinates":[[[-73.29547812672973,10.474819149694088],[-73.29548438217559,10.474800967660162],[-73.29553132841325,10.474809755228314],[-73.29552762944644,10.474828110252322],[-73.29547812672973,10.474819149694088]]]}},
{"type":"Feature","properties":{"cons":"0460","motivo":"sin_npn"},"geometry":{"type":"Polygon","coordinates":[[[-73.29547396897715,10.474837371385913],[-73.29557105178861,10.47486038768948],[-73.29556011654203,10.474906660209504],[-73.29546270793921,10.474886723798427],[-73.29547396897715,10.474837371385913]]]}},
{"type":"Feature","properties":{"cons":"0462","motivo":"sin_npn"},"geometry":{"type":"Polygon","coordinates":[[[-73.29557926082688,10.474752238746673],[-73.29557471960125,10.474782999816593],[-73.29549623288841,10.474766669423213],[-73.29550572766031,10.47473918972594],[-73.29557926082688,10.474752238746673]]]}},
{"type":"Feature","properties":{"cons":"0464","motivo":"sin_npn"},"geometry":{"type":"Polygon","coordinates":[[[-73.29561271541924,10.474790905435698],[-73.29562588673356,10.47473080922167],[-73.29566730988557,10.474738400590814],[-73.29566101380576,10.474794364007412],[-73.29561271541924,10.474790905435698]]]}},
{"type":"Feature","properties":{"cons":"0465","motivo":"sin_npn"},"geometry":{"type":"Polygon","coordinates":[[[-73.29568582314099,10.474756493776388],[-73.29568953484771,10.474709692970428],[-73.2957246081638,10.474711755067151],[-73.2957204222271,10.474761133281396],[-73.29568582314099,10.474756493776388]]]}},
{"type":"Feature","properties":{"cons":"0467","motivo":"sin_npn"},"geometry":{"type":"Polygon","coordinates":[[[-73.29584842728092,10.474765817467322],[-73.29584764435053,10.474816361019693],[-73.2957955496673,10.474814415701434],[-73.2957961075233,10.474765040856985],[-73.29584842728092,10.474765817467322]]]}},
{"type":"Feature","properties":{"cons":"0470","motivo":"sin_npn"},"geometry":{"type":"Polygon","coordinates":[[[-73.2959872125084,10.47479658082573],[-73.29598734163785,10.474769435207152],[-73.29603254238026,10.474770805897915],[-73.29603045866611,10.474805220243605],[-73.29600445664838,10.474804346701536],[-73.29600445068498,10.474798062702048],[-73.2959872125084,10.47479658082573]]]}},
{"type":"Feature","properties":{"cons":"0473","motivo":"sin_npn"},"geometry":{"type":"Polygon","coordinates":[[[-73.29619757600241,10.474724814959183],[-73.29619758173679,10.474730853719864],[-73.296223885235,10.474730829250847],[-73.29622299271098,10.474746091235993],[-73.2961957838992,10.474747911977108],[-73.29619522212828,10.474793097487613],[-73.29615977496194,10.474794000139086],[-73.2961613097515,10.474722095354773],[-73.29619757600241,10.474724814959183]]]}},
{"type":"Feature","properties":{"cons":"0477","motivo":"sin_npn"},"geometry":{"type":"Polygon","coordinates":[[[-73.29644557086178,10.474805432520997],[-73.29647156946677,10.47480271517032],[-73.29647522228112,10.474828745503268],[-73.29644823947156,10.474833244936528],[-73.29644557086178,10.474805432520997]]]}},
{"type":"Feature","properties":{"cons":"0482","motivo":"sin_npn"},"geometry":{"type":"Polygon","coordinates":[[[-73.29628773707617,10.474967361150537],[-73.29629024354554,10.474931209312025],[-73.29632139894721,10.474933669982539],[-73.2963185306946,10.47496967700694],[-73.29628773707617,10.474967361150537]]]}},
{"type":"Feature","properties":{"cons":"0485","motivo":"sin_npn"},"geometry":{"type":"Polygon","coordinates":[[[-73.29603962221395,10.47499533579098],[-73.2960453183784,10.474944459978705],[-73.29610428078574,10.474950988395898],[-73.29609887011922,10.475002098585561],[-73.29603962221395,10.47499533579098]]]}},
{"type":"Feature","properties":{"cons":"0486","motivo":"sin_npn"},"geometry":{"type":"Polygon","coordinates":[[[-73.2959660642928,10.474970468930529],[-73.29597044940321,10.47488895812766],[-73.2960226990502,10.474897420793305],[-73.29602032236693,10.47494171027608],[-73.29599903949976,10.474943645186862],[-73.29599809859367,10.474971654769439],[-73.2959660642928,10.474970468930529]]]}},
{"type":"Feature","properties":{"cons":"0488","motivo":"sin_npn"},"geometry":{"type":"Polygon","coordinates":[[[-73.29591553997032,10.474882926817429],[-73.29591433151207,10.474956508527402],[-73.29591009937819,10.47495650732592],[-73.29590861436692,10.474984637109399],[-73.29589138159372,10.474985251600534],[-73.29589138500015,10.474988842457373],[-73.29587354499336,10.474986764366845],[-73.29587528068615,10.474904172973321],[-73.29588344384554,10.474904165387862],[-73.29588584325691,10.47488381495136],[-73.29591553997032,10.474882926817429]]]}},
{"type":"Feature","properties":{"cons":"0488","motivo":"sin_npn"},"geometry":{"type":"Polygon","coordinates":[[[-73.29588938815463,10.474828105492554],[-73.29591643108321,10.474828667919265],[-73.29591622340065,10.474841313484951],[-73.29588882548902,10.474840422621268],[-73.29588938815463,10.474828105492554]]]}},
{"type":"Feature","properties":{"cons":"0489","motivo":"sin_npn"},"geometry":{"type":"Polygon","coordinates":[[[-73.2957925201946,10.474878980147889],[-73.29583915081436,10.474879688771788],[-73.29583653446544,10.474961124106347],[-73.29579753042628,10.474958766435982],[-73.29579750545389,10.474932433485499],[-73.29579150338547,10.474931536241247],[-73.2957925201946,10.474878980147889]]]}},
{"type":"Feature","properties":{"cons":"0489","motivo":"sin_npn"},"geometry":{"type":"Polygon","coordinates":[[[-73.2957925201946,10.474878980147889],[-73.29579287539926,10.47486062058536],[-73.29583976483522,10.474860577023696],[-73.29583915081436,10.474879688771788],[-73.2957925201946,10.474878980147889]]]}},
{"type":"Feature","properties":{"cons":"0489","motivo":"sin_npn"},"geometry":{"type":"Polygon","coordinates":[[[-73.29582271737607,10.474830561361088],[-73.29584212530739,10.474830832180901],[-73.29584156978825,10.474850999719887],[-73.29582222008028,10.474851017697269],[-73.29582271737607,10.474830561361088]]]}},
{"type":"Feature","properties":{"cons":"0491","motivo":"sin_npn"},"geometry":{"type":"Polygon","coordinates":[[[-73.29569633237784,10.474867704282946],[-73.29574403482597,10.474868157104297],[-73.29574373020236,10.474898991429164],[-73.29572617200137,10.474898985050507],[-73.29572467732757,10.474916940739098],[-73.29570744313901,10.474916059029793],[-73.29570594023713,10.474925336814055],[-73.29569285918163,10.474925519320227],[-73.29569633237784,10.474867704282946]]]}},
{"type":"Feature","properties":{"cons":"0493","motivo":"sin_npn"},"geometry":{"type":"Polygon","coordinates":[[[-73.29559167086434,10.474974031422343],[-73.29560432185843,10.474891258150851],[-73.29564100301008,10.474896908351996],[-73.29563029729039,10.474977645984866],[-73.29559167086434,10.474974031422343]]]}},
{"type":"Feature","properties":{"cons":"0493","motivo":"sin_npn"},"geometry":{"type":"Polygon","coordinates":[[[-73.29559095743093,10.474882165300121],[-73.29560188880784,10.474838297084293],[-73.29564055922837,10.474845500888406],[-73.29563503657471,10.474888117556102],[-73.29559095743093,10.474882165300121]]]}},
{"type":"Feature","properties":{"cons":"0494","motivo":"sin_npn"},"geometry":{"type":"Polygon","coordinates":[[[-73.29565503620651,10.474592404620934],[-73.29567771105975,10.474591785089821],[-73.2956759851309,10.474617004744074],[-73.29565445393544,10.474616044991013],[-73.29565503620651,10.474592404620934]]]}},
{"type":"Feature","properties":{"cons":"0494","motivo":"sin_npn"},"geometry":{"type":"Polygon","coordinates":[[[-73.29569364831272,10.474566946953823],[-73.29571092747896,10.47457183601959],[-73.29570687148575,10.474596351553831],[-73.29569132028337,10.47459596178925],[-73.29569364831272,10.474566946953823]]]}},
{"type":"Feature","properties":{"cons":"0495","motivo":"sin_npn"},"geometry":{"type":"Polygon","coordinates":[[[-73.29563451654043,10.47455021586471],[-73.29565101730908,10.474499045987615],[-73.29569214475357,10.474508882664447],[-73.29568792590891,10.474523549261164],[-73.29571743954976,10.474532475271355],[-73.29571092747896,10.47457183601959],[-73.29563451654043,10.47455021586471]]]}},
{"type":"Feature","properties":{"cons":"0502","motivo":"sin_npn"},"geometry":{"type":"Polygon","coordinates":[[[-73.29587260315782,10.47431117888019],[-73.29584594526206,10.474439076786648],[-73.29581210030354,10.474431819116871],[-73.2958348362178,10.474304322458815],[-73.29587260315782,10.47431117888019]]]}},
{"type":"Feature","properties":{"cons":"0504","motivo":"sin_npn"},"geometry":{"type":"Polygon","coordinates":[[[-73.29591596722662,10.474457728713002],[-73.29592035679393,10.474428762329387],[-73.29596063865921,10.474437330712986],[-73.2959567927989,10.474462709698956],[-73.29591596722662,10.474457728713002]]]}},
{"type":"Feature","properties":{"cons":"0507","motivo":"sin_npn"},"geometry":{"type":"Polygon","coordinates":[[[-73.29607600340685,10.474440398470565],[-73.2960857848122,10.474374972331914],[-73.29611582443569,10.474379134200364],[-73.29610524369636,10.47444401891162],[-73.29607600340685,10.474440398470565]]]}},
{"type":"Feature","properties":{"cons":"0508","motivo":"sin_npn"},"geometry":{"type":"Polygon","coordinates":[[[-73.29613779236732,10.474441536689318],[-73.29617424322606,10.474445837947968],[-73.29617305046379,10.474463314576262],[-73.29613580277793,10.474463828000113],[-73.29613779236732,10.474441536689318]]]}},
{"type":"Feature","properties":{"cons":"0509","motivo":"sin_npn"},"geometry":{"type":"Polygon","coordinates":[[[-73.29619296172211,10.47447599737476],[-73.29620105534198,10.47442109193194],[-73.29624096803683,10.474425244139304],[-73.29623436773696,10.474479113180106],[-73.29619296172211,10.47447599737476]]]}},
{"type":"Feature","properties":{"cons":"0509","motivo":"sin_npn"},"geometry":{"type":"Polygon","coordinates":[[[-73.29619296172211,10.47447599737476],[-73.29622076249028,10.474479125836915],[-73.29621925435661,10.474492126912406],[-73.29619085222214,10.474490307783306],[-73.29619296172211,10.47447599737476]]]}},
{"type":"Feature","properties":{"cons":"0512","motivo":"sin_npn"},"geometry":{"type":"Polygon","coordinates":[[[-73.29636783355785,10.47463335586778],[-73.29636726637538,10.474590458563036],[-73.29640776143239,10.47458964008124],[-73.29641203825263,10.474636018040902],[-73.29636783355785,10.47463335586778]]]}},
{"type":"Feature","properties":{"cons":"0513","motivo":"sin_npn"},"geometry":{"type":"Polygon","coordinates":[[[-73.29628584280303,10.474602317621452],[-73.29632795561318,10.474601983131137],[-73.29632550620015,10.474569667670837],[-73.29636694875084,10.474566435885189],[-73.29636759234663,10.47461511251441],[-73.29633008705248,10.474617840779118],[-73.29632921301194,10.474652553238764],[-73.2962861406574,10.474653183755569],[-73.29628584280303,10.474602317621452]]]}},
{"type":"Feature","properties":{"cons":"0515","motivo":"sin_npn"},"geometry":{"type":"Polygon","coordinates":[[[-73.29614884313642,10.474591173470612],[-73.29615163504498,10.474563953784994],[-73.29621596419965,10.474568120360743],[-73.29621372263212,10.47459489946707],[-73.29614884313642,10.474591173470612]]]}},
{"type":"Feature","properties":{"cons":"0518","motivo":"sin_npn"},"geometry":{"type":"Polygon","coordinates":[[[-73.29606473098595,10.474498950867654],[-73.2960525731176,10.47462261283429],[-73.2960236986334,10.474620100736647],[-73.2960371257306,10.474496083886125],[-73.29606473098595,10.474498950867654]]]}},
{"type":"Feature","properties":{"cons":"0518","motivo":"sin_npn"},"geometry":{"type":"Polygon","coordinates":[[[-73.2960021972465,10.474582486331922],[-73.29602767205797,10.47458340095913],[-73.29602499079282,10.474608165953653],[-73.29599935060206,10.474605858551813],[-73.2960021972465,10.474582486331922]]]}},
{"type":"Feature","properties":{"cons":"0518","motivo":"sin_npn"},"geometry":{"type":"Polygon","coordinates":[[[-73.29601266367114,10.474496552293758],[-73.29601533064834,10.474474655208466],[-73.2960327020982,10.474477176994693],[-73.29602987005289,10.474496569412935],[-73.29601266367114,10.474496552293758]]]}},
{"type":"Feature","properties":{"cons":"0520","motivo":"sin_npn"},"geometry":{"type":"Polygon","coordinates":[[[-73.29594748131423,10.47458141461262],[-73.29594409602628,10.474620812221884],[-73.29590483593117,10.474616859746975],[-73.29590812475614,10.474577955706335],[-73.29594748131423,10.47458141461262]]]}},
{"type":"Feature","properties":{"cons":"0522","motivo":"sin_npn"},"geometry":{"type":"Polygon","coordinates":[[[-73.29584004805625,10.474535049962972],[-73.29582942140226,10.474606224159663],[-73.29580114713143,10.474603522279997],[-73.29579723375116,10.47462148021598],[-73.29577153181789,10.474618212468947],[-73.29578172763584,10.474529927686463],[-73.29584004805625,10.474535049962972]]]}},
{"type":"Feature","properties":{"cons":"0523","motivo":"sin_npn"},"geometry":{"type":"Polygon","coordinates":[[[-73.29571004287526,10.474577182806948],[-73.29572071684258,10.474512666407987],[-73.29574126073545,10.474515242746621],[-73.29574510842967,10.474491778886568],[-73.29577655416601,10.474494382976474],[-73.29576527157303,10.474584404350889],[-73.29571004287526,10.474577182806948]]]}},
{"type":"Feature","properties":{"cons":"0533","motivo":"sin_npn"},"geometry":{"type":"Polygon","coordinates":[[[-73.29570734587395,10.474116233926678],[-73.29571795040476,10.474092379882507],[-73.29576177043587,10.474108175753988],[-73.29575362857567,10.474130626192574],[-73.29570734587395,10.474116233926678]]]}},
{"type":"Feature","properties":{"cons":"0533","motivo":"sin_npn"},"geometry":{"type":"Polygon","coordinates":[[[-73.29574845036834,10.474201186246098],[-73.2957449369059,10.474210949839092],[-73.29568590271741,10.474192332188315],[-73.29568877834754,10.474184256179658],[-73.29574845036834,10.474201186246098]]]}},
{"type":"Feature","properties":{"cons":"0532","motivo":"sin_npn"},"geometry":{"type":"Polygon","coordinates":[[[-73.2957789598537,10.474219059109284],[-73.29580546006228,10.474141829410847],[-73.29584900872598,10.474154356964753],[-73.29582686412911,10.474230534676883],[-73.2957789598537,10.474219059109284]]]}},
{"type":"Feature","properties":{"cons":"0532","motivo":"sin_npn"},"geometry":{"type":"Polygon","coordinates":[[[-73.29579345034179,10.474124162714807],[-73.29579823667122,10.474108815196379],[-73.29581380987307,10.474115512655189],[-73.29580762498138,10.474129259388947],[-73.29579345034179,10.474124162714807]]]}},
{"type":"Feature","properties":{"cons":"0530","motivo":"sin_npn"},"geometry":{"type":"Polygon","coordinates":[[[-73.29592921423325,10.4742464906168],[-73.29595529868119,10.474141331099345],[-73.2959701761201,10.47414383087393],[-73.29596692960288,10.474163583622389],[-73.29599305710241,10.474169304713516],[-73.29597463575578,10.474255502479998],[-73.29592921423325,10.4742464906168]]]}},
{"type":"Feature","properties":{"cons":"0529","motivo":"sin_npn"},"geometry":{"type":"Polygon","coordinates":[[[-73.29600252161455,10.474174613306895],[-73.29602934692585,10.474178966301551],[-73.29601888688235,10.474243611508138],[-73.29604356214182,10.474248256686929],[-73.29603887326348,10.474277347013151],[-73.29601455978585,10.474271624239735],[-73.2960101217306,10.474287126967141],[-73.29597570702738,10.474281104536084],[-73.29600252161455,10.474174613306895]]]}},
{"type":"Feature","properties":{"cons":"0529","motivo":"sin_npn"},"geometry":{"type":"Polygon","coordinates":[[[-73.29604922516938,10.474142428992518],[-73.29608213186748,10.474155325493971],[-73.29607456542557,10.474189900502639],[-73.29604059596387,10.474181110359883],[-73.29604922516938,10.474142428992518]]]}},
{"type":"Feature","properties":{"cons":"0527","motivo":"sin_npn"},"geometry":{"type":"Polygon","coordinates":[[[-73.29617329808025,10.474223348260287],[-73.2961615496308,10.474287342651612],[-73.29611688003727,10.47428086534244],[-73.29612806362863,10.474214064944354],[-73.29617329808025,10.474223348260287]]]}},
{"type":"Feature","properties":{"cons":"0527","motivo":"sin_npn"},"geometry":{"type":"Polygon","coordinates":[[[-73.2961503340846,10.474171125223572],[-73.29618196738369,10.474178453389962],[-73.29617835010261,10.474197185849762],[-73.29614835691608,10.474188910051096],[-73.2961503340846,10.474171125223572]]]}},
{"type":"Feature","properties":{"cons":"0526","motivo":"sin_npn"},"geometry":{"type":"Polygon","coordinates":[[[-73.2961615496308,10.474287342651612],[-73.29616773002942,10.474252182971881],[-73.29622062287547,10.474259941864124],[-73.29621774463543,10.47428543964813],[-73.29620939906634,10.474284370153379],[-73.29620759390014,10.47429370806877],[-73.2961615496308,10.474287342651612]]]}},
{"type":"Feature","properties":{"cons":"0525","motivo":"sin_npn"},"geometry":{"type":"Polygon","coordinates":[[[-73.29623961547712,10.474285269138505],[-73.29624158699026,10.474241020609831],[-73.29627321495629,10.474244272694833],[-73.29627355651655,10.474285567267692],[-73.29623961547712,10.474285269138505]]]}},
{"type":"Feature","properties":{"cons":"0524","motivo":"sin_npn"},"geometry":{"type":"Polygon","coordinates":[[[-73.29633565786217,10.474342045459656],[-73.29633605028945,10.47434204536085],[-73.29633605202697,10.47434208642623],[-73.29633565786217,10.474342045459656]]]}},
{"type":"Feature","properties":{"cons":"0524","motivo":"sin_npn"},"geometry":{"type":"Polygon","coordinates":[[[-73.29633605028945,10.47434204536085],[-73.2963343419311,10.474301669576304],[-73.29636518047238,10.474301640876188],[-73.2963652188535,10.474342038015694],[-73.29633605028945,10.47434204536085]]]}},
{"type":"Feature","properties":{"cons":"0541","motivo":"sin_npn"},"geometry":{"type":"Polygon","coordinates":[[[-73.2960930152181,10.474105580274477],[-73.29611190399524,10.474019244109108],[-73.29616158773449,10.474030771590101],[-73.29615892630308,10.474039903464996],[-73.29618575351721,10.474044063031346],[-73.29617842666356,10.47407034708834],[-73.29615169245449,10.474063370478932],[-73.29613916426567,10.474115090516117],[-73.2960930152181,10.474105580274477]]]}},
{"type":"Feature","properties":{"cons":"0540","motivo":"sin_npn"},"geometry":{"type":"Polygon","coordinates":[[[-73.2960634244055,10.47407901295136],[-73.29607505744544,10.474052525526515],[-73.29610041022386,10.47405748127926],[-73.29608388068323,10.474129994835543],[-73.29605451744716,10.474123547898436],[-73.2960634244055,10.47407901295136]]]}},
{"type":"Feature","properties":{"cons":"0539","motivo":"sin_npn"},"geometry":{"type":"Polygon","coordinates":[[[-73.29596549893704,10.474109621371461],[-73.29597105971443,10.47409025441874],[-73.29596221881665,10.474087307409254],[-73.29600330205031,10.473953512640986],[-73.29603248417905,10.473963916116903],[-73.29598557941196,10.47411748891136],[-73.29596549893704,10.474109621371461]]]}},
{"type":"Feature","properties":{"cons":"0535","motivo":"sin_npn"},"geometry":{"type":"Polygon","coordinates":[[[-73.29586681886455,10.474062560681098],[-73.29587649647175,10.474039511675086],[-73.29584746279028,10.47402984332774],[-73.29585505106661,10.473997518535526],[-73.29591742462534,10.474019598510568],[-73.29589745575527,10.474077989065833],[-73.29586681886455,10.474062560681098]]]}},
{"type":"Feature","properties":{"cons":"0534","motivo":"sin_npn"},"geometry":{"type":"Polygon","coordinates":[[[-73.29578680150026,10.474022066120616],[-73.29585730018916,10.474057743546116],[-73.29585185460643,10.47407005688212],[-73.2958279066785,10.47406720644242],[-73.29581415069329,10.474099536963577],[-73.29576587738754,10.474078395728288],[-73.29578680150026,10.474022066120616]]]}},
{"type":"Feature","properties":{"cons":"0553","motivo":"sin_npn"},"geometry":{"type":"Polygon","coordinates":[[[-73.29630763450989,10.473904647081316],[-73.29633556255838,10.473907012968764],[-73.29632870506266,10.473944723381344],[-73.29633559939914,10.473945794223718],[-73.29633561918406,10.473966621193945],[-73.2963592025961,10.473967676504722],[-73.29635848755967,10.473978808836472],[-73.29637979260991,10.47398052791879],[-73.29637547262678,10.47401488139154],[-73.29629675180193,10.474006977908047],[-73.29630763450989,10.473904647081316]]]}},
{"type":"Feature","properties":{"cons":"0552","motivo":"sin_npn"},"geometry":{"type":"Polygon","coordinates":[[[-73.29625264225338,10.474002549349644],[-73.29625901733176,10.473914265911203],[-73.29627135273306,10.473914254434854],[-73.29627137080841,10.473933285976774],[-73.29629713275887,10.473936134695439],[-73.29629064799462,10.474006365091762],[-73.29625264225338,10.474002549349644]]]}},
{"type":"Feature","properties":{"cons":"0551","motivo":"sin_npn"},"geometry":{"type":"Polygon","coordinates":[[[-73.29617393154439,10.473903252951105],[-73.29620247105433,10.473904817695928],[-73.29619523081651,10.473989240254744],[-73.29616568003163,10.47398489113524],[-73.29617393154439,10.473903252951105]]]}},
{"type":"Feature","properties":{"cons":"0551","motivo":"sin_npn"},"geometry":{"type":"Polygon","coordinates":[[[-73.29620247105431,10.473904817695928],[-73.29624180261597,10.473908748036767],[-73.29623371730581,10.47399490447693],[-73.29619523081648,10.473989240254744],[-73.29620247105431,10.473904817695928]]]}},
{"type":"Feature","properties":{"cons":"0550","motivo":"sin_npn"},"geometry":{"type":"Polygon","coordinates":[[[-73.29612911191609,10.473906126542474],[-73.29617292602877,10.473913201246091],[-73.29616663948246,10.473975398595687],[-73.29612168715515,10.473970115070063],[-73.29612911191609,10.473906126542474]]]}},
{"type":"Feature","properties":{"cons":"0548","motivo":"sin_npn"},"geometry":{"type":"Polygon","coordinates":[[[-73.29601522899857,10.473849799654896],[-73.2960243916216,10.473782684985498],[-73.29608828048416,10.473791198574725],[-73.29607862293034,10.473858239272857],[-73.29601522899857,10.473849799654896]]]}},
{"type":"Feature","properties":{"cons":"0565","motivo":"sin_npn"},"geometry":{"type":"Polygon","coordinates":[[[-73.29596136678808,10.473664604390422],[-73.29596894094405,10.473623544302407],[-73.29597982624747,10.473624731138807],[-73.2959828436651,10.473618444328785],[-73.29600461540748,10.47362201495265],[-73.29599481873116,10.473672947698827],[-73.29596136678808,10.473664604390422]]]}},
{"type":"Feature","properties":{"cons":"0570","motivo":"sin_npn"},"geometry":{"type":"Polygon","coordinates":[[[-73.29614495836782,10.473535357226647],[-73.29613994869241,10.47358552371702],[-73.29610585863033,10.473579776099465],[-73.29611235572676,10.473544579627585],[-73.29612033744766,10.473544572205697],[-73.29612286686033,10.47353379727285],[-73.29614495836782,10.473535357226647]]]}},
{"type":"Feature","properties":{"cons":"0570","motivo":"sin_npn"},"geometry":{"type":"Polygon","coordinates":[[[-73.29614819351063,10.47350296075675],[-73.29614495836779,10.473535357226647],[-73.29612286686033,10.47353379727285],[-73.29612033744763,10.473544572205697],[-73.29611235572675,10.473544579627585],[-73.2961184811542,10.473500047264436],[-73.29614819351063,10.47350296075675]]]}},
{"type":"Feature","properties":{"cons":"0575","motivo":"sin_npn"},"geometry":{"type":"Polygon","coordinates":[[[-73.29632239001505,10.473523976383795],[-73.29635505008599,10.473520654189029],[-73.29635578797755,10.473533580599046],[-73.29637860461821,10.473533202305042],[-73.29638007111906,10.473560888099467],[-73.29632824239029,10.473562692199724],[-73.29632239001505,10.473523976383795]]]}},
{"type":"Feature","properties":{"cons":"0576","motivo":"sin_npn"},"geometry":{"type":"Polygon","coordinates":[[[-73.29638551243929,10.473506621484281],[-73.29641489865647,10.473505516875088],[-73.29641713110453,10.47356404581801],[-73.29638772423641,10.473565748409694],[-73.29638551243929,10.473506621484281]]]}},
{"type":"Feature","properties":{"cons":"0558","motivo":"sin_npn"},"geometry":{"type":"Polygon","coordinates":[[[-73.29633561108544,10.47368206562481],[-73.29637407017042,10.473682943368232],[-73.29637195337945,10.473746144476968],[-73.29633385601409,10.473746189919408],[-73.29633561108544,10.47368206562481]]]}},
{"type":"Feature","properties":{"cons":"0559","motivo":"sin_npn"},"geometry":{"type":"Polygon","coordinates":[[[-73.29633561108541,10.47368206562481],[-73.29633385601409,10.473746189919408],[-73.29630120489928,10.473744773969246],[-73.29630301312962,10.473738667824483],[-73.29627253608538,10.473737259836707],[-73.29627248970415,10.473688424181367],[-73.29630369201388,10.473689472408408],[-73.29630368246382,10.473679418008798],[-73.29633561108541,10.47368206562481]]]}},
{"type":"Feature","properties":{"cons":"0560","motivo":"sin_npn"},"geometry":{"type":"Polygon","coordinates":[[[-73.29620128437175,10.473672865626092],[-73.29620430559237,10.473619591444102],[-73.29622520079415,10.473621378935386],[-73.29622460720005,10.473633049783274],[-73.29623639838186,10.473633038814809],[-73.2962349259061,10.47367433507697],[-73.29620128437175,10.473672865626092]]]}},
{"type":"Feature","properties":{"cons":"0561","motivo":"sin_npn"},"geometry":{"type":"Polygon","coordinates":[[[-73.29617834607734,10.47362950195213],[-73.29618015016155,10.473619026931866],[-73.29619587258902,10.473619910023642],[-73.29619527870969,10.473631281633402],[-73.29620011696998,10.47363217484826],[-73.29619332969999,10.47372374809675],[-73.29616483035737,10.473723774603199],[-73.2961707876275,10.473629508981869],[-73.29617834607734,10.47362950195213]]]}},
{"type":"Feature","properties":{"cons":"0563","motivo":"sin_npn"},"geometry":{"type":"Polygon","coordinates":[[[-73.29610353512743,10.47359864157589],[-73.29609039588334,10.47367398443055],[-73.29605095124846,10.473666067643464],[-73.29606829276057,10.473588967720818],[-73.29610353512743,10.47359864157589]]]}},
{"type":"Feature","properties":{"cons":"0578","motivo":"sin_npn"},"geometry":{"type":"Polygon","coordinates":[[[-73.29651172096453,10.47338732833501],[-73.29654406939697,10.473385502784007],[-73.29654835739929,10.47343585874521],[-73.2965141880183,10.473438196557131],[-73.29651172096453,10.47338732833501]]]}},
{"type":"Feature","properties":{"cons":"0580","motivo":"sin_npn"},"geometry":{"type":"Polygon","coordinates":[[[-73.29627644234374,10.473397873563286],[-73.2962785008615,10.473350029322415],[-73.2963057022146,10.473349576666706],[-73.2963059904697,10.473398412097895],[-73.29627644234374,10.473397873563286]]]}},
{"type":"Feature","properties":{"cons":"0580","motivo":"sin_npn"},"geometry":{"type":"Polygon","coordinates":[[[-73.29635694146971,10.473353304594456],[-73.29635630770814,10.473385668248731],[-73.29631347525806,10.473384520474053],[-73.29631344524353,10.473352920931797],[-73.29635694146971,10.473353304594456]]]}},
{"type":"Feature","properties":{"cons":"0582","motivo":"sin_npn"},"geometry":{"type":"Polygon","coordinates":[[[-73.29622944545422,10.473392230718888],[-73.29622851912104,10.473408751310602],[-73.29619311577835,10.473405830486815],[-73.29619431058279,10.473390508371685],[-73.29622944545422,10.473392230718888]]]}},
{"type":"Feature","properties":{"cons":"0583","motivo":"sin_npn"},"geometry":{"type":"Polygon","coordinates":[[[-73.29613696774616,10.473369041221831],[-73.2961371147491,10.473368163160329],[-73.29613708614201,10.473369044632133],[-73.29613696774616,10.473369041221831]]]}},
{"type":"Feature","properties":{"cons":"0583","motivo":"sin_npn"},"geometry":{"type":"Polygon","coordinates":[[[-73.29613708614201,10.473369044632133],[-73.29617639286867,10.473370176827983],[-73.2961706466207,10.473431944969036],[-73.29613509033162,10.47343054169107],[-73.29613708614201,10.473369044632133]]]}},
{"type":"Feature","properties":{"cons":"0584","motivo":"sin_npn"},"geometry":{"type":"Polygon","coordinates":[[[-73.29608866600947,10.473426064119788],[-73.2960996402568,10.473384167506167],[-73.29613324041229,10.47339130491406],[-73.29612633146512,10.473432572653852],[-73.29608866600947,10.473426064119788]]]}},
{"type":"Feature","properties":{"cons":"0590","motivo":"sin_npn"},"geometry":{"type":"Polygon","coordinates":[[[-73.29631120628791,10.473263470796981],[-73.29626141467497,10.473257910405568],[-73.29626141476398,10.473247515349136],[-73.29631124455136,10.47325225680278],[-73.29631120628791,10.473263470796981]]]}},
{"type":"Feature","properties":{"cons":"0591","motivo":"sin_npn"},"geometry":{"type":"Polygon","coordinates":[[[-73.29631120628791,10.473263470796981],[-73.29631124455136,10.47325225680278],[-73.2963513988537,10.473256289080414],[-73.29635157963914,10.473267979414578],[-73.29631120628791,10.473263470796981]]]}},
{"type":"Feature","properties":{"cons":"0592","motivo":"sin_npn"},"geometry":{"type":"Polygon","coordinates":[[[-73.29636051880027,10.473268977677762],[-73.2963605944659,10.473261068336784],[-73.29640026457473,10.4732646222774],[-73.29640028003455,10.473273417932075],[-73.29636051880027,10.473268977677762]]]}},
{"type":"Feature","properties":{"cons":"0595","motivo":"sin_npn"},"geometry":{"type":"Polygon","coordinates":[[[-73.29603564014693,10.473088374987707],[-73.29605772194836,10.473090645532167],[-73.2960494751961,10.473152807220822],[-73.29602870228982,10.473148614233164],[-73.29603564014693,10.473088374987707]]]}},
{"type":"Feature","properties":{"cons":"0596","motivo":"sin_npn"},"geometry":{"type":"Polygon","coordinates":[[[-73.29609399715329,10.473152642916574],[-73.29610434854885,10.473089967199515],[-73.29614627647013,10.473093611172533],[-73.29614265671539,10.473131023589017],[-73.2961683010725,10.473137463289723],[-73.29615600138118,10.473175059066309],[-73.2961301160601,10.473169577151564],[-73.2961322833464,10.473159520727286],[-73.29609399715329,10.473152642916574]]]}},
{"type":"Feature","properties":{"cons":"0597","motivo":"sin_npn"},"geometry":{"type":"Polygon","coordinates":[[[-73.29624163492308,10.473103190829406],[-73.29627127200811,10.47310700404869],[-73.29626432710481,10.473141204223086],[-73.29629295119936,10.473146380690363],[-73.29629016408627,10.47316391216374],[-73.29622805728633,10.473152489324862],[-73.29624163492308,10.473103190829406]]]}},
{"type":"Feature","properties":{"cons":"0599","motivo":"sin_npn"},"geometry":{"type":"Polygon","coordinates":[[[-73.2964606334932,10.473231675613759],[-73.29642904197583,10.473231608453533],[-73.29642445033008,10.473172064294989],[-73.2964347286692,10.47317085777434],[-73.29643561179726,10.4731457209305],[-73.29644710062294,10.473145710236164],[-73.2964489399554,10.473172340737547],[-73.29645861475677,10.473172331731387],[-73.2964606334932,10.473231675613759]]]}},
{"type":"Feature","properties":{"cons":"0600","motivo":"sin_npn"},"geometry":{"type":"Polygon","coordinates":[[[-73.29649912144616,10.473165411538886],[-73.29653328558757,10.473165379729213],[-73.29653242465317,10.473213857143826],[-73.29649916754826,10.473213918660795],[-73.29649912144616,10.473165411538886]]]}},
{"type":"Feature","properties":{"cons":"0602","motivo":"sin_npn"},"geometry":{"type":"Polygon","coordinates":[[[-73.29506269997803,10.47724263416997],[-73.29510938041378,10.477239755277623],[-73.29511112619504,10.477271107702949],[-73.29506399938039,10.477273397636136],[-73.29506269997803,10.47724263416997]]]}},
{"type":"Feature","properties":{"cons":"0603","motivo":"sin_npn"},"geometry":{"type":"Polygon","coordinates":[[[-73.2951407085166,10.477207134737734],[-73.29513986833248,10.477161764519257],[-73.29515792261195,10.477161190141858],[-73.29515699794287,10.47720643583193],[-73.2951407085166,10.477207134737734]]]}},
{"type":"Feature","properties":{"cons":"0604","motivo":"sin_npn"},"geometry":{"type":"Polygon","coordinates":[[[-73.29513971624408,10.47715355169326],[-73.29511425207039,10.477153575697551],[-73.29511192578286,10.477103038265023],[-73.29513879084192,10.477102197511183],[-73.29513971624408,10.47715355169326]]]}},
{"type":"Feature","properties":{"cons":"0605","motivo":"sin_npn"},"geometry":{"type":"Polygon","coordinates":[[[-73.29506053698194,10.477024006974593],[-73.29512293141109,10.477022638267494],[-73.29512300588145,10.477069296503059],[-73.29506060421082,10.477071030080303],[-73.29506053698194,10.477024006974593]]]}},
{"type":"Feature","properties":{"cons":"0607","motivo":"sin_npn"},"geometry":{"type":"Polygon","coordinates":[[[-73.29514220972294,10.476950584698976],[-73.29514145027554,10.476984262959224],[-73.29506762924608,10.476987330638186],[-73.29506653937034,10.476953004986855],[-73.29514220972294,10.476950584698976]]]}},
{"type":"Feature","properties":{"cons":"0610","motivo":"sin_npn"},"geometry":{"type":"Polygon","coordinates":[[[-73.29516023423687,10.476794076201042],[-73.29514490099704,10.476794072709314],[-73.29514550268799,10.476811796100181],[-73.29510446715098,10.476811195294276],[-73.29510718395245,10.476762630262655],[-73.29516138722155,10.476765758956939],[-73.29516023423687,10.476794076201042]]]}},
{"type":"Feature","properties":{"cons":"0611","motivo":"sin_npn"},"geometry":{"type":"Polygon","coordinates":[[[-73.2950536149948,10.476738147524221],[-73.29506833131985,10.476737922790706],[-73.29506829762666,10.476760385679675],[-73.29505353833211,10.476759533747531],[-73.2950536149948,10.476738147524221]]]}},
{"type":"Feature","properties":{"cons":"0611","motivo":"sin_npn"},"geometry":{"type":"Polygon","coordinates":[[[-73.2950960618245,10.476649940613326],[-73.29514032948468,10.47664993881644],[-73.29514449860487,10.476713913121115],[-73.29508765906085,10.476714564287276],[-73.29508610771575,10.47667267235997],[-73.29509396461695,10.47666847574091],[-73.2950960618245,10.476649940613326]]]}},
{"type":"Feature","properties":{"cons":"0612","motivo":"sin_npn"},"geometry":{"type":"Polygon","coordinates":[[[-73.2950568736535,10.476589342381407],[-73.2950935206519,10.476585514770203],[-73.29509088486118,10.476608930169093],[-73.2950700233383,10.476608949504932],[-73.29507001654328,10.476601767791422],[-73.29505671354349,10.476601780120797],[-73.2950568736535,10.476589342381407]]]}},
{"type":"Feature","properties":{"cons":"0612","motivo":"sin_npn"},"geometry":{"type":"Polygon","coordinates":[[[-73.29507156133174,10.47663673291209],[-73.29507155287986,10.47662780010177],[-73.29508818332985,10.476629580117498],[-73.29508970409515,10.476639154334297],[-73.29507156133174,10.47663673291209]]]}},
{"type":"Feature","properties":{"cons":"0617","motivo":"sin_npn"},"geometry":{"type":"Polygon","coordinates":[[[-73.29509410776761,10.476238644972419],[-73.29509631193183,10.47627347897369],[-73.29506275410853,10.476275604744544],[-73.29506337096342,10.476288471421112],[-73.29502657006707,10.476290291209496],[-73.29502676622486,10.47624059103004],[-73.29509410776761,10.476238644972419]]]}},
{"type":"Feature","properties":{"cons":"0621","motivo":"sin_npn"},"geometry":{"type":"Polygon","coordinates":[[[-73.29503730234656,10.475984660944592],[-73.29512069572857,10.475980178866608],[-73.29511745245958,10.476028522581721],[-73.29503811583281,10.476026409923543],[-73.29503730234656,10.475984660944592]]]}},
{"type":"Feature","properties":{"cons":"0621","motivo":"sin_npn"},"geometry":{"type":"Polygon","coordinates":[[[-73.29516348139644,10.476004078270769],[-73.29515537678131,10.47602764182585],[-73.29513002276742,10.476021536928293],[-73.29513988336832,10.475996469830868],[-73.29516348139644,10.476004078270769]]]}},
{"type":"Feature","properties":{"cons":"0622","motivo":"sin_npn"},"geometry":{"type":"Polygon","coordinates":[[[-73.29504716167355,10.475913712441905],[-73.29509934603746,10.475918263943957],[-73.29509616811814,10.475968110776565],[-73.29507275542964,10.475968707013607],[-73.2950723586498,10.475958365704402],[-73.29504720267019,10.47595704842988],[-73.29504716167355,10.475913712441905]]]}},
{"type":"Feature","properties":{"cons":"0623","motivo":"sin_npn"},"geometry":{"type":"Polygon","coordinates":[[[-73.2950191896462,10.475877799488158],[-73.29507508788234,10.475877520945653],[-73.29507509943323,10.47588972985915],[-73.29516540238767,10.475896199431924],[-73.29516228972655,10.475923753858966],[-73.29502020002852,10.475911360853216],[-73.2950191896462,10.475877799488158]]]}},
{"type":"Feature","properties":{"cons":"0623","motivo":"sin_npn"},"geometry":{"type":"Polygon","coordinates":[[[-73.29502113437992,10.475840194818232],[-73.29505366939253,10.475842443173127],[-73.29505426807921,10.475857670814772],[-73.29502161579221,10.475858179853978],[-73.29502113437992,10.475840194818232]]]}},
{"type":"Feature","properties":{"cons":"0624","motivo":"sin_npn"},"geometry":{"type":"Polygon","coordinates":[[[-73.29504274094599,10.475824443941432],[-73.29504198949226,10.475841636025825],[-73.29501805112383,10.47583998174746],[-73.29502004407875,10.475822717154033],[-73.29504274094599,10.475824443941432]]]}},
{"type":"Feature","properties":{"cons":"0629","motivo":"sin_npn"},"geometry":{"type":"Polygon","coordinates":[[[-73.29515154298191,10.475481865098557],[-73.29514628270809,10.475512974677251],[-73.29513068027305,10.475511193709982],[-73.29512273893437,10.475553932306406],[-73.29509661235137,10.475549288404189],[-73.29509227552609,10.475569092300107],[-73.29506020275514,10.475565202546573],[-73.29507457821686,10.475471217647224],[-73.29515154298191,10.475481865098557]]]}},
{"type":"Feature","properties":{"cons":"0632","motivo":"sin_npn"},"geometry":{"type":"Polygon","coordinates":[[[-73.29509950033403,10.475308279962206],[-73.29510239035015,10.47528938538803],[-73.29519425525665,10.475306894963238],[-73.29518242381505,10.47536535682186],[-73.2951225534185,10.475357871514614],[-73.2951279520419,10.475311903500488],[-73.29509950033403,10.475308279962206]]]}},
{"type":"Feature","properties":{"cons":"0635","motivo":"sin_npn"},"geometry":{"type":"Polygon","coordinates":[[[-73.29522393458886,10.474970841842188],[-73.2952732055807,10.474984360533425],[-73.29525612712442,10.475019225321137],[-73.29521148823956,10.475004903270063],[-73.29522393458886,10.474970841842188]]]}},
{"type":"Feature","properties":{"cons":"0635","motivo":"sin_npn"},"geometry":{"type":"Polygon","coordinates":[[[-73.29526398966038,10.475063669510373],[-73.29527500125921,10.47502782588336],[-73.29532516883695,10.475041248871403],[-73.29531558816434,10.47507628188748],[-73.29526398966038,10.475063669510373]]]}},
{"type":"Feature","properties":{"cons":"0642","motivo":"sin_npn"},"geometry":{"type":"Polygon","coordinates":[[[-73.29544225597975,10.474485420298212],[-73.29545084819375,10.474459828070923],[-73.29548441630641,10.474468774073713],[-73.2954904457913,10.474450514938946],[-73.29551766422183,10.474458868353775],[-73.29549956499726,10.474502274711709],[-73.29544225597975,10.474485420298212]]]}},
{"type":"Feature","properties":{"cons":"0645","motivo":"sin_npn"},"geometry":{"type":"Polygon","coordinates":[[[-73.29549359966984,10.474298422204745],[-73.29550676134592,10.474268951099349],[-73.2955577011319,10.474287646482646],[-73.29555046803404,10.474299343865326],[-73.29556256951936,10.474307711307054],[-73.2955541204812,10.474325074973873],[-73.29549359966984,10.474298422204745]]]}},
{"type":"Feature","properties":{"cons":"0646","motivo":"sin_npn"},"geometry":{"type":"Polygon","coordinates":[[[-73.29558963902272,10.474196926519024],[-73.29556952684455,10.474254055409745],[-73.2955301554939,10.474240412761336],[-73.29554975278388,10.474182641569886],[-73.29558963902272,10.474196926519024]]]}},
{"type":"Feature","properties":{"cons":"0648","motivo":"sin_npn"},"geometry":{"type":"Polygon","coordinates":[[[-73.29559914396955,10.474076278647656],[-73.29565385733845,10.474093419860385],[-73.29563793152364,10.474127998588916],[-73.29558760470485,10.474109372835166],[-73.29559914396955,10.474076278647656]]]}},
{"type":"Feature","properties":{"cons":"0649","motivo":"sin_npn"},"geometry":{"type":"Polygon","coordinates":[[[-73.29568585764383,10.474063963883426],[-73.29567894913252,10.474079942317916],[-73.29563036667663,10.47405746515657],[-73.29563700224045,10.47404070164809],[-73.29568585764383,10.474063963883426]]]}},
{"type":"Feature","properties":{"cons":"0649","motivo":"sin_npn"},"geometry":{"type":"Polygon","coordinates":[[[-73.29561405269264,10.474013390667071],[-73.29561931976201,10.474000748770058],[-73.29563092342643,10.474006893356991],[-73.29562458481321,10.47401797106085],[-73.29561405269264,10.474013390667071]]]}},
{"type":"Feature","properties":{"cons":"0650","motivo":"sin_npn"},"geometry":{"type":"Polygon","coordinates":[[[-73.29566200279034,10.473911571713494],[-73.29571490541977,10.473936160241392],[-73.29570826786993,10.47394966701659],[-73.29569133011664,10.473942501024137],[-73.2956862051148,10.473958066177651],[-73.29564960941502,10.473944634430085],[-73.29566200279034,10.473911571713494]]]}},
{"type":"Feature","properties":{"cons":"0650","motivo":"sin_npn"},"geometry":{"type":"Polygon","coordinates":[[[-73.2956632546297,10.473986814369848],[-73.29567079748897,10.473970349256648],[-73.29569862424586,10.473982592191074],[-73.29569084161096,10.473999271329976],[-73.2956632546297,10.473986814369848]]]}},
{"type":"Feature","properties":{"cons":"0652","motivo":"sin_npn"},"geometry":{"type":"Polygon","coordinates":[[[-73.29571258038814,10.473877544980278],[-73.2957199943865,10.47388142978115],[-73.29572361847401,10.47387723707861],[-73.2957614280612,10.473895455504165],[-73.29574134225251,10.473948447769422],[-73.29569231416329,10.473925660089225],[-73.29571258038814,10.473877544980278]]]}},
{"type":"Feature","properties":{"cons":"0654","motivo":"sin_npn"},"geometry":{"type":"Polygon","coordinates":[[[-73.29577797145242,10.473656008698098],[-73.29579500775344,10.473610573334776],[-73.2958493934753,10.473624503229814],[-73.29584090887825,10.473655344632824],[-73.2957975533501,10.473642362053825],[-73.29579161281778,10.473659918751942],[-73.29577797145242,10.473656008698098]]]}},
{"type":"Feature","properties":{"cons":"0659","motivo":"sin_npn"},"geometry":{"type":"Polygon","coordinates":[[[-73.29591340469887,10.473400739654092],[-73.29594022319178,10.473310948695302],[-73.29597000704732,10.473317181062594],[-73.29594384496333,10.473405044291136],[-73.29591340469887,10.473400739654092]]]}},
{"type":"Feature","properties":{"cons":"0658","motivo":"sin_npn"},"geometry":{"type":"Polygon","coordinates":[[[-73.29596561519234,10.473331930753309],[-73.2959822714113,10.473335447163436],[-73.29597232861875,10.473371664246248],[-73.29600111293145,10.473380558643782],[-73.29599406899413,10.473400531141529],[-73.29594853664783,10.47338928765447],[-73.29596561519234,10.473331930753309]]]}},
{"type":"Feature","properties":{"cons":"0709","motivo":"sin_npn"},"geometry":{"type":"Polygon","coordinates":[[[-73.28238771659153,10.451089397792826],[-73.28242010216984,10.451081755651012],[-73.28244199296077,10.45115878222004],[-73.28240938990518,10.451167802087056],[-73.28238771659153,10.451089397792826]]]}},
{"type":"Feature","properties":{"cons":"0708","motivo":"sin_npn"},"geometry":{"type":"Polygon","coordinates":[[[-73.28249668050167,10.451123579200011],[-73.28246586029206,10.451141405225416],[-73.28246330265685,10.451134563092907],[-73.28243754859743,10.45114314395525],[-73.28242010216984,10.451081755651012],[-73.28245557398242,10.45106822295998],[-73.28249668050167,10.451123579200011]]]}},
{"type":"Feature","properties":{"cons":"0707","motivo":"sin_npn"},"geometry":{"type":"Polygon","coordinates":[[[-73.28259913804493,10.45100412610145],[-73.2826460292652,10.451075663965174],[-73.2825273340567,10.451166668427737],[-73.28246474950016,10.45108057920575],[-73.28254558423221,10.451028463229594],[-73.28254979601674,10.451034780047353],[-73.28259913804493,10.45100412610145]]]}},
{"type":"Feature","properties":{"cons":"0706","motivo":"sin_npn"},"geometry":{"type":"Polygon","coordinates":[[[-73.28255475665479,10.451145643334815],[-73.28262823344735,10.451089308151687],[-73.28266603924868,10.451134276457205],[-73.28259134459309,10.451190196107346],[-73.28255475665479,10.451145643334815]]]}},
{"type":"Feature","properties":{"cons":"0705","motivo":"sin_npn"},"geometry":{"type":"Polygon","coordinates":[[[-73.28256340112009,10.451211787230342],[-73.28267120160162,10.451130474953551],[-73.28270399625039,10.451176303120205],[-73.2825963613519,10.451254472094748],[-73.28256340112009,10.451211787230342]]]}},
{"type":"Feature","properties":{"cons":"0704","motivo":"sin_npn"},"geometry":{"type":"Polygon","coordinates":[[[-73.28259636135192,10.451254472094748],[-73.2827039962504,10.451176303120166],[-73.28273903715025,10.451224912813673],[-73.2826229717724,10.451301570133035],[-73.28259636135192,10.451254472094748]]]}},
{"type":"Feature","properties":{"cons":"0703","motivo":"sin_npn"},"geometry":{"type":"Polygon","coordinates":[[[-73.28264501960484,10.451287350836111],[-73.28274129844468,10.451223384479396],[-73.28277378174793,10.451272006450962],[-73.28262520011755,10.451357862686956],[-73.28261829526443,10.451345043111187],[-73.28259075767427,10.45135870222345],[-73.28257620664726,10.45133173033127],[-73.28262012640907,10.451303405191512],[-73.28263017289801,10.451321189219298],[-73.28265656926514,10.451305653283441],[-73.28264501960484,10.451287350836111]]]}},
{"type":"Feature","properties":{"cons":"0702","motivo":"sin_npn"},"geometry":{"type":"Polygon","coordinates":[[[-73.28277026062577,10.451274252373942],[-73.28278517215462,10.451300136544937],[-73.2826128462171,10.451397231247205],[-73.28259831282872,10.451372706511927],[-73.28277026062577,10.451274252373942]]]}},
{"type":"Feature","properties":{"cons":"0701","motivo":"sin_npn"},"geometry":{"type":"Polygon","coordinates":[[[-73.28280153011995,10.451327132091032],[-73.28273387110498,10.45136460580073],[-73.28272702797351,10.451353241698543],[-73.28271844672288,10.451358276518501],[-73.28272488934256,10.45136958044954],[-73.28262798559402,10.451423251640506],[-73.2826128462171,10.451397231247205],[-73.28278517215462,10.451300136544937],[-73.28280153011995,10.451327132091032]]]}},
{"type":"Feature","properties":{"cons":"0700","motivo":"sin_npn"},"geometry":{"type":"Polygon","coordinates":[[[-73.28282101749822,10.451383827919948],[-73.28271561449957,10.451442927708822],[-73.28270258184524,10.451419251564221],[-73.2827405342228,10.451398630287985],[-73.28272249357886,10.451370907369785],[-73.28279186168893,10.451332487062187],[-73.28282101749822,10.451383827919948]]]}},
{"type":"Feature","properties":{"cons":"0699","motivo":"sin_npn"},"geometry":{"type":"Polygon","coordinates":[[[-73.2828488048999,10.451433741436096],[-73.28269889096626,10.451519999447495],[-73.28268433183426,10.451492657119452],[-73.28269835154663,10.451484026613025],[-73.28269035890735,10.451471345956024],[-73.28270945646003,10.45146151399419],[-73.28270264910897,10.451450197439712],[-73.28273380518002,10.451432728141848],[-73.282745225484,10.45145134009124],[-73.28275160669257,10.45144721690687],[-73.2827401164879,10.451429189372867],[-73.28282101749824,10.451383827919948],[-73.2828488048999,10.451433741436096]],[[-73.28276675496282,10.451472452632824],[-73.28276158629988,10.45146406120987],[-73.28275414076242,10.451467993824538],[-73.28275956572946,10.451476224077387],[-73.28276675496282,10.451472452632824]]]}},
{"type":"Feature","properties":{"cons":"0697","motivo":"sin_npn"},"geometry":{"type":"Polygon","coordinates":[[[-73.28288542451993,10.451487505555098],[-73.28291356382923,10.451533673539801],[-73.2828088178997,10.451595425826408],[-73.28279329256866,10.45157017721019],[-73.28278060283353,10.451578567150834],[-73.28278332882938,10.4515842502779],[-73.28273002010353,10.4516072274346],[-73.28271583491238,10.45157591742531],[-73.28276401614661,10.451549676245833],[-73.28277333666949,10.451566903265288],[-73.28278935053778,10.451557014183475],[-73.28279722079479,10.451568079055097],[-73.28285462799336,10.451531521002773],[-73.282844935441,10.451511181335828],[-73.28288542451993,10.451487505555098]]]}},
{"type":"Feature","properties":{"cons":"0696","motivo":"sin_npn"},"geometry":{"type":"Polygon","coordinates":[[[-73.28277614416935,10.451614688401317],[-73.28292532990423,10.451526736922588],[-73.28293982368668,10.451550796228952],[-73.2828628999345,10.45159571641533],[-73.28282449661138,10.451613126012978],[-73.28281874153855,10.451603489890482],[-73.28280288356356,10.451611930518379],[-73.28281080413934,10.451621916089112],[-73.28278828397966,10.45163513821978],[-73.28277614416935,10.451614688401317]]]}},
{"type":"Feature","properties":{"cons":"0695","motivo":"sin_npn"},"geometry":{"type":"Polygon","coordinates":[[[-73.28282699457972,10.45161199359494],[-73.2828628999345,10.45159571641533],[-73.2829457883518,10.45154731311789],[-73.28296062523133,10.451572882184246],[-73.28284433339445,10.451640548694998],[-73.28282699457972,10.45161199359494]]]}},
{"type":"Feature","properties":{"cons":"0694","motivo":"sin_npn"},"geometry":{"type":"Polygon","coordinates":[[[-73.28287557415062,10.451622370702362],[-73.28296062523137,10.451572882184246],[-73.28298630118354,10.451621369754971],[-73.28289305864962,10.451673355679896],[-73.28287919285418,10.451647987021506],[-73.28288770125059,10.45164261711399],[-73.28287557415062,10.451622370702362]]]}},
{"type":"Feature","properties":{"cons":"0693","motivo":"sin_npn"},"geometry":{"type":"Polygon","coordinates":[[[-73.28288460750272,10.451678067483227],[-73.28298630118354,10.451621369754971],[-73.28300172385606,10.451646317821922],[-73.28290046816718,10.451704958739015],[-73.28288460750272,10.451678067483227]]]}},
{"type":"Feature","properties":{"cons":"0692","motivo":"sin_npn"},"geometry":{"type":"Polygon","coordinates":[[[-73.28302462230971,10.451702790519574],[-73.28297667805744,10.451732297127759],[-73.28295106219525,10.45169079827687],[-73.28293263033022,10.451701287988959],[-73.28292552844358,10.451690445410424],[-73.2830074991333,10.451642973143503],[-73.28302450818552,10.451671881077713],[-73.28301060864261,10.45167967362232],[-73.28302462230971,10.451702790519574]]]}},
{"type":"Feature","properties":{"cons":"0691","motivo":"sin_npn"},"geometry":{"type":"Polygon","coordinates":[[[-73.2830495396171,10.451687455512117],[-73.28307732424223,10.451734409738636],[-73.28293396984253,10.451824152376396],[-73.2829174817118,10.451798444893848],[-73.28293402346056,10.451787527459542],[-73.28292056786844,10.451766829329431],[-73.2830495396171,10.451687455512117]]]}},
{"type":"Feature","properties":{"cons":"0689","motivo":"sin_npn"},"geometry":{"type":"Polygon","coordinates":[[[-73.28300263675946,10.451882807908092],[-73.28308506461319,10.451827519006764],[-73.28312179788048,10.451880915119393],[-73.28300608765714,10.451953457302265],[-73.28299102142923,10.451926730815751],[-73.28301942273343,10.451908452041392],[-73.28300263675946,10.451882807908092]]]}},
{"type":"Feature","properties":{"cons":"0688","motivo":"sin_npn"},"geometry":{"type":"Polygon","coordinates":[[[-73.2830003248787,10.451957070157652],[-73.28312179788048,10.451880915119393],[-73.28315811668247,10.451931294070508],[-73.28305954145517,10.451994751180402],[-73.28304410132654,10.451969008111229],[-73.2830308064059,10.45197680012056],[-73.28302323655112,10.451963640315375],[-73.28300964066729,10.451972928786216],[-73.2830003248787,10.451957070157652]]]}},
{"type":"Feature","properties":{"cons":"0687","motivo":"sin_npn"},"geometry":{"type":"Polygon","coordinates":[[[-73.28315305872351,10.451934550097395],[-73.28317040812219,10.451958446615555],[-73.28317756404826,10.451955184543706],[-73.28319593046388,10.45197941609088],[-73.28308137123923,10.452058213377354],[-73.28306087064489,10.45203218056002],[-73.28307084115917,10.45202558845504],[-73.28306115507958,10.452012430528303],[-73.28304318680745,10.452021343109763],[-73.28303569624819,10.452010101356446],[-73.28315305872351,10.451934550097395]]]}},
{"type":"Feature","properties":{"cons":"0686","motivo":"sin_npn"},"geometry":{"type":"Polygon","coordinates":[[[-73.28305429810932,10.452074977882384],[-73.28321550725704,10.451965950574643],[-73.28323336557146,10.451993622171802],[-73.28307049114592,10.45210183751643],[-73.28305429810932,10.452074977882384]]]}},
{"type":"Feature","properties":{"cons":"0685","motivo":"sin_npn"},"geometry":{"type":"Polygon","coordinates":[[[-73.28308616427051,10.452092868907236],[-73.28320621130419,10.452011930256045],[-73.28322483968905,10.452037617874925],[-73.28310335388883,10.452119701221346],[-73.28308616427051,10.452092868907236]]]}},
{"type":"Feature","properties":{"cons":"0683","motivo":"sin_npn"},"geometry":{"type":"Polygon","coordinates":[[[-73.28314227112722,10.452160576201727],[-73.28325620527184,10.452097419296614],[-73.28327318112704,10.452125694844318],[-73.28314423640971,10.452196569388217],[-73.2831406251342,10.452188682855809],[-73.283153194954,10.452181394206958],[-73.28314227112722,10.452160576201727]]]}},
{"type":"Feature","properties":{"cons":"0682","motivo":"sin_npn"},"geometry":{"type":"Polygon","coordinates":[[[-73.28327566325537,10.452124330540146],[-73.2832917254705,10.45215165490132],[-73.28315632256167,10.452226968541016],[-73.28313924959022,10.452199019853252],[-73.28327566325537,10.452124330540146]]]}},
{"type":"Feature","properties":{"cons":"0681","motivo":"sin_npn"},"geometry":{"type":"Polygon","coordinates":[[[-73.28328706810969,10.452154239898402],[-73.28331521020728,10.452203120015676],[-73.28319328044383,10.452272233349015],[-73.2831664981169,10.45222116244999],[-73.28318975575502,10.45220825161174],[-73.28320150256205,10.452231719255234],[-73.28320537027575,10.452229561300989],[-73.28321360676182,10.452244396248322],[-73.28322545154028,10.45223768277925],[-73.28321745799236,10.452224044572855],[-73.28320875493189,10.452228121949226],[-73.28319581006545,10.452204891262042],[-73.28328706810969,10.452154239898402]]]}},
{"type":"Feature","properties":{"cons":"0680","motivo":"sin_npn"},"geometry":{"type":"Polygon","coordinates":[[[-73.2833677240477,10.452288804375735],[-73.28323900768292,10.452357475895905],[-73.28319328044383,10.452272233349015],[-73.28331521020729,10.452203120015634],[-73.2833677240477,10.452288804375735]],[[-73.283282685019,10.452309041385389],[-73.28327977745427,10.45230317888103],[-73.28327022855368,10.452307975183777],[-73.28327374118761,10.452314315933567],[-73.283282685019,10.452309041385389]],[[-73.28326600152111,10.45230674383918],[-73.28327505956278,10.452301267939596],[-73.28327312256027,10.452298875746717],[-73.28326466222035,10.452303910474164],[-73.28326600152111,10.45230674383918]]]}},
{"type":"Feature","properties":{"cons":"0679","motivo":"sin_npn"},"geometry":{"type":"Polygon","coordinates":[[[-73.28322161897644,10.452366725100008],[-73.28336772404771,10.452288804375705],[-73.28338353677046,10.452316106933063],[-73.28323679497761,10.452396002778661],[-73.28322161897644,10.452366725100008]]]}},
{"type":"Feature","properties":{"cons":"0678","motivo":"sin_npn"},"geometry":{"type":"Polygon","coordinates":[[[-73.2832549414485,10.452386368272386],[-73.28339657593746,10.452308982646416],[-73.28342584297903,10.452360541768607],[-73.28330196746813,10.45243840975853],[-73.28328461058534,10.452410015705686],[-73.28327312820353,10.45241630992057],[-73.2832549414485,10.452386368272386]]]}},
{"type":"Feature","properties":{"cons":"0675","motivo":"sin_npn"},"geometry":{"type":"Polygon","coordinates":[[[-73.28349640890741,10.452414801288654],[-73.28348285268154,10.452424474256516],[-73.28343467206216,10.452347864809035],[-73.28345812691015,10.452333082598068],[-73.28350149495517,10.452400789991685],[-73.28349192070098,10.45240618884081],[-73.28349640890741,10.452414801288654]]]}},
{"type":"Feature","properties":{"cons":"0674","motivo":"sin_npn"},"geometry":{"type":"Polygon","coordinates":[[[-73.2835645875415,10.452370127993733],[-73.28350602733205,10.452407866061888],[-73.28345582764156,10.452329492915247],[-73.28351512127341,10.452291479150837],[-73.2835645875415,10.452370127993733]],[[-73.28353836273185,10.452343057327028],[-73.28353079018531,10.452330027884909],[-73.28352378032255,10.452334343156464],[-73.28353225629219,10.452346544578473],[-73.28353836273185,10.452343057327028]]]}},
{"type":"Feature","properties":{"cons":"0671","motivo":"sin_npn"},"geometry":{"type":"Polygon","coordinates":[[[-73.28373564604429,10.452250282103897],[-73.28372311333702,10.452259062693487],[-73.2837184226141,10.452252082879696],[-73.28368651577307,10.45227183708857],[-73.28369284698388,10.45228026771884],[-73.2836776316962,10.452290927757527],[-73.2836183427827,10.4521949071532],[-73.28367320402343,10.452158750380418],[-73.28373564604429,10.452250282103897]]]}},
{"type":"Feature","properties":{"cons":"0673","motivo":"sin_npn"},"geometry":{"type":"Polygon","coordinates":[[[-73.28352202303354,10.452302452600343],[-73.28354514012085,10.45228548836015],[-73.28353714623225,10.452271491075587],[-73.28357491473734,10.452248642516219],[-73.28362596218017,10.452327128116595],[-73.2835645875415,10.452370127993733],[-73.28352202303354,10.452302452600343]]]}},
{"type":"Feature","properties":{"cons":"0672","motivo":"sin_npn"},"geometry":{"type":"Polygon","coordinates":[[[-73.2836183427827,10.4521949071532],[-73.28367763169621,10.452290927757527],[-73.28362596218017,10.452327128116595],[-73.28356348152919,10.452231063916777],[-73.2836183427827,10.4521949071532]]]}},
{"type":"Feature","properties":{"cons":"0662","motivo":"sin_npn"},"geometry":{"type":"Polygon","coordinates":[[[-73.2833222517969,10.451670213342261],[-73.28321154906676,10.45174556652123],[-73.28317861317414,10.451699294319177],[-73.28328709292043,10.451621909540405],[-73.2833222517969,10.451670213342261]]]}},
{"type":"Feature","properties":{"cons":"0667","motivo":"sin_npn"},"geometry":{"type":"Polygon","coordinates":[[[-73.28336688665486,10.451978026586648],[-73.28347861065009,10.451901978226642],[-73.2835147769268,10.45196190938702],[-73.28350038848441,10.451971703325956],[-73.28349491202972,10.45196213934447],[-73.28339967845726,10.452024944452845],[-73.28336688665486,10.451978026586648]]]}},
{"type":"Feature","properties":{"cons":"0737","motivo":"sin_npn"},"geometry":{"type":"Polygon","coordinates":[[[-73.28269085928775,10.452034732986162],[-73.28256450770215,10.452071274987816],[-73.28255494978191,10.452036447903044],[-73.28268009917512,10.451997378475888],[-73.28269085928775,10.452034732986162]]]}},
{"type":"Feature","properties":{"cons":"0736","motivo":"sin_npn"},"geometry":{"type":"Polygon","coordinates":[[[-73.28270345335055,10.452078454174643],[-73.28257662331616,10.452115421767672],[-73.28256450770212,10.452071274987832],[-73.28267469782283,10.452039407028717],[-73.28268325531914,10.452066972109249],[-73.28269906677005,10.452063225848754],[-73.28270345335055,10.452078454174643]]]}},
{"type":"Feature","properties":{"cons":"0735","motivo":"sin_npn"},"geometry":{"type":"Polygon","coordinates":[[[-73.2827122166141,10.452108762180204],[-73.28258539835244,10.45214739616775],[-73.28257662331616,10.452115421767672],[-73.28270345335055,10.452078454174643],[-73.2827122166141,10.452108762180204]]]}},
{"type":"Feature","properties":{"cons":"0724","motivo":"sin_npn"},"geometry":{"type":"Polygon","coordinates":[[[-73.28252913498909,10.451856939829533],[-73.28264103078239,10.45180070518286],[-73.28265640601643,10.451832961598491],[-73.28254120688776,10.451887322621076],[-73.28252913498909,10.451856939829533]]]}},
{"type":"Feature","properties":{"cons":"0730","motivo":"sin_npn"},"geometry":{"type":"Polygon","coordinates":[[[-73.2826308486618,10.451935351958259],[-73.2826800109504,10.451914164216815],[-73.28270187943534,10.451972067491491],[-73.28264827931105,10.451987894805903],[-73.2826308486618,10.451935351958259]]]}},
{"type":"Feature","properties":{"cons":"0728","motivo":"sin_npn"},"geometry":{"type":"Polygon","coordinates":[[[-73.2826800109504,10.451914164216815],[-73.2825352821211,10.451976538765297],[-73.28252411792678,10.451942577388989],[-73.28264686757379,10.451888711129326],[-73.28265287615814,10.451908418262253],[-73.28267470833559,10.45190012397396],[-73.2826800109504,10.451914164216815]]]}},
{"type":"Feature","properties":{"cons":"0726","motivo":"sin_npn"},"geometry":{"type":"Polygon","coordinates":[[[-73.28266705265776,10.451879853297381],[-73.28263852253416,10.451892373187306],[-73.28262570024607,10.451864298583004],[-73.28261409537419,10.451868857296004],[-73.28262517195594,10.451898231827725],[-73.2825398603385,10.451935669145989],[-73.28252499292036,10.451894996591001],[-73.28265036210622,10.4518356601042],[-73.28266705265776,10.451879853297381]]]}},
{"type":"Feature","properties":{"cons":"0722","motivo":"sin_npn"},"geometry":{"type":"Polygon","coordinates":[[[-73.28249203117856,10.451761832792977],[-73.28259854683449,10.45170404079575],[-73.28262430033038,10.451766558957768],[-73.28252024122173,10.4518222222097],[-73.28249203117856,10.451761832792977]]]}},
{"type":"Feature","properties":{"cons":"0715","motivo":"sin_npn"},"geometry":{"type":"Polygon","coordinates":[[[-73.28243010898635,10.451472980077973],[-73.28242811141304,10.451464945809482],[-73.2825872537934,10.45138466292847],[-73.28261329523906,10.451431321165813],[-73.28257387319644,10.451454508546224],[-73.28255886210438,10.451432400947851],[-73.28252187323025,10.45144871230666],[-73.28252261133828,10.45146259634764],[-73.28250085230897,10.451471233698333],[-73.28249479991396,10.45146453610058],[-73.28244717445136,10.451486362866872],[-73.28243966141994,10.451469133344329],[-73.28243010898635,10.451472980077973]]]}},
{"type":"Feature","properties":{"cons":"0714","motivo":"sin_npn"},"geometry":{"type":"Polygon","coordinates":[[[-73.2824266170523,10.451403727494332],[-73.28256605429233,10.45134338670501],[-73.2825872537934,10.45138466292847],[-73.28244220800117,10.451459280145558],[-73.2824266170523,10.451403727494332]]]}},
{"type":"Feature","properties":{"cons":"0711","motivo":"sin_npn"},"geometry":{"type":"Polygon","coordinates":[[[-73.28248878612682,10.451258827543422],[-73.28241349596543,10.451292046617853],[-73.28240310044252,10.451263025865048],[-73.28239447818801,10.451268079262922],[-73.28238407925214,10.451245941980805],[-73.28247910265145,10.451204966692368],[-73.28248839325903,10.451226371380983],[-73.28247737149525,10.45123385014614],[-73.28248878612682,10.451258827543422]]]}},
{"type":"Feature","properties":{"cons":"0733","motivo":"sin_npn"},"geometry":{"type":"Polygon","coordinates":[[[-73.28276042114199,10.452075251418693],[-73.28278761730414,10.45206629571841],[-73.28282170843504,10.452155050960792],[-73.28277184790652,10.452172141053893],[-73.28274314495464,10.452098716190662],[-73.28276641528271,10.452089718396651],[-73.28276042114199,10.452075251418693]]]}},
{"type":"Feature","properties":{"cons":"0738","motivo":"sin_npn"},"geometry":{"type":"Polygon","coordinates":[[[-73.28269796819686,10.452059412073623],[-73.28267916924621,10.451994172543039],[-73.28273578174172,10.451979203231346],[-73.2827605957842,10.452061996059918],[-73.2827273487104,10.45207070345469],[-73.28272128612315,10.452052754481176],[-73.28269796819686,10.452059412073623]]]}},
{"type":"Feature","properties":{"cons":"0739","motivo":"sin_npn"},"geometry":{"type":"Polygon","coordinates":[[[-73.28287829276124,10.451955257489587],[-73.28277158953689,10.451771185369365],[-73.28287002849088,10.451722587471712],[-73.2829795055306,10.451898323290001],[-73.28290306528648,10.45194926171709],[-73.28287829276124,10.451955257489587]]]}},
{"type":"Feature","properties":{"cons":"0725","motivo":"sin_npn"},"geometry":{"type":"Polygon","coordinates":[[[-73.28279167568306,10.451731275007491],[-73.28280439444273,10.451754963471409],[-73.28277158953682,10.451771185369365],[-73.2827752553852,10.451777492569084],[-73.28275521830732,10.451788082148873],[-73.28276305057241,10.451802862761037],[-73.28267574196065,10.451844491876352],[-73.28266682877816,10.451823781884272],[-73.28268578197655,10.451814763981702],[-73.2826730650594,10.451788809242307],[-73.28279167568306,10.451731275007491]]]}},
{"type":"Feature","properties":{"cons":"0672","motivo":"sin_npn"},"geometry":{"type":"Polygon","coordinates":[[[-73.28361306651315,10.452187981105379],[-73.28367763169616,10.452290927757527],[-73.28362596218012,10.452327128116595],[-73.28355959436774,10.452222635311148],[-73.28361306651315,10.452187981105379]]]}},
{"type":"Feature","properties":{"cons":"0676","motivo":"sin_npn"},"geometry":{"type":"Polygon","coordinates":[[[-73.28344337411083,10.45242010929391],[-73.28346064351092,10.452443012757866],[-73.28333942623806,10.452528256235375],[-73.28332772674541,10.452514044789922],[-73.28333473639796,10.452509490131519],[-73.28332483463812,10.452493556209328],[-73.28344337411083,10.45242010929391]]]}},
{"type":"Feature","properties":{"cons":"0677","motivo":"sin_npn"},"geometry":{"type":"Polygon","coordinates":[[[-73.28333729659964,10.4524162019198],[-73.28342584297903,10.452360541768607],[-73.2834561949095,10.452412165537742],[-73.283369730598,10.452465738735468],[-73.28333729659964,10.4524162019198]]]}},
{"type":"Feature","properties":{"cons":"0680","motivo":"sin_npn"},"geometry":{"type":"Polygon","coordinates":[[[-73.2833152102073,10.452203120015634],[-73.28335903506023,10.452178278796708],[-73.28341363644091,10.45226430961639],[-73.2833677240477,10.452288804375735],[-73.2833152102073,10.452203120015634]]]}},
{"type":"Feature","properties":{"cons":"0680","motivo":"sin_npn"},"geometry":{"type":"Polygon","coordinates":[[[-73.2831277534971,10.452327260921608],[-73.28315289267064,10.452312156963949],[-73.28316839172096,10.452334645987602],[-73.28314041230371,10.452349382859285],[-73.2831277534971,10.452327260921608]]]}},
{"type":"Feature","properties":{"cons":"0680","motivo":"sin_npn"},"geometry":{"type":"Polygon","coordinates":[[[-73.2833705310059,10.452287306833412],[-73.28323900768292,10.452357475895905],[-73.28322475521318,10.4523309071248],[-73.28323325700315,10.452324012307995],[-73.28320288440116,10.45226678954968],[-73.28332109930236,10.45219978190346],[-73.28334203020881,10.452243085275557],[-73.28334473810689,10.452242125305872],[-73.2833705310059,10.452287306833412]],[[-73.28328268501897,10.452309041385389],[-73.28327977745427,10.45230317888103],[-73.28327022855368,10.452307975183777],[-73.28327374118761,10.452314315933567],[-73.28328268501897,10.452309041385389]],[[-73.28326600152111,10.45230674383918],[-73.28327505956278,10.452301267939596],[-73.28327312256023,10.452298875746717],[-73.28326466222032,10.452303910474164],[-73.28326600152111,10.45230674383918]]]}},
{"type":"Feature","properties":{"cons":"0682","motivo":"sin_npn"},"geometry":{"type":"Polygon","coordinates":[[[-73.28327566325537,10.452124330540146],[-73.28331208867736,10.452104309268737],[-73.28332900525369,10.452130963322213],[-73.2832917254705,10.45215165490132],[-73.28327566325537,10.452124330540146]]]}},
{"type":"Feature","properties":{"cons":"0684","motivo":"sin_npn"},"geometry":{"type":"Polygon","coordinates":[[[-73.28322483968905,10.452037617874925],[-73.28325627943774,10.452016375215013],[-73.28329430994849,10.452076296786542],[-73.28326295117971,10.452093679847827],[-73.28322483968905,10.452037617874925]]]}},
{"type":"Feature","properties":{"cons":"0684","motivo":"sin_npn"},"geometry":{"type":"Polygon","coordinates":[[[-73.28318648307325,10.45206353399466],[-73.28322483968905,10.452037617874925],[-73.28326295117971,10.452093679847827],[-73.28322189071773,10.452116440827258],[-73.28318648307325,10.45206353399466]]]}},
{"type":"Feature","properties":{"cons":"0684","motivo":"sin_npn"},"geometry":{"type":"Polygon","coordinates":[[[-73.28306663001769,10.452141600698617],[-73.28309748753621,10.4521231994929],[-73.28311095588803,10.452147538673026],[-73.28308059514919,10.452165376320247],[-73.28306663001769,10.452141600698617]]]}},
{"type":"Feature","properties":{"cons":"0684","motivo":"sin_npn"},"geometry":{"type":"Polygon","coordinates":[[[-73.28318648307325,10.45206353399466],[-73.28322189071773,10.452116440827258],[-73.28321344979071,10.452121119871611],[-73.2832096023192,10.452114319379612],[-73.2832022541212,10.452118922213966],[-73.28318811232452,10.45209959195152],[-73.28316858370555,10.45211416427178],[-73.28315657265489,10.4520975132991],[-73.28316585360331,10.452090610594434],[-73.28315936589186,10.452081856046819],[-73.28318648307325,10.45206353399466]]]}},
{"type":"Feature","properties":{"cons":"0685","motivo":"sin_npn"},"geometry":{"type":"Polygon","coordinates":[[[-73.2832062113042,10.452011930256045],[-73.28323929952877,10.451989621349188],[-73.28325627943775,10.452016375215013],[-73.28322483968905,10.452037617874925],[-73.2832062113042,10.452011930256045]]]}},
{"type":"Feature","properties":{"cons":"0688","motivo":"sin_npn"},"geometry":{"type":"Polygon","coordinates":[[[-73.28313496719116,10.451899182686358],[-73.28312179788048,10.451880915119393],[-73.28315649934127,10.451859159726167],[-73.28318947072665,10.451911110113153],[-73.28317988507351,10.451917280814229],[-73.28315709050717,10.451883325485445],[-73.28313496719116,10.451899182686358]]]}},
{"type":"Feature","properties":{"cons":"0688","motivo":"sin_npn"},"geometry":{"type":"Polygon","coordinates":[[[-73.28313496719116,10.451899182686358],[-73.28315709050717,10.451883325485445],[-73.28317988507351,10.451917280814229],[-73.28315811668247,10.451931294070508],[-73.28313496719116,10.451899182686358]]]}},
{"type":"Feature","properties":{"cons":"0688","motivo":"sin_npn"},"geometry":{"type":"Polygon","coordinates":[[[-73.28305373877485,10.451985076468866],[-73.28305954145517,10.451994751180402],[-73.2830355811423,10.452010175455023],[-73.28302407499095,10.451994820284243],[-73.28304104455314,10.451985325337619],[-73.28304540260534,10.451990492323079],[-73.28305373877485,10.451985076468866]]]}},
{"type":"Feature","properties":{"cons":"0690","motivo":"sin_npn"},"geometry":{"type":"Polygon","coordinates":[[[-73.28309572310835,10.451820369764086],[-73.28300024350415,10.451884413195643],[-73.28296947759057,10.451839132717433],[-73.28300887245396,10.451808934478976],[-73.28306688658056,10.451774889458473],[-73.28309572310835,10.451820369764086]]]}},
{"type":"Feature","properties":{"cons":"0690","motivo":"sin_npn"},"geometry":{"type":"Polygon","coordinates":[[[-73.28298685206595,10.451791047091115],[-73.28300326742252,10.451813231031553],[-73.28296947759057,10.451839132717433],[-73.28300024350413,10.451884413195643],[-73.2829795055306,10.451898323290001],[-73.28293396984253,10.451824152376396],[-73.28298685206595,10.451791047091115]]]}},
{"type":"Feature","properties":{"cons":"0690","motivo":"sin_npn"},"geometry":{"type":"Polygon","coordinates":[[[-73.28309572310835,10.451820369764086],[-73.28300024350415,10.451884413195643],[-73.28296947759057,10.451839132717433],[-73.28300887245396,10.451808934478976],[-73.28306688658056,10.451774889458473],[-73.28309572310835,10.451820369764086]]]}},
{"type":"Feature","properties":{"cons":"0692","motivo":"sin_npn"},"geometry":{"type":"Polygon","coordinates":[[[-73.28292552844361,10.451690445410424],[-73.28293263033022,10.451701287988959],[-73.28295106219525,10.45169079827687],[-73.28297667805744,10.451732297127759],[-73.28291652555481,10.451769317112054],[-73.28289184730477,10.451734240448431],[-73.28288030253218,10.45173917508191],[-73.28287002849088,10.451722587471712],[-73.28292552844361,10.451690445410424]]]}},
{"type":"Feature","properties":{"cons":"0696","motivo":"sin_npn"},"geometry":{"type":"Polygon","coordinates":[[[-73.28292532990423,10.451526736922588],[-73.28294697725882,10.451513974855802],[-73.28296132359381,10.451538241195713],[-73.28293982368668,10.451550796228952],[-73.28292532990423,10.451526736922588]]]}},
{"type":"Feature","properties":{"cons":"0697","motivo":"sin_npn"},"geometry":{"type":"Polygon","coordinates":[[[-73.28289723220958,10.451506646389202],[-73.28293102543616,10.451486992882522],[-73.28294697725882,10.451513974855802],[-73.28291356382923,10.451533673539801],[-73.28289723220958,10.451506646389202]]]}},
{"type":"Feature","properties":{"cons":"0698","motivo":"sin_npn"},"geometry":{"type":"Polygon","coordinates":[[[-73.2829163448027,10.451461596944554],[-73.28280997494497,10.451524645471627],[-73.28280272643353,10.451511753387658],[-73.28279849605359,10.451514031354034],[-73.28279209288935,10.45152062028898],[-73.28279769917201,10.451531331289345],[-73.28276401614661,10.451549676245833],[-73.2827482958294,10.45152355573497],[-73.28290314886004,10.45143693539094],[-73.2829163448027,10.451461596944554]]]}},
{"type":"Feature","properties":{"cons":"0698","motivo":"sin_npn"},"geometry":{"type":"Polygon","coordinates":[[[-73.28277360072364,10.451477012696678],[-73.28286035163467,10.45142709763],[-73.28287549125378,10.451452406271615],[-73.28278690628699,10.451501958163808],[-73.28277360072364,10.451477012696678]]]}},
{"type":"Feature","properties":{"cons":"0698","motivo":"sin_npn"},"geometry":{"type":"Polygon","coordinates":[[[-73.28285795652904,10.451496846754537],[-73.28280997494497,10.451524645471627],[-73.28280272643353,10.451511753387658],[-73.28279849605359,10.451514031354034],[-73.28279209288934,10.45152062028898],[-73.28279769917201,10.451531331289345],[-73.28276401614661,10.451549676245833],[-73.2827482958294,10.45152355573497],[-73.28284205132263,10.451471111615698],[-73.28285795652904,10.451496846754537]]]}},
{"type":"Feature","properties":{"cons":"0701","motivo":"sin_npn"},"geometry":{"type":"Polygon","coordinates":[[[-73.28278517215462,10.451300136544937],[-73.28281014201478,10.451286067604702],[-73.28282682173428,10.451313124038833],[-73.28280153011998,10.451327132091032],[-73.28278517215462,10.451300136544937]]]}},
{"type":"Feature","properties":{"cons":"0702","motivo":"sin_npn"},"geometry":{"type":"Polygon","coordinates":[[[-73.28277026062577,10.451274252373942],[-73.28279365795632,10.45125932854986],[-73.28281014201478,10.451286067604702],[-73.28278517215462,10.451300136544937],[-73.28277026062577,10.451274252373942]]]}},
{"type":"Feature","properties":{"cons":"0703","motivo":"sin_npn"},"geometry":{"type":"Polygon","coordinates":[[[-73.28274129844469,10.451223384479396],[-73.28276261676818,10.451208976126743],[-73.28279365795635,10.45125932854986],[-73.28277378174793,10.451272006450962],[-73.28274129844469,10.451223384479396]]]}},
{"type":"Feature","properties":{"cons":"0705","motivo":"sin_npn"},"geometry":{"type":"Polygon","coordinates":[[[-73.28267120160163,10.451130474953551],[-73.28269884208964,10.451110120779106],[-73.28273057494944,10.451157000543427],[-73.28270399625039,10.451176303120205],[-73.28267120160163,10.451130474953551]]]}},
{"type":"Feature","properties":{"cons":"0706","motivo":"sin_npn"},"geometry":{"type":"Polygon","coordinates":[[[-73.2825273340567,10.451166668427737],[-73.28254125791734,10.451183899653564],[-73.28253062398699,10.45119233564226],[-73.28254476448973,10.451210325346928],[-73.2825132028837,10.451236475331838],[-73.2824826747724,10.451203439565862],[-73.2825273340567,10.451166668427737]]]}},
{"type":"Feature","properties":{"cons":"0707","motivo":"sin_npn"},"geometry":{"type":"Polygon","coordinates":[[[-73.28254558423222,10.451028463229594],[-73.28249612667214,10.4510592454754],[-73.28248163139853,10.451036842431122],[-73.282531087063,10.451006720430001],[-73.28254558423222,10.451028463229594]]]}},
{"type":"Feature","properties":{"cons":"0707","motivo":"sin_npn"},"geometry":{"type":"Polygon","coordinates":[[[-73.28259913804493,10.45100412610145],[-73.28261881836826,10.450991899612678],[-73.28266544294446,10.451060779349705],[-73.2826460292652,10.451075663965174],[-73.28259913804493,10.45100412610145]]]}},
{"type":"Feature","properties":{"cons":"0709","motivo":"sin_npn"},"geometry":{"type":"Polygon","coordinates":[[[-73.28242010216984,10.451081755651012],[-73.28238771659153,10.451089397792826],[-73.28238379340073,10.451063346525991],[-73.2824133561113,10.451058018458141],[-73.28242010216984,10.451081755651012]]]}},
{"type":"Feature","properties":{"cons":"0710","motivo":"sin_npn"},"geometry":{"type":"Polygon","coordinates":[[[-73.2824720218873,10.45113784143584],[-73.28249668050167,10.451123579200011],[-73.28251654353096,10.451151500354527],[-73.28248848719329,10.451169731318815],[-73.2824720218873,10.45113784143584]]]}},
{"type":"Feature","properties":{"cons":"0712","motivo":"sin_npn"},"geometry":{"type":"Polygon","coordinates":[[[-73.28243373591162,10.45129501733624],[-73.28249478334345,10.451272221125297],[-73.28250387366559,10.451295254489075],[-73.28247847631097,10.451305618676361],[-73.28247964136023,10.45131021395771],[-73.2824437100309,10.45132438381919],[-73.28243373591162,10.45129501733624]]]}},
{"type":"Feature","properties":{"cons":"0713","motivo":"sin_npn"},"geometry":{"type":"Polygon","coordinates":[[[-73.28252493166944,10.451351047467623],[-73.28243639243927,10.451390542410259],[-73.28242629012804,10.451365608447727],[-73.28249069479423,10.451337782048858],[-73.2824928281228,10.451343334038125],[-73.2825158447813,10.451334695574719],[-73.28252493166944,10.451351047467623]]]}},
{"type":"Feature","properties":{"cons":"0716","motivo":"sin_npn"},"geometry":{"type":"Polygon","coordinates":[[[-73.28257663472002,10.4514528842649],[-73.28261329523906,10.451431321165813],[-73.28263812688397,10.451477381994124],[-73.28260270470534,10.451498114437424],[-73.28257663472002,10.4514528842649]]]}},
{"type":"Feature","properties":{"cons":"0716","motivo":"sin_npn"},"geometry":{"type":"Polygon","coordinates":[[[-73.28249924827591,10.45150462684666],[-73.28250621570253,10.451518389032982],[-73.28252289516124,10.451509038005497],[-73.2825386373901,10.451535612734734],[-73.28246705590443,10.451577509014879],[-73.28244649128146,10.451533284163483],[-73.28249924827591,10.45150462684666]]]}},
{"type":"Feature","properties":{"cons":"0716","motivo":"sin_npn"},"geometry":{"type":"Polygon","coordinates":[[[-73.28249924827591,10.45150462684666],[-73.28253786714868,10.451483649272985],[-73.28256134218289,10.451522323729124],[-73.2825386373901,10.451535612734734],[-73.28252289516124,10.451509038005497],[-73.28250621570253,10.451518389032982],[-73.28249924827591,10.45150462684666]]]}},
{"type":"Feature","properties":{"cons":"0719","motivo":"sin_npn"},"geometry":{"type":"Polygon","coordinates":[[[-73.28262298664774,10.451572676902684],[-73.28267567478825,10.451544378292486],[-73.28269868389047,10.451580865078595],[-73.28264340293879,10.451609090772864],[-73.28262298664774,10.451572676902684]]]}},
{"type":"Feature","properties":{"cons":"0718","motivo":"sin_npn"},"geometry":{"type":"Polygon","coordinates":[[[-73.2826052339007,10.451541013639655],[-73.28265690137513,10.451511478621631],[-73.28267567478825,10.451544378292486],[-73.28262298664774,10.451572676902684],[-73.2826052339007,10.451541013639655]]]}},
{"type":"Feature","properties":{"cons":"0717","motivo":"sin_npn"},"geometry":{"type":"Polygon","coordinates":[[[-73.28258649939411,10.45150759933166],[-73.28263812688397,10.451477381994124],[-73.28265690137513,10.451511478621631],[-73.2826052339007,10.451541013639655],[-73.28258649939411,10.45150759933166]]]}},
{"type":"Feature","properties":{"cons":"0719","motivo":"sin_npn"},"geometry":{"type":"Polygon","coordinates":[[[-73.28254504479843,10.451614364700548],[-73.28256467869646,10.451649286264034],[-73.28249892706042,10.451682858102208],[-73.28248159180875,10.451646802583594],[-73.28254504479843,10.451614364700548]]]}},
{"type":"Feature","properties":{"cons":"0720","motivo":"sin_npn"},"geometry":{"type":"Polygon","coordinates":[[[-73.28266348769546,10.451598835773819],[-73.28269868389049,10.451580865078595],[-73.28272200147566,10.451624126781704],[-73.28268687168823,10.451642425235718],[-73.28266348769546,10.451598835773819]]]}},
{"type":"Feature","properties":{"cons":"0720","motivo":"sin_npn"},"geometry":{"type":"Polygon","coordinates":[[[-73.28253365659748,10.451665125703443],[-73.28258120738919,10.451640846948388],[-73.28259438798275,10.451670515934945],[-73.28254942267084,10.451692100969575],[-73.28253365659748,10.451665125703443]]]}},
{"type":"Feature","properties":{"cons":"0721","motivo":"sin_npn"},"geometry":{"type":"Polygon","coordinates":[[[-73.28270639564948,10.45164356050332],[-73.2827264226932,10.451632329576357],[-73.2827615438707,10.451690231144665],[-73.28274420300869,10.451701052611371],[-73.28272934720634,10.451675782686369],[-73.28272463268328,10.451677582298212],[-73.28270639564948,10.45164356050332]]]}},
{"type":"Feature","properties":{"cons":"0721","motivo":"sin_npn"},"geometry":{"type":"Polygon","coordinates":[[[-73.28263980173652,10.451680905559787],[-73.28266703624057,10.451743330812734],[-73.28262430033038,10.451766558957768],[-73.28259854683449,10.45170404079575],[-73.28263980173652,10.451680905559787]]]}},
{"type":"Feature","properties":{"cons":"0724","motivo":"sin_npn"},"geometry":{"type":"Polygon","coordinates":[[[-73.28251349067345,10.451825833208124],[-73.28262430033038,10.451766558957768],[-73.28264103078239,10.45180070518286],[-73.28252913498909,10.451856939829533],[-73.28251349067345,10.451825833208124]]]}},
{"type":"Feature","properties":{"cons":"0723","motivo":"sin_npn"},"geometry":{"type":"Polygon","coordinates":[[[-73.28279167568306,10.451731275007491],[-73.28275254982435,10.451750253722231],[-73.28273585718127,10.451720435360826],[-73.28275384191727,10.451710269234361],[-73.2827600430724,10.451720988468436],[-73.28277996229082,10.451710437600214],[-73.28279167568306,10.451731275007491]]]}},
{"type":"Feature","properties":{"cons":"0727","motivo":"sin_npn"},"geometry":{"type":"Polygon","coordinates":[[[-73.28279411160072,10.451809935236565],[-73.28280934276812,10.451836140897427],[-73.28270242903943,10.451895759639859],[-73.28268427637441,10.451866852069296],[-73.28279411160072,10.451809935236565]]]}},
{"type":"Feature","properties":{"cons":"0729","motivo":"sin_npn"},"geometry":{"type":"Polygon","coordinates":[[[-73.28282950018571,10.451870822304999],[-73.28284965760783,10.451905503711028],[-73.2827617188762,10.451945114000132],[-73.28274650633308,10.45191332661599],[-73.28282950018571,10.451870822304999]]]}},
{"type":"Feature","properties":{"cons":"0730","motivo":"sin_npn"},"geometry":{"type":"Polygon","coordinates":[[[-73.28254452645108,10.451972554690268],[-73.2826011801784,10.451948138342448],[-73.28261321759382,10.451977872584298],[-73.28257691356966,10.451992858998503],[-73.28257418703278,10.451986577392102],[-73.28255061249574,10.451993480767834],[-73.28254452645108,10.451972554690268]]]}},
{"type":"Feature","properties":{"cons":"0730","motivo":"sin_npn"},"geometry":{"type":"Polygon","coordinates":[[[-73.2826516336374,10.451992014796009],[-73.2826308486618,10.451935351958259],[-73.28268802021933,10.451911367549986],[-73.28271044853051,10.451974187888357],[-73.2826516336374,10.451992014796009]]]}},
{"type":"Feature","properties":{"cons":"0734","motivo":"sin_npn"},"geometry":{"type":"Polygon","coordinates":[[[-73.28266530191948,10.45220832530427],[-73.2826173621202,10.452224527759343],[-73.28260179733509,10.4521834781961],[-73.2826489439449,10.452166918437467],[-73.28266530191948,10.45220832530427]]]}},
{"type":"Feature","properties":{"cons":"0731","motivo":"sin_npn"},"geometry":{"type":"Polygon","coordinates":[[[-73.28284979193367,10.451954303574725],[-73.28287356881214,10.45194664359177],[-73.28287829276124,10.451955257489587],[-73.28290306528648,10.45194926171709],[-73.28291445709156,10.451972555953251],[-73.28286622792106,10.451992177731123],[-73.28284979193367,10.451954303574725]]]}},
{"type":"Feature","properties":{"cons":"0745","motivo":"sin_npn"},"geometry":{"type":"Polygon","coordinates":[[[-73.2832014618347,10.448056662356217],[-73.28311577410499,10.448092916203],[-73.28310460798151,10.448066144338181],[-73.28311700225908,10.448061147473135],[-73.28311215587941,10.448050810066544],[-73.28310010457791,10.44805534698951],[-73.28305921092044,10.447957300424521],[-73.28314218305512,10.447923206608703],[-73.2832014618347,10.448056662356217]],[[-73.28315396482348,10.448028615583747],[-73.2831504911017,10.448020775541849],[-73.28312554076349,10.448030373326652],[-73.28312883825745,10.448039563028617],[-73.28315396482348,10.448028615583747]]]}},
{"type":"Feature","properties":{"cons":"0741","motivo":"sin_npn"},"geometry":{"type":"Polygon","coordinates":[[[-73.28329693487436,10.448270503216111],[-73.2832396603902,10.448293873616029],[-73.28323257866626,10.448277242032912],[-73.28322402000121,10.448280409592751],[-73.28323114003705,10.448297350277487],[-73.2831474467624,10.448331500628154],[-73.28313147291948,10.44829701169481],[-73.28328171002796,10.44823646661991],[-73.28329693487436,10.448270503216111]]]}},
{"type":"Feature","properties":{"cons":"0751","motivo":"sin_npn"},"geometry":{"type":"Polygon","coordinates":[[[-73.28307418171839,10.44818044358992],[-73.2830997580209,10.448240886747271],[-73.28306449924611,10.448255168304394],[-73.28305147976953,10.448225042012721],[-73.28303349229455,10.44823195243329],[-73.28304663729195,10.448262403282099],[-73.28292902411462,10.448310042421426],[-73.28291855625874,10.448284885800307],[-73.28289776399784,10.448292564751634],[-73.28288327411191,10.448260436742697],[-73.2830206865373,10.448202858889346],[-73.28302922566395,10.448220848459215],[-73.28304005625556,10.44821605102895],[-73.28303239811711,10.448197951559255],[-73.28307418171839,10.44818044358992]]]}},
{"type":"Feature","properties":{"cons":"0749","motivo":"sin_npn"},"geometry":{"type":"Polygon","coordinates":[[[-73.28290851665224,10.448019221653047],[-73.282963260368,10.44815783511068],[-73.2828559626306,10.44819987975706],[-73.28279544037369,10.448065685349189],[-73.28290851665224,10.448019221653047]]]}},
{"type":"Feature","properties":{"cons":"0748","motivo":"sin_npn"},"geometry":{"type":"Polygon","coordinates":[[[-73.28301984807509,10.448151800157566],[-73.28298318352876,10.448168982718789],[-73.28297439406194,10.448147896186097],[-73.28296163674517,10.448153724029405],[-73.28290851665224,10.448019221653047],[-73.28295547821867,10.447999924858376],[-73.28301984807509,10.448151800157566]]]}},
{"type":"Feature","properties":{"cons":"0747","motivo":"sin_npn"},"geometry":{"type":"Polygon","coordinates":[[[-73.28306227266879,10.448115552250476],[-73.28303673106691,10.448126179853233],[-73.28302719411474,10.448102821061466],[-73.28300177970588,10.448111409934514],[-73.28295547821867,10.447999924858376],[-73.2830055580821,10.447979346726253],[-73.28303894133678,10.44805951983332],[-73.28302921392645,10.448063128188833],[-73.28303285068085,10.448073059704097],[-73.28304297795506,10.44806921415847],[-73.28306227266879,10.448115552250476]]]}},
{"type":"Feature","properties":{"cons":"0746","motivo":"sin_npn"},"geometry":{"type":"Polygon","coordinates":[[[-73.28306227266879,10.448115552250476],[-73.28303093586622,10.448040293927576],[-73.28304337361483,10.448035641488667],[-73.28303913147515,10.448024872640675],[-73.28302650908884,10.448029662595813],[-73.2830055580821,10.447979346726253],[-73.28305921092044,10.447957300424521],[-73.28308058364755,10.448008543648124],[-73.2830612533526,10.44801659402309],[-73.28306525299206,10.44802664491191],[-73.28308494984896,10.448019012044707],[-73.28311577410499,10.448092916203],[-73.28306227266879,10.448115552250476]]]}},
{"type":"Feature","properties":{"cons":"0744","motivo":"sin_npn"},"geometry":{"type":"Polygon","coordinates":[[[-73.2832014618347,10.448056662356217],[-73.28322748664787,10.448115245013234],[-73.2830741817184,10.44818044358992],[-73.28306854166365,10.448167114735732],[-73.28308895977676,10.44815749623171],[-73.28308193266409,10.448142660201897],[-73.28307153610726,10.448146020900678],[-73.28305964231215,10.448116665133885],[-73.2832014618347,10.448056662356217]]]}},
{"type":"Feature","properties":{"cons":"0743","motivo":"sin_npn"},"geometry":{"type":"Polygon","coordinates":[[[-73.28324870612718,10.448180138825798],[-73.28316895648382,10.448212664427558],[-73.28316595225634,10.448205545593833],[-73.28316172148976,10.448207344782002],[-73.28316500658684,10.448214275377968],[-73.28312263424358,10.448231556772452],[-73.28310983914292,10.448201525716572],[-73.28308674045174,10.448210123000436],[-73.2830741817184,10.44818044358992],[-73.28322241483843,10.448117401988904],[-73.28324870612718,10.448180138825798]]]}},
{"type":"Feature","properties":{"cons":"0742","motivo":"sin_npn"},"geometry":{"type":"Polygon","coordinates":[[[-73.28325530948541,10.448177445668971],[-73.28328171002796,10.44823646661991],[-73.28312421890487,10.448298693868521],[-73.2831129418273,10.448272043346948],[-73.28314921121667,10.448257967194971],[-73.28313537466565,10.448226360641906],[-73.28325530948541,10.448177445668971]]]}},
{"type":"Feature","properties":{"cons":"0740","motivo":"sin_npn"},"geometry":{"type":"Polygon","coordinates":[[[-73.28331114774592,10.448302277438414],[-73.28318081188894,10.44835475441108],[-73.2831676319248,10.448323264241774],[-73.28329693487436,10.448270503216111],[-73.28331114774592,10.448302277438414]]]}},
{"type":"Feature","properties":{"cons":"0754","motivo":"sin_npn"},"geometry":{"type":"Polygon","coordinates":[[[-73.28307721524469,10.448359077218672],[-73.28309145463221,10.44839073217752],[-73.28298108986895,10.448435168116383],[-73.28296737429217,10.448402206517628],[-73.28307721524469,10.448359077218672]]]}},
{"type":"Feature","properties":{"cons":"0753","motivo":"sin_npn"},"geometry":{"type":"Polygon","coordinates":[[[-73.28306155852223,10.448324158855982],[-73.28307721524469,10.448359077218619],[-73.28296737429217,10.448402206517628],[-73.28295321881885,10.448368187740847],[-73.28306155852223,10.448324158855982]]]}},
{"type":"Feature","properties":{"cons":"0752","motivo":"sin_npn"},"geometry":{"type":"Polygon","coordinates":[[[-73.28307367239192,10.448319235817745],[-73.28304590620954,10.448330519905365],[-73.28304256931632,10.448323188386714],[-73.28303135201935,10.448328273429595],[-73.28303438256077,10.448335203078367],[-73.28295321881885,10.448368187740847],[-73.28292902411462,10.448310042421426],[-73.2830513887139,10.448260478720568],[-73.28307367239192,10.448319235817745]]]}},
{"type":"Feature","properties":{"cons":"0741","motivo":"sin_npn"},"geometry":{"type":"Polygon","coordinates":[[[-73.28333587128746,10.44825488789102],[-73.28329693487436,10.448270503216111],[-73.28328171002796,10.44823646661991],[-73.28332256012186,10.44822195853719],[-73.28333587128746,10.44825488789102]]]}},
{"type":"Feature","properties":{"cons":"0740","motivo":"sin_npn"},"geometry":{"type":"Polygon","coordinates":[[[-73.28329693487436,10.448270503216111],[-73.28333587128746,10.44825488789102],[-73.2833489205233,10.448287169271525],[-73.28331114774592,10.448302277438414],[-73.28329693487436,10.448270503216111]]]}},
{"type":"Feature","properties":{"cons":"0744","motivo":"sin_npn"},"geometry":{"type":"Polygon","coordinates":[[[-73.28322748664787,10.448115245013234],[-73.2831109959447,10.448164786991242],[-73.28309822769639,10.448136325818998],[-73.28307153610723,10.448146020900678],[-73.28305964231215,10.448116665133885],[-73.2832014618347,10.448056662356217],[-73.28322748664787,10.448115245013234]]]}},
{"type":"Feature","properties":{"cons":"0747","motivo":"sin_npn"},"geometry":{"type":"Polygon","coordinates":[[[-73.28294490050635,10.447976529069523],[-73.28299446219347,10.44795641740255],[-73.2830055580821,10.447979346726253],[-73.28295547821867,10.447999924858376],[-73.28294490050635,10.447976529069523]]]}},
{"type":"Feature","properties":{"cons":"0745","motivo":"sin_npn"},"geometry":{"type":"Polygon","coordinates":[[[-73.2830490789527,10.447934254422954],[-73.28313174052526,10.447900711091952],[-73.28314218305512,10.447923206608703],[-73.28305921092044,10.447957300424521],[-73.2830490789527,10.447934254422954]]]}},
{"type":"Feature","properties":{"cons":"0746","motivo":"sin_npn"},"geometry":{"type":"Polygon","coordinates":[[[-73.28299446219347,10.44795641740255],[-73.2830490789527,10.447934254422954],[-73.28305921092044,10.447957300424521],[-73.2830055580821,10.447979346726253],[-73.28299446219347,10.44795641740255]]]}},
{"type":"Feature","properties":{"cons":"0748","motivo":"sin_npn"},"geometry":{"type":"Polygon","coordinates":[[[-73.28294490050635,10.447976529069523],[-73.28295547821867,10.447999924858376],[-73.28290851665224,10.448019221653047],[-73.2828985004384,10.447995357771859],[-73.28294490050635,10.447976529069523]]]}},
{"type":"Feature","properties":{"cons":"0749","motivo":"sin_npn"},"geometry":{"type":"Polygon","coordinates":[[[-73.282963260368,10.44815783511068],[-73.2828559626306,10.44819987975706],[-73.28285125163337,10.448189434191592],[-73.28284067165295,10.448193701046185],[-73.28278589080959,10.448058254091485],[-73.28290587085816,10.448012917982586],[-73.282963260368,10.44815783511068]]]}},
{"type":"Feature","properties":{"cons":"6488","motivo":"sin_npn"},"geometry":{"type":"Polygon","coordinates":[[[-73.28288327411191,10.448260436742697],[-73.28286060378046,10.448270152256317],[-73.28283310768497,10.448209220306637],[-73.2828559626306,10.44819987975706],[-73.28288327411191,10.448260436742697]]]}},
{"type":"Feature","properties":{"cons":"0751","motivo":"sin_npn"},"geometry":{"type":"Polygon","coordinates":[[[-73.28286060378046,10.448270152256317],[-73.28288327411191,10.448260436742697],[-73.28289776399784,10.448292564751634],[-73.28287478964016,10.448301588421321],[-73.28286060378046,10.448270152256317]]]}},
{"type":"Feature","properties":{"cons":"0750","motivo":"sin_npn"},"geometry":{"type":"Polygon","coordinates":[[[-73.28303914238319,10.44819512560886],[-73.28301209476307,10.44813624659605],[-73.28304908430623,10.448121132143674],[-73.28307418171839,10.44818044358992],[-73.28303914238319,10.44819512560886]]]}},
{"type":"Feature","properties":{"cons":"6488","motivo":"sin_npn"},"geometry":{"type":"Polygon","coordinates":[[[-73.2828780733673,10.448191215662963],[-73.28289152715229,10.44822293353727],[-73.28299451831214,10.448181547238203],[-73.2830078989926,10.448208217064423],[-73.28288327411191,10.448260436742697],[-73.2828559626306,10.44819987975706],[-73.2828780733673,10.448191215662963]]]}},
{"type":"Feature","properties":{"cons":"0752","motivo":"sin_npn"},"geometry":{"type":"Polygon","coordinates":[[[-73.28307132808636,10.448252402284908],[-73.2830997580209,10.448240886747271],[-73.28310832502862,10.448261132709138],[-73.28307868282454,10.448272728578807],[-73.28307132808636,10.448252402284908]]]}},
{"type":"Feature","properties":{"cons":"0789","motivo":"sin_npn"},"geometry":{"type":"Polygon","coordinates":[[[-73.27403823295444,10.443203419825819],[-73.27407888893863,10.443322055026192],[-73.27403232960066,10.443336127209921],[-73.27401510176982,10.443288752693109],[-73.27403086928838,10.443283976320599],[-73.27401107250668,10.443225958358244],[-73.27403284277044,10.443217711040738],[-73.2740290978133,10.443206741273187],[-73.27403823295444,10.443203419825819]]]}},
{"type":"Feature","properties":{"cons":"0758","motivo":"sin_npn"},"geometry":{"type":"Polygon","coordinates":[[[-73.27560785177974,10.442838017094322],[-73.27565852039139,10.442988471810713],[-73.27560663255403,10.443002025734513],[-73.27556593919181,10.442849585131418],[-73.27560785177974,10.442838017094322]]]}},
{"type":"Feature","properties":{"cons":"0759","motivo":"sin_npn"},"geometry":{"type":"Polygon","coordinates":[[[-73.27551925783645,10.442876726903181],[-73.27555288284142,10.442864596205949],[-73.2755575384477,10.44287838114181],[-73.27556566332714,10.442877033538213],[-73.2755697378266,10.44289005292238],[-73.27557812563458,10.442888537296065],[-73.27558371809278,10.442906412759106],[-73.27557710583174,10.442908048808484],[-73.27558138038813,10.44292853703602],[-73.27557654412152,10.442929307262402],[-73.27559074339129,10.443014901425023],[-73.27555272477319,10.443021867577368],[-73.27551925783645,10.442876726903181]]]}},
{"type":"Feature","properties":{"cons":"0760","motivo":"sin_npn"},"geometry":{"type":"Polygon","coordinates":[[[-73.27549916078529,10.44307548267038],[-73.27547818220646,10.442949201579207],[-73.27545963940834,10.442872259296204],[-73.27553361848392,10.442848670860537],[-73.27554050496883,10.442865360770078],[-73.27551874674757,10.44287447642171],[-73.27555382974799,10.443026606486384],[-73.27551943905826,10.443033571655151],[-73.27552527627539,10.4430709116998],[-73.27549916078529,10.44307548267038]]]}},
{"type":"Feature","properties":{"cons":"0757","motivo":"sin_npn"},"geometry":{"type":"Polygon","coordinates":[[[-73.27576759729605,10.442832269109191],[-73.27562459298832,10.44288366086803],[-73.27560650993435,10.442834358642967],[-73.2756665031587,10.4428148411586],[-73.27566795708785,10.44281807168937],[-73.27574844631698,10.442789803462256],[-73.27576759729605,10.442832269109191]]]}},
{"type":"Feature","properties":{"cons":"0756","motivo":"sin_npn"},"geometry":{"type":"Polygon","coordinates":[[[-73.27576741935215,10.442922941904563],[-73.27565083738118,10.442963193261843],[-73.27562459298832,10.44288366086803],[-73.27573704654692,10.44284324820293],[-73.27576741935215,10.442922941904563]]]}},
{"type":"Feature","properties":{"cons":"0762","motivo":"sin_npn"},"geometry":{"type":"Polygon","coordinates":[[[-73.27542568640234,10.443004306748412],[-73.27536534913312,10.443021460383347],[-73.2753504378746,10.44296225485389],[-73.27532756897975,10.442899216028723],[-73.27539172469767,10.442878263216208],[-73.27541633593988,10.44295621323849],[-73.27542568640234,10.443004306748412]]]}},
{"type":"Feature","properties":{"cons":"0763","motivo":"sin_npn"},"geometry":{"type":"Polygon","coordinates":[[[-73.275277412546,10.442915596761265],[-73.27532756897975,10.442899216028723],[-73.2753504378746,10.44296225485389],[-73.27537195781285,10.443047700305542],[-73.2753289085917,10.443058522972999],[-73.275277412546,10.442915596761265]]]}},
{"type":"Feature","properties":{"cons":"0764","motivo":"sin_npn"},"geometry":{"type":"Polygon","coordinates":[[[-73.27522936611068,10.442931288374483],[-73.275277412546,10.442915596761265],[-73.2753289085917,10.443058522972999],[-73.27528007519824,10.443070799786005],[-73.27522936611068,10.442931288374483]]]}},
{"type":"Feature","properties":{"cons":"0766","motivo":"sin_npn"},"geometry":{"type":"Polygon","coordinates":[[[-73.27521330675678,10.44297450589616],[-73.27514148164624,10.442985690561551],[-73.27513587963135,10.442958294485214],[-73.27520745795226,10.442938443415333],[-73.27521330675678,10.44297450589616]]]}},
{"type":"Feature","properties":{"cons":"0767","motivo":"sin_npn"},"geometry":{"type":"Polygon","coordinates":[[[-73.2751880142901,10.443012221577991],[-73.27521847160244,10.443006351224707],[-73.27522992195767,10.443076951628978],[-73.27519945987481,10.443080688132333],[-73.2751880142901,10.443012221577991]]]}},
{"type":"Feature","properties":{"cons":"0768","motivo":"sin_npn"},"geometry":{"type":"Polygon","coordinates":[[[-73.27519945987481,10.443080688132333],[-73.27516879902024,10.44308444901418],[-73.2751588536011,10.443014857262687],[-73.27516853428268,10.443012472609423],[-73.27516659034754,10.443002060751944],[-73.27517251497063,10.443001337472202],[-73.2751720283289,10.442997986409832],[-73.27517819469374,10.442997143225849],[-73.27518001465282,10.44300408401256],[-73.27518657563209,10.443003615640873],[-73.27519945987481,10.443080688132333]]]}},
{"type":"Feature","properties":{"cons":"0769","motivo":"sin_npn"},"geometry":{"type":"Polygon","coordinates":[[[-73.27512856537015,10.442987701892905],[-73.27515439792225,10.442983679229718],[-73.27516879902024,10.44308444901418],[-73.2751412982285,10.443087822277924],[-73.27512856537015,10.442987701892905]]]}},
{"type":"Feature","properties":{"cons":"0770","motivo":"sin_npn"},"geometry":{"type":"Polygon","coordinates":[[[-73.27509135584074,10.442970537459605],[-73.27512445918322,10.442961434835139],[-73.2751412982285,10.443087822277924],[-73.27511126567389,10.443091506086462],[-73.27509135584074,10.442970537459605]]]}},
{"type":"Feature","properties":{"cons":"0771","motivo":"sin_npn"},"geometry":{"type":"Polygon","coordinates":[[[-73.27511126567389,10.443091506086462],[-73.27505221729774,10.443098543065407],[-73.27504494672971,10.442994720204096],[-73.27507078647542,10.442992789063679],[-73.2750724962419,10.443011938915204],[-73.27510037000133,10.443011204359818],[-73.27511126567389,10.443091506086462]]]}},
{"type":"Feature","properties":{"cons":"0772","motivo":"sin_npn"},"geometry":{"type":"Polygon","coordinates":[[[-73.27504370588389,10.442977001063129],[-73.2750506216908,10.443075757992087],[-73.27500557403327,10.443078040090594],[-73.2750025767999,10.44305741188947],[-73.27500761627334,10.443057351514213],[-73.27500182344507,10.442982119320702],[-73.27504370588389,10.442977001063129]]]}},
{"type":"Feature","properties":{"cons":"0773","motivo":"sin_npn"},"geometry":{"type":"Polygon","coordinates":[[[-73.27494131859153,10.443109796542126],[-73.27491337697069,10.442961640125525],[-73.27492879156833,10.442958035981833],[-73.27492696062453,10.442938586994117],[-73.27494328241042,10.442935281308175],[-73.27494722636189,10.442951137603199],[-73.27498444052895,10.442945026247326],[-73.27500918751,10.443102909529603],[-73.27494131859153,10.443109796542126]]]}},
{"type":"Feature","properties":{"cons":"0775","motivo":"sin_npn"},"geometry":{"type":"Polygon","coordinates":[[[-73.27480422747885,10.442982705577645],[-73.27484789641306,10.442976092898958],[-73.274863837123,10.443062068626181],[-73.27486944797762,10.443062063796734],[-73.27487683815592,10.443105339428907],[-73.27486174823555,10.443106884523415],[-73.27486568540301,10.443134520685057],[-73.27483167839496,10.44313769196845],[-73.27480422747885,10.442982705577645]]]}},
{"type":"Feature","properties":{"cons":"0776","motivo":"sin_npn"},"geometry":{"type":"Polygon","coordinates":[[[-73.27483167839496,10.44313769196845],[-73.2747976713861,10.443140863248232],[-73.27478007668581,10.443056758389595],[-73.27477791456876,10.443019349134728],[-73.27475595313278,10.442929347267683],[-73.27479628959448,10.442912037860612],[-73.27480689026261,10.442997739518495],[-73.27480275901931,10.44299832733138],[-73.27480446750793,10.443016040836486],[-73.27481009919644,10.443015856992524],[-73.27483167839496,10.44313769196845]]]}},
{"type":"Feature","properties":{"cons":"0777","motivo":"sin_npn"},"geometry":{"type":"Polygon","coordinates":[[[-73.27472584509704,10.443028825961195],[-73.27471112630168,10.442983643691155],[-73.2747642924414,10.442963523242971],[-73.27477791456876,10.443019349134728],[-73.27476733638372,10.443022350631036],[-73.27479318075653,10.443141040752472],[-73.2747488148451,10.443142794431179],[-73.27472584509704,10.443028825961195]]]}},
{"type":"Feature","properties":{"cons":"0778","motivo":"sin_npn"},"geometry":{"type":"Polygon","coordinates":[[[-73.27467130850594,10.443040477832868],[-73.27472584509705,10.443028825961195],[-73.27474372986573,10.443117564414063],[-73.2747136656287,10.443121291653348],[-73.27471765973465,10.443144327447916],[-73.27469270777635,10.443148181970459],[-73.27467130850594,10.443040477832868]]]}},
{"type":"Feature","properties":{"cons":"0779","motivo":"sin_npn"},"geometry":{"type":"Polygon","coordinates":[[[-73.27463074615056,10.44304987254972],[-73.27467130850592,10.443040477832868],[-73.27469270777635,10.443148181970459],[-73.27465015664876,10.443154755168578],[-73.27463074615056,10.44304987254972]]]}},
{"type":"Feature","properties":{"cons":"0780","motivo":"sin_npn"},"geometry":{"type":"Polygon","coordinates":[[[-73.2746473145634,10.443136872319148],[-73.27463444413074,10.443136970118424],[-73.27463231063217,10.443117222149551],[-73.27462293983994,10.443118127926653],[-73.27462589805363,10.443147154937547],[-73.274590930818,10.443151620345708],[-73.27458394485828,10.44307436856387],[-73.2745754397015,10.443046148926786],[-73.2746083607223,10.443040338206705],[-73.27460289788844,10.443016104508656],[-73.27461256993612,10.443014001515307],[-73.27462136972547,10.443051398879401],[-73.2746313267373,10.443051346229257],[-73.2746473145634,10.443136872319148]]]}},
{"type":"Feature","properties":{"cons":"0781","motivo":"sin_npn"},"geometry":{"type":"Polygon","coordinates":[[[-73.27449848058149,10.443116689666326],[-73.2745219040106,10.443113486815479],[-73.27451794931397,10.443085361706569],[-73.27458424455531,10.443077682659135],[-73.27458827271845,10.443122226690688],[-73.2745642364662,10.443123923802084],[-73.27456912670947,10.443165133648119],[-73.27453539216631,10.443168753525013],[-73.27453468280707,10.44315963431389],[-73.27450663356498,10.443165403824086],[-73.27449848058149,10.443116689666326]]]}},
{"type":"Feature","properties":{"cons":"0784","motivo":"sin_npn"},"geometry":{"type":"Polygon","coordinates":[[[-73.27428664235849,10.44318023037021],[-73.27430836441918,10.443172780082309],[-73.27430303265581,10.443160096909248],[-73.27428159260317,10.44316664702323],[-73.27426986205344,10.44313509298877],[-73.27431829826814,10.443123881279938],[-73.27434643530738,10.44322258472774],[-73.2743398496941,10.44322422222146],[-73.27433621652699,10.443218001161966],[-73.2743050995484,10.443229878391236],[-73.27428664235849,10.44318023037021]]]}},
{"type":"Feature","properties":{"cons":"0785","motivo":"sin_npn"},"geometry":{"type":"Polygon","coordinates":[[[-73.27423663535102,10.443175075278413],[-73.27424661944472,10.443171277069677],[-73.27423013648247,10.443128679525877],[-73.27426370369903,10.443118527613214],[-73.27429010489789,10.443189544261202],[-73.27425849472235,10.443199515075722],[-73.27425388829253,10.44318659188731],[-73.27424147675298,10.443190038039093],[-73.27423663535102,10.443175075278413]]]}},
{"type":"Feature","properties":{"cons":"0786","motivo":"sin_npn"},"geometry":{"type":"Polygon","coordinates":[[[-73.27417950835103,10.443105540098312],[-73.27418963273271,10.443135177878018],[-73.27417403956345,10.443142013925899],[-73.27417876250759,10.443149909792652],[-73.27421917032729,10.443134401934826],[-73.27422606192388,10.443150011694385],[-73.27416176480732,10.443171924272368],[-73.27412576787007,10.443122976324059],[-73.27417950835103,10.443105540098312]]]}},
{"type":"Feature","properties":{"cons":"0755","motivo":"sin_npn"},"geometry":{"type":"Polygon","coordinates":[[[-73.27582872166066,10.443029889588049],[-73.2757911642809,10.443044871579968],[-73.27578180514831,10.443022174377434],[-73.27582024723574,10.443008974642057],[-73.27582872166066,10.443029889588049]]]}},
{"type":"Feature","properties":{"cons":"0755","motivo":"sin_npn"},"geometry":{"type":"Polygon","coordinates":[[[-73.27574005713434,10.443057475794276],[-73.27572955688524,10.443011686266715],[-73.27575712028417,10.443003523154044],[-73.27577001123002,10.443050088416785],[-73.27574005713434,10.443057475794276]]]}},
{"type":"Feature","properties":{"cons":"0755","motivo":"sin_npn"},"geometry":{"type":"Polygon","coordinates":[[[-73.27566168190242,10.442959449059957],[-73.27573189983875,10.442935205458381],[-73.2757395509255,10.442963320546125],[-73.27567209393733,10.442984205849465],[-73.27566168190242,10.442959449059957]]]}},
{"type":"Feature","properties":{"cons":"0755","motivo":"sin_npn"},"geometry":{"type":"Polygon","coordinates":[[[-73.27577001123,10.443050088416785],[-73.27577882921737,10.44307568095644],[-73.27574836628378,10.443086838969016],[-73.27574005713434,10.443057475794276],[-73.27577001123,10.443050088416785]]]}},
{"type":"Feature","properties":{"cons":"0761","motivo":"sin_npn"},"geometry":{"type":"Polygon","coordinates":[[[-73.27541643429822,10.442956719138607],[-73.27545052981598,10.44295014329909],[-73.27545963923009,10.442995739531245],[-73.27548405783376,10.44299114610676],[-73.27548789700438,10.443018552909185],[-73.27543122615472,10.443032800105318],[-73.27541643429822,10.442956719138607]]]}},
{"type":"Feature","properties":{"cons":"0763","motivo":"sin_npn"},"geometry":{"type":"Polygon","coordinates":[[[-73.27537195781285,10.443047700305542],[-73.27537524517857,10.443076547116284],[-73.27533323292009,10.443086458243137],[-73.2753289085917,10.443058522972999],[-73.27537195781285,10.443047700305542]]]}},
{"type":"Feature","properties":{"cons":"0767","motivo":"sin_npn"},"geometry":{"type":"Polygon","coordinates":[[[-73.27519250259564,10.442977745539071],[-73.27521330675678,10.44297450589616],[-73.27521650529867,10.442994227419023],[-73.27519546259957,10.44299715228475],[-73.27519250259564,10.442977745539071]]]}},
{"type":"Feature","properties":{"cons":"0770","motivo":"sin_npn"},"geometry":{"type":"Polygon","coordinates":[[[-73.2751412982285,10.443087822277924],[-73.27514237744677,10.443107539577593],[-73.2751152935059,10.443110914393674],[-73.27511126567389,10.443091506086462],[-73.2751412982285,10.443087822277924]]]}},
{"type":"Feature","properties":{"cons":"0773","motivo":"sin_npn"},"geometry":{"type":"Polygon","coordinates":[[[-73.27489487198137,10.442888641630294],[-73.27491390928594,10.442879348819389],[-73.27492480765258,10.442896695325137],[-73.27490538662539,10.442906507408823],[-73.27489487198137,10.442888641630294]]]}},
{"type":"Feature","properties":{"cons":"0774","motivo":"sin_npn"},"geometry":{"type":"Polygon","coordinates":[[[-73.27492515890886,10.443021622873927],[-73.27493575212208,10.443079423672875],[-73.27489282126875,10.443083572958107],[-73.27488624912084,10.4430354609127],[-73.27490245182902,10.443034250007326],[-73.27490294036089,10.44303975559258],[-73.27490971060917,10.443038074023498],[-73.27490969693748,10.443022513584122],[-73.27492515890886,10.443021622873927]]]}},
{"type":"Feature","properties":{"cons":"0774","motivo":"sin_npn"},"geometry":{"type":"Polygon","coordinates":[[[-73.27486205691302,10.442975797508629],[-73.27491499527797,10.442966166025691],[-73.27492231833274,10.443006123553255],[-73.27487002864972,10.443016794799975],[-73.27486205691302,10.442975797508629]]]}},
{"type":"Feature","properties":{"cons":"0774","motivo":"sin_npn"},"geometry":{"type":"Polygon","coordinates":[[[-73.27485446893711,10.44292369240976],[-73.27488058253262,10.442916966969547],[-73.27489028985578,10.442955021871333],[-73.2748656554991,10.442962424458216],[-73.27485446893711,10.44292369240976]]]}},
{"type":"Feature","properties":{"cons":"0777","motivo":"sin_npn"},"geometry":{"type":"Polygon","coordinates":[[[-73.27470460154058,10.442954247262653],[-73.27471002569412,10.44296964023165],[-73.27468634293497,10.442982216035734],[-73.27468140762474,10.44296549381139],[-73.27470460154058,10.442954247262653]]]}},
{"type":"Feature","properties":{"cons":"0243","motivo":"sin_npn"},"geometry":{"type":"Polygon","coordinates":[[[-73.29624612741827,10.476738129704454],[-73.29627968987089,10.476736270916833],[-73.29628633526943,10.476771040416232],[-73.29624961553951,10.476774110593215],[-73.29624612741827,10.476738129704454]]]}},
{"type":"Feature","properties":{"cons":"0242","motivo":"sin_npn"},"geometry":{"type":"Polygon","coordinates":[[[-73.29632626724015,10.47673545493906],[-73.29636627896848,10.476734753977695],[-73.29637105394306,10.476777921825734],[-73.29633101572192,10.476781266082792],[-73.29632626724015,10.47673545493906]]]}},
{"type":"Feature","properties":{"cons":"0242","motivo":"sin_npn"},"geometry":{"type":"Polygon","coordinates":[[[-73.29633101572192,10.476781266082792],[-73.29637105394306,10.476777921825734],[-73.2963755065358,10.476818175189798],[-73.29633491836393,10.476818916946478],[-73.29633101572192,10.476781266082792]]]}},
{"type":"Feature","properties":{"cons":"0241","motivo":"sin_npn"},"geometry":{"type":"Polygon","coordinates":[[[-73.29642933403211,10.476704661611224],[-73.29636346801023,10.476712931177655],[-73.29635872517633,10.476676110304563],[-73.29642498898127,10.47666623359765],[-73.29642933403211,10.476704661611224]]]}},
{"type":"Feature","properties":{"cons":"0240","motivo":"sin_npn"},"geometry":{"type":"Polygon","coordinates":[[[-73.29644226390427,10.476819014478805],[-73.29649152620624,10.476813684082696],[-73.29649305656487,10.476821236032372],[-73.29644339188071,10.476828990391876],[-73.29644226390427,10.476819014478805]]]}},
{"type":"Feature","properties":{"cons":"0240","motivo":"sin_npn"},"geometry":{"type":"Polygon","coordinates":[[[-73.29649305656487,10.476821236032372],[-73.29649152620624,10.476813684082696],[-73.29644226390427,10.476819014478805],[-73.29643876605637,10.476788079229818],[-73.29650571944406,10.476779212272621],[-73.2965103499494,10.47681853594039],[-73.29649305656487,10.476821236032372]]]}},
{"type":"Feature","properties":{"cons":"0240","motivo":"sin_npn"},"geometry":{"type":"Polygon","coordinates":[[[-73.29644576859587,10.476704205481026],[-73.29647569836015,10.476702082942097],[-73.2964827260576,10.476752642942994],[-73.29645307398987,10.476755966902218],[-73.29644576859587,10.476704205481026]]]}},
{"type":"Feature","properties":{"cons":"0239","motivo":"sin_npn"},"geometry":{"type":"Polygon","coordinates":[[[-73.29656363678455,10.476784171869722],[-73.29655974132272,10.476757363748188],[-73.29654329556496,10.476759054801851],[-73.2965372139173,10.476722433700536],[-73.29655583607297,10.476720261838667],[-73.29654738480507,10.476643620982124],[-73.29657775108303,10.476642139101063],[-73.29659793463578,10.476780624008722],[-73.29656363678455,10.476784171869722]]]}},
{"type":"Feature","properties":{"cons":"0237","motivo":"sin_npn"},"geometry":{"type":"Polygon","coordinates":[[[-73.29668522243988,10.476737672661194],[-73.29671182474603,10.476733757771267],[-73.29671626492744,10.476792697656842],[-73.29668779163701,10.476796268381005],[-73.29668522243988,10.476737672661194]]]}},
{"type":"Feature","properties":{"cons":"0237","motivo":"sin_npn"},"geometry":{"type":"Polygon","coordinates":[[[-73.29668069316571,10.476637115483141],[-73.2967124363747,10.476635566394195],[-73.2967132698301,10.47666373466654],[-73.29668213013869,10.476665259878587],[-73.29668069316571,10.476637115483141]]]}},
{"type":"Feature","properties":{"cons":"0782","motivo":"sin_npn"},"geometry":{"type":"Polygon","coordinates":[[[-73.27442260568125,10.443182636628627],[-73.27453468280707,10.44315963431389],[-73.27453463766791,10.443182275748569],[-73.2744266523113,10.4432088059537],[-73.27442260568125,10.443182636628627]]]}},
{"type":"Feature","properties":{"cons":"0782","motivo":"sin_npn"},"geometry":{"type":"Polygon","coordinates":[[[-73.27449404095987,10.443090162875675],[-73.27450255707289,10.443141046745257],[-73.27444434505935,10.443151975826055],[-73.2744341438003,10.44310219114783],[-73.27449404095987,10.443090162875675]]]}},
{"type":"Feature","properties":{"cons":"0783","motivo":"sin_npn"},"geometry":{"type":"Polygon","coordinates":[[[-73.27438571021987,10.443167487289406],[-73.27439945703603,10.44321545369903],[-73.27435449851558,10.443226443572733],[-73.27434162387748,10.443178975691632],[-73.27438571021987,10.443167487289406]]]}},
{"type":"Feature","properties":{"cons":"0783","motivo":"sin_npn"},"geometry":{"type":"Polygon","coordinates":[[[-73.27439945703603,10.44321545369903],[-73.27440243944483,10.4432375743722],[-73.27436163558016,10.443246586615691],[-73.27435449851558,10.443226443572788],[-73.27439945703603,10.44321545369903]]]}},
{"type":"Feature","properties":{"cons":"0784","motivo":"sin_npn"},"geometry":{"type":"Polygon","coordinates":[[[-73.2743050995484,10.443229878391236],[-73.274336216527,10.443218001161966],[-73.27434427077475,10.44323606710927],[-73.27431214484959,10.443248829552127],[-73.2743050995484,10.443229878391236]]]}},
{"type":"Feature","properties":{"cons":"0784","motivo":"sin_npn"},"geometry":{"type":"Polygon","coordinates":[[[-73.27428159260317,10.44316664702323],[-73.27430303265581,10.443160096909248],[-73.27430836441918,10.443172780082309],[-73.27428664235849,10.44318023037021],[-73.27428159260317,10.44316664702323]]]}},
{"type":"Feature","properties":{"cons":"0785","motivo":"sin_npn"},"geometry":{"type":"Polygon","coordinates":[[[-73.27424147675298,10.443190038039093],[-73.27425388829253,10.44318659188731],[-73.27425849472235,10.443199515075722],[-73.27429010489791,10.443189544261202],[-73.27431214484959,10.443248829552127],[-73.27426638190107,10.443267009473105],[-73.27424147675298,10.443190038039093]]]}},
{"type":"Feature","properties":{"cons":"0785","motivo":"sin_npn"},"geometry":{"type":"Polygon","coordinates":[[[-73.27431214484959,10.443248829552127],[-73.27431489908315,10.443260990260478],[-73.27427041281136,10.443276588923688],[-73.27426638190107,10.443267009473105],[-73.27431214484959,10.443248829552127]]]}},
{"type":"Feature","properties":{"cons":"0786","motivo":"sin_npn"},"geometry":{"type":"Polygon","coordinates":[[[-73.27420589956249,10.443241345289447],[-73.27421946774965,10.443235337630384],[-73.2742085547232,10.443201233703213],[-73.27422777591876,10.443194753625443],[-73.27422231830404,10.44317644485722],[-73.27423663535102,10.443175075278413],[-73.27426497921196,10.443262674346785],[-73.27423727468714,10.44327087198616],[-73.2742347286805,10.443263333338285],[-73.27421983981858,10.44326866973044],[-73.27420589956249,10.443241345289447]]]}},
{"type":"Feature","properties":{"cons":"0788","motivo":"sin_npn"},"geometry":{"type":"Polygon","coordinates":[[[-73.2740642066881,10.443279211855584],[-73.27408092068458,10.44327136530861],[-73.27407727881935,10.443255209503535],[-73.27411608336394,10.44324153087683],[-73.27412552642129,10.443254090828063],[-73.2741197271186,10.44325984120391],[-73.27412227029104,10.443264148069069],[-73.27410957833838,10.443269904361381],[-73.27411466405401,10.443277799917599],[-73.2741338821102,10.443267728974542],[-73.27412806990834,10.443258756780253],[-73.27413863486196,10.443251674610291],[-73.27417147840292,10.443304711083188],[-73.27412535404787,10.443323034550867],[-73.27408376531251,10.443333364086635],[-73.2740642066881,10.443279211855584]]]}},
{"type":"Feature","properties":{"cons":"0789","motivo":"sin_npn"},"geometry":{"type":"Polygon","coordinates":[[[-73.27407888893863,10.443322055026192],[-73.27403232960066,10.443336127209921],[-73.27401510176982,10.443288752693109],[-73.27406161412365,10.443271646687084],[-73.27407888893863,10.443322055026192]]]}},
{"type":"Feature","properties":{"cons":"0841","motivo":"sin_npn"},"geometry":{"type":"Polygon","coordinates":[[[-73.27716211114276,10.447615174732132],[-73.27714695476341,10.447528693439518],[-73.27715755866896,10.447527069232505],[-73.27715425507516,10.447510793482495],[-73.27714408393372,10.447512312670394],[-73.27714034987488,10.447491006368397],[-73.27720369699308,10.447481632134028],[-73.2772305004828,10.447602164401133],[-73.27716211114276,10.447615174732132]]]}},
{"type":"Feature","properties":{"cons":"0797","motivo":"sin_npn"},"geometry":{"type":"Polygon","coordinates":[[[-73.27595334812867,10.448010629100946],[-73.27608896354914,10.448005566830137],[-73.27609116529312,10.448081920826384],[-73.27606214612693,10.448085297406028],[-73.27606079639256,10.448064531701661],[-73.27595650394638,10.448071205148965],[-73.27595334812867,10.448010629100946]]]}},
{"type":"Feature","properties":{"cons":"0796","motivo":"sin_npn"},"geometry":{"type":"Polygon","coordinates":[[[-73.27608825705798,10.44799300543115],[-73.27606950115158,10.447993903692613],[-73.27607059133607,10.44800618891754],[-73.27593093958284,10.448011486723233],[-73.27592912772155,10.44798224467694],[-73.27608699788614,10.447970617377178],[-73.27608825705798,10.44799300543115]]]}},
{"type":"Feature","properties":{"cons":"0795","motivo":"sin_npn"},"geometry":{"type":"Polygon","coordinates":[[[-73.27607875083864,10.447899301675367],[-73.27615613685697,10.447895045522545],[-73.27615371746353,10.447935129725751],[-73.27608355988639,10.44794106971703],[-73.27608699788614,10.447970617377178],[-73.2759567795016,10.44798081275753],[-73.27595293881419,10.447914323415693],[-73.2760791994833,10.447903594513287],[-73.27607875083864,10.447899301675367]]]}},
{"type":"Feature","properties":{"cons":"0794","motivo":"sin_npn"},"geometry":{"type":"Polygon","coordinates":[[[-73.27602454839116,10.447853044620265],[-73.2760321340455,10.447907593868266],[-73.27595293881417,10.447914323415693],[-73.2759498819349,10.447861403204724],[-73.27602454839116,10.447853044620265]]]}},
{"type":"Feature","properties":{"cons":"0793","motivo":"sin_npn"},"geometry":{"type":"Polygon","coordinates":[[[-73.27607334561188,10.44784758197434],[-73.27601742966363,10.447853841531593],[-73.27601695783098,10.447848728286848],[-73.27599761094528,10.447850085607934],[-73.27599842222385,10.447855969332895],[-73.2759498819349,10.447861403204724],[-73.27594678000527,10.447807703065202],[-73.27606916067714,10.447796770669042],[-73.27607334561188,10.44784758197434]]]}},
{"type":"Feature","properties":{"cons":"0798","motivo":"sin_npn"},"geometry":{"type":"Polygon","coordinates":[[[-73.276153274849,10.448060560175803],[-73.27609056127325,10.44806097410496],[-73.27608825705798,10.44799300543115],[-73.27609670859323,10.447992982442049],[-73.27609668191104,10.447962759293342],[-73.27612721427192,10.447961236685646],[-73.27612722299081,10.447971111575786],[-73.27614173351948,10.44797050054421],[-73.27614232995592,10.447961223609205],[-73.27615362540323,10.447961218232175],[-73.276153274849,10.448060560175803]]]}},
{"type":"Feature","properties":{"cons":"0799","motivo":"sin_npn"},"geometry":{"type":"Polygon","coordinates":[[[-73.27615319999967,10.448081771406008],[-73.27615443197135,10.447922620903805],[-73.27618844338127,10.44792137947956],[-73.27618793245178,10.447935497451084],[-73.2762092158404,10.447936053574287],[-73.2762092290336,10.447950991589833],[-73.27622810299424,10.44795199606911],[-73.27622103106422,10.448071285436036],[-73.27615319999967,10.448081771406008]],[[-73.27617673661398,10.447965000165807],[-73.27616319211542,10.447964054318705],[-73.27616319967747,10.447972617867839],[-73.27617655023641,10.447973043880067],[-73.27617673661398,10.447965000165807]]]}},
{"type":"Feature","properties":{"cons":"0800","motivo":"sin_npn"},"geometry":{"type":"Polygon","coordinates":[[[-73.27623000800291,10.447919862356384],[-73.27626404887097,10.447920231881845],[-73.27626127933983,10.448048911118619],[-73.2762523219331,10.448054882108519],[-73.27625111796465,10.448060867936887],[-73.27622159299506,10.448061806785422],[-73.27623000800291,10.447919862356384]],[[-73.27625240193315,10.447959269091669],[-73.27625278415789,10.447953906392243],[-73.27624233619746,10.447953915434365],[-73.27624234126186,10.447959648929722],[-73.27625240193315,10.447959269091669]]]}},
{"type":"Feature","properties":{"cons":"0792","motivo":"sin_npn"},"geometry":{"type":"Polygon","coordinates":[[[-73.27606916067712,10.447796770669042],[-73.27610602822145,10.447793477242607],[-73.27611282575837,10.447897427591537],[-73.27607875083862,10.447899301675367],[-73.27606916067712,10.447796770669042]]]}},
{"type":"Feature","properties":{"cons":"0791","motivo":"sin_npn"},"geometry":{"type":"Polygon","coordinates":[[[-73.27610602822145,10.447793477242607],[-73.27616742300914,10.44778799275549],[-73.27617572614506,10.447894310399858],[-73.27611282575837,10.447897427591537],[-73.27610602822145,10.447793477242607]]]}},
{"type":"Feature","properties":{"cons":"0790","motivo":"sin_npn"},"geometry":{"type":"Polygon","coordinates":[[[-73.27617550310485,10.447890184450781],[-73.27616742300914,10.44778799275549],[-73.27625989695382,10.447779731898793],[-73.27625550979906,10.447900770958844],[-73.27622472839994,10.447899347424839],[-73.27622710382762,10.447850569359522],[-73.27620261880686,10.447853283701146],[-73.2762041610312,10.447887994128207],[-73.27617550310485,10.447890184450781]]]}},
{"type":"Feature","properties":{"cons":"0801","motivo":"sin_npn"},"geometry":{"type":"Polygon","coordinates":[[[-73.2763537083941,10.44793993997336],[-73.27637095199208,10.448042131230268],[-73.27630047118835,10.448052648201848],[-73.27629753198617,10.448001033425834],[-73.27630471506916,10.448001165195489],[-73.276304104361,10.447994283219796],[-73.2763074298118,10.447994280341188],[-73.27630048817348,10.447947264945594],[-73.2763537083941,10.44793993997336]]]}},
{"type":"Feature","properties":{"cons":"0804","motivo":"sin_npn"},"geometry":{"type":"Polygon","coordinates":[[[-73.27642572918845,10.447874909666655],[-73.27631974287718,10.44788799150808],[-73.27631540607403,10.447839546160193],[-73.2764198251374,10.44782892407843],[-73.27642572918845,10.447874909666655]]]}},
{"type":"Feature","properties":{"cons":"0805","motivo":"sin_npn"},"geometry":{"type":"Polygon","coordinates":[[[-73.2764337682643,10.447827505704169],[-73.2763174919149,10.447839333977296],[-73.27631587360243,10.447811155180405],[-73.27643093362545,10.447799424135383],[-73.2764337682643,10.447827505704169]]]}},
{"type":"Feature","properties":{"cons":"0806","motivo":"sin_npn"},"geometry":{"type":"Polygon","coordinates":[[[-73.27643629943691,10.447798877058363],[-73.27633246438798,10.447809463655041],[-73.27633199488126,10.447799880694335],[-73.27632316785527,10.447800486814385],[-73.27632393760629,10.447810333009237],[-73.27629576326281,10.447814193661067],[-73.2762942560065,10.447783279807322],[-73.27643456112385,10.447771085022474],[-73.27643629943691,10.447798877058363]]]}},
{"type":"Feature","properties":{"cons":"0807","motivo":"sin_npn"},"geometry":{"type":"Polygon","coordinates":[[[-73.27641135196637,10.447773102278088],[-73.27631764054212,10.44778124731716],[-73.27631399443342,10.447739295494653],[-73.27640540000635,10.447728390770708],[-73.27641135196637,10.447773102278088]]]}},
{"type":"Feature","properties":{"cons":"0808","motivo":"sin_npn"},"geometry":{"type":"Polygon","coordinates":[[[-73.27642819407355,10.447725671424559],[-73.27631099465177,10.447739653369428],[-73.27630646727309,10.44770199125838],[-73.2764238527194,10.447686204090331],[-73.27642819407355,10.447725671424559]]]}},
{"type":"Feature","properties":{"cons":"0826","motivo":"sin_npn"},"geometry":{"type":"Polygon","coordinates":[[[-73.27637270245098,10.4468382396286],[-73.2764141294872,10.446818707716252],[-73.27641527366542,10.446881906073731],[-73.27635145501328,10.446883602638483],[-73.27637354970707,10.446846057855137],[-73.27637270245098,10.4468382396286]]]}},
{"type":"Feature","properties":{"cons":"0810","motivo":"sin_npn"},"geometry":{"type":"Polygon","coordinates":[[[-73.27636289744011,10.447531133544373],[-73.27637923251694,10.447643358265815],[-73.27636767555599,10.447644329142863],[-73.27637100070196,10.447665598991074],[-73.27630866577479,10.447673637236484],[-73.27629136994325,10.447560320917558],[-73.27627902024149,10.447561961680425],[-73.27627741682382,10.447541329768699],[-73.27630743693193,10.447537748939046],[-73.27631071427133,10.447556090883731],[-73.27632328931949,10.447554739406208],[-73.27632046236474,10.447536195250983],[-73.27636289744011,10.447531133544373]]]}},
{"type":"Feature","properties":{"cons":"0811","motivo":"sin_npn"},"geometry":{"type":"Polygon","coordinates":[[[-73.27637934615616,10.447468231651152],[-73.27638543999217,10.44752844463943],[-73.27627741682382,10.447541329768699],[-73.27627450356859,10.447516435134892],[-73.27628787169964,10.447515294411328],[-73.2762867052337,10.447508975486322],[-73.27629096146573,10.447508588776019],[-73.27628733506155,10.447479569524894],[-73.27637934615616,10.447468231651152]]]}},
{"type":"Feature","properties":{"cons":"0812","motivo":"sin_npn"},"geometry":{"type":"Polygon","coordinates":[[[-73.27626434728407,10.447429952773602],[-73.27640119961559,10.44741464075307],[-73.2764042834501,10.447465158800766],[-73.27627041895036,10.447481653974158],[-73.27626434728407,10.447429952773602]]]}},
{"type":"Feature","properties":{"cons":"0813","motivo":"sin_npn"},"geometry":{"type":"Polygon","coordinates":[[[-73.27638372505064,10.447371947566776],[-73.27638393376817,10.447416572583267],[-73.27626434728407,10.447429952773602],[-73.27626199773829,10.447397211434676],[-73.27627675348879,10.447395368910904],[-73.27627551247274,10.44737678373819],[-73.27638372505064,10.447371947566776]]]}},
{"type":"Feature","properties":{"cons":"0814","motivo":"sin_npn"},"geometry":{"type":"Polygon","coordinates":[[[-73.27638328919988,10.44733178084672],[-73.27638372505064,10.447371947566776],[-73.27627926244256,10.447376530457468],[-73.2762792153791,10.447335527766556],[-73.27638328919988,10.44733178084672]]]}},
{"type":"Feature","properties":{"cons":"0815","motivo":"sin_npn"},"geometry":{"type":"Polygon","coordinates":[[[-73.276383161333,10.447267244478128],[-73.27638328919987,10.44733178084672],[-73.27627921537905,10.447335527766558],[-73.27627888911384,10.447265713666772],[-73.276383161333,10.447267244478128]]]}},
{"type":"Feature","properties":{"cons":"0816","motivo":"sin_npn"},"geometry":{"type":"Polygon","coordinates":[[[-73.27640276178539,10.44723012677658],[-73.27640190184732,10.447267519602361],[-73.27625393758692,10.447265347350518],[-73.2762522211782,10.4472349699309],[-73.27626790113604,10.447234956361056],[-73.27626790010893,10.44722723300309],[-73.27640276178539,10.44723012677658]]]}},
{"type":"Feature","properties":{"cons":"0817","motivo":"sin_npn"},"geometry":{"type":"Polygon","coordinates":[[[-73.27637971963588,10.447194549870245],[-73.27637839029848,10.447229603833417],[-73.27627099729685,10.447227299461161],[-73.27627276826173,10.447191709573449],[-73.27637971963588,10.447194549870245]]]}},
{"type":"Feature","properties":{"cons":"0818","motivo":"sin_npn"},"geometry":{"type":"Polygon","coordinates":[[[-73.27638094796454,10.447162159452983],[-73.27637971963588,10.447194549870245],[-73.27625298196028,10.447191184106684],[-73.27625420270066,10.447157225997795],[-73.27638094796454,10.447162159452983]]]}},
{"type":"Feature","properties":{"cons":"0819","motivo":"sin_npn"},"geometry":{"type":"Polygon","coordinates":[[[-73.2763989969721,10.447162903293428],[-73.27627744429553,10.447157893812541],[-73.27627746823356,10.447146765839921],[-73.27626471494368,10.447146446855308],[-73.2762722785816,10.447123934292033],[-73.27640029402144,10.447132965383421],[-73.2763989969721,10.447162903293428]]]}},
{"type":"Feature","properties":{"cons":"0820","motivo":"sin_npn"},"geometry":{"type":"Polygon","coordinates":[[[-73.27640498862868,10.447133296572371],[-73.27628309563731,10.447124697403721],[-73.27628316356963,10.447112267592459],[-73.27627619626402,10.447112273622508],[-73.27628161656568,10.447096140525087],[-73.27640567453494,10.447103471189429],[-73.27640498862868,10.447133296572371]]]}},
{"type":"Feature","properties":{"cons":"0821","motivo":"sin_npn"},"geometry":{"type":"Polygon","coordinates":[[[-73.27631093924484,10.447097616267067],[-73.27631093465592,10.447092421942072],[-73.27632907247431,10.447091328980354],[-73.2763290620049,10.447079479111704],[-73.27631599987025,10.44707697680797],[-73.27631608693119,10.447068461273377],[-73.27636916191464,10.4470708122844],[-73.27636755758887,10.44710098749869],[-73.27631093924484,10.447097616267067]]]}},
{"type":"Feature","properties":{"cons":"0822","motivo":"sin_npn"},"geometry":{"type":"Polygon","coordinates":[[[-73.27638870383466,10.447046713405284],[-73.27638813212393,10.44707165258721],[-73.2762968160851,10.447067607649188],[-73.27630045658375,10.447041532391417],[-73.27638870383466,10.447046713405284]]]}},
{"type":"Feature","properties":{"cons":"0823","motivo":"sin_npn"},"geometry":{"type":"Polygon","coordinates":[[[-73.27639045695285,10.447023140149945],[-73.27638870383466,10.447046713405284],[-73.27630045658375,10.447041532391417],[-73.27630409708193,10.44701545713348],[-73.27639045695285,10.447023140149945]]]}},
{"type":"Feature","properties":{"cons":"0824","motivo":"sin_npn"},"geometry":{"type":"Polygon","coordinates":[[[-73.27640581465833,10.446981642073219],[-73.27640086390197,10.447024109461228],[-73.27631308939866,10.44701593406512],[-73.27631870826944,10.446988051663809],[-73.2763318363334,10.44698948945688],[-73.27633370904773,10.446974710594507],[-73.27640581465833,10.446981642073219]]]}},
{"type":"Feature","properties":{"cons":"0825","motivo":"sin_npn"},"geometry":{"type":"Polygon","coordinates":[[[-73.27633959119848,10.446916634018358],[-73.276411737669,10.446919274610728],[-73.27640581465833,10.446981642073219],[-73.2763216307476,10.446973549511492],[-73.27633959119848,10.446916634018358]]]}},
{"type":"Feature","properties":{"cons":"0809","motivo":"sin_npn"},"geometry":{"type":"Polygon","coordinates":[[[-73.27641158453167,10.447638231425415],[-73.27637923251694,10.447643358265815],[-73.27636289744011,10.447531133544373],[-73.27639446232277,10.44752736844364],[-73.27641158453167,10.447638231425415]]]}},
{"type":"Feature","properties":{"cons":"0831","motivo":"sin_npn"},"geometry":{"type":"Polygon","coordinates":[[[-73.27667605082272,10.447645741684632],[-73.27666406464833,10.447646193600578],[-73.27666553975145,10.447656991586644],[-73.2766277888935,10.447658979497891],[-73.27661466156448,10.447568798280024],[-73.27666151895943,10.447561864309785],[-73.27667605082272,10.447645741684632]]]}},
{"type":"Feature","properties":{"cons":"0827","motivo":"sin_npn"},"geometry":{"type":"Polygon","coordinates":[[[-73.27667217178268,10.447707228443882],[-73.27651401447363,10.447735537923435],[-73.27650561032848,10.44769977859278],[-73.27666751884726,10.447672314040757],[-73.27667217178268,10.447707228443882]]]}},
{"type":"Feature","properties":{"cons":"0828","motivo":"sin_npn"},"geometry":{"type":"Polygon","coordinates":[[[-73.27655664922153,10.447665988947067],[-73.27653137024862,10.447670247728091],[-73.27653667654108,10.447694508835959],[-73.27649714714012,10.447701581359693],[-73.27647831280413,10.447588975166479],[-73.27654132656414,10.447579650399213],[-73.27655664922153,10.447665988947067]]]}},
{"type":"Feature","properties":{"cons":"0829","motivo":"sin_npn"},"geometry":{"type":"Polygon","coordinates":[[[-73.27658980938918,10.447663047232112],[-73.27655664922152,10.447665988947067],[-73.27654132656414,10.447579650399213],[-73.27657712043124,10.4475743536221],[-73.27658980938918,10.447663047232112]]]}},
{"type":"Feature","properties":{"cons":"0830","motivo":"sin_npn"},"geometry":{"type":"Polygon","coordinates":[[[-73.2766277888935,10.447658979497891],[-73.27658980938918,10.447663047232135],[-73.27657712043124,10.4475743536221],[-73.2766146615645,10.447568798280024],[-73.2766277888935,10.447658979497891]]]}},
{"type":"Feature","properties":{"cons":"0833","motivo":"sin_npn"},"geometry":{"type":"Polygon","coordinates":[[[-73.27672994711088,10.447561762651237],[-73.27675817207759,10.447557412109076],[-73.27677992591909,10.44769547119925],[-73.27675528011854,10.44769942846794],[-73.27672994711088,10.447561762651237]]]}},
{"type":"Feature","properties":{"cons":"0834","motivo":"sin_npn"},"geometry":{"type":"Polygon","coordinates":[[[-73.27675817207759,10.447557412109076],[-73.2767844239728,10.447553365690018],[-73.27680664491531,10.447689223852644],[-73.27681498749385,10.447687780269362],[-73.27682252073916,10.447727322984152],[-73.2767944828057,10.447730261767061],[-73.27678645493529,10.447694388276465],[-73.27677992591909,10.44769547119925],[-73.27675817207759,10.447557412109076]]]}},
{"type":"Feature","properties":{"cons":"0835","motivo":"sin_npn"},"geometry":{"type":"Polygon","coordinates":[[[-73.27679926474218,10.447644101714618],[-73.27682166051112,10.447640401207519],[-73.27682695115824,10.44767879271486],[-73.27683783316888,10.447677346928682],[-73.27684796618139,10.447724555379105],[-73.27682252073916,10.447727322984152],[-73.27681498749385,10.447687780269362],[-73.27680664491531,10.447689223852644],[-73.27679926474218,10.447644101714618]]]}},
{"type":"Feature","properties":{"cons":"0836","motivo":"sin_npn"},"geometry":{"type":"Polygon","coordinates":[[[-73.27688515854476,10.447720510101881],[-73.27684796618139,10.447724555379105],[-73.27683783316888,10.447677346928682],[-73.27682695115824,10.44767879271486],[-73.27681998350141,10.447628232007556],[-73.27683006459125,10.44762701407109],[-73.27682933352988,10.447620790527324],[-73.2768191130103,10.447621915299452],[-73.27680699369132,10.447533605579357],[-73.27683482766324,10.447529439985603],[-73.2768338295724,10.44752280969179],[-73.27686042974662,10.44751895635854],[-73.27688515854476,10.447720510101881]]]}},
{"type":"Feature","properties":{"cons":"0837","motivo":"sin_npn"},"geometry":{"type":"Polygon","coordinates":[[[-73.27688337142573,10.44751530222531],[-73.2768876719629,10.447539153327329],[-73.27692311611021,10.447534497743638],[-73.27694678653886,10.447686029723],[-73.27688202698195,10.44769436604714],[-73.27686042974662,10.44751895635854],[-73.27688337142573,10.44751530222531]],[[-73.27690667310385,10.447665973981485],[-73.27690448636186,10.447654932386143],[-73.27689771505122,10.447655512799509],[-73.2768990794192,10.447666810892375],[-73.27690667310385,10.447665973981485]]]}},
{"type":"Feature","properties":{"cons":"0838","motivo":"sin_npn"},"geometry":{"type":"Polygon","coordinates":[[[-73.27693540855482,10.447613190824079],[-73.2769614985117,10.447609230975058],[-73.27696271666892,10.447619284358963],[-73.27700474764644,10.447613870077507],[-73.27701318998727,10.447694191591358],[-73.27694912448803,10.447700996661728],[-73.27693540855482,10.447613190824079]]]}},
{"type":"Feature","properties":{"cons":"0839","motivo":"sin_npn"},"geometry":{"type":"Polygon","coordinates":[[[-73.27712120069899,10.447658917361116],[-73.27706362935406,10.447660707262095],[-73.277067314062,10.447700353687885],[-73.27701304860507,10.447706237450452],[-73.27700992721398,10.447663149153254],[-73.27702203315526,10.447663137278385],[-73.27700757353772,10.447520026941701],[-73.27709512068996,10.447508257759774],[-73.27711185806109,10.447604946612088],[-73.27706086569465,10.447612352588735],[-73.27706299646812,10.44762880890122],[-73.27711517430251,10.447624103948334],[-73.27712120069899,10.447658917361116]]]}},
{"type":"Feature","properties":{"cons":"0843","motivo":"sin_npn"},"geometry":{"type":"Polygon","coordinates":[[[-73.27721269131092,10.447681423533124],[-73.27712722709698,10.44769373077369],[-73.27712120069904,10.447658917361116],[-73.27720529359871,10.447644399409619],[-73.27721269131092,10.447681423533124]]]}},
{"type":"Feature","properties":{"cons":"0842","motivo":"sin_npn"},"geometry":{"type":"Polygon","coordinates":[[[-73.27723861334819,10.447638647020847],[-73.27713346878355,10.447656799378105],[-73.2771311814146,10.447646021803978],[-73.27711938487532,10.447648427673785],[-73.27711517430255,10.447624103948334],[-73.2772305004828,10.447602164401133],[-73.27723861334819,10.447638647020847]]]}},
{"type":"Feature","properties":{"cons":"0840","motivo":"sin_npn"},"geometry":{"type":"Polygon","coordinates":[[[-73.27714208673136,10.44756625907599],[-73.27715331467934,10.44756498270336],[-73.27716211114276,10.447615174732132],[-73.27711517430255,10.447624103948334],[-73.27709333864188,10.447497963177033],[-73.27712965981995,10.447492588303032],[-73.2771350009544,10.44752425229014],[-73.27712761616615,10.447525515245443],[-73.27712907554258,10.447534850244875],[-73.27713662974212,10.447533908273483],[-73.27714208673136,10.44756625907599]]]}},
{"type":"Feature","properties":{"cons":"0791","motivo":"sin_npn"},"geometry":{"type":"Polygon","coordinates":[[[-73.27610602822145,10.447793477242607],[-73.27616742300914,10.44778799275549],[-73.27617572614506,10.447894310399858],[-73.27611282575837,10.447897427591537],[-73.27610602822145,10.447793477242607]]]}},
{"type":"Feature","properties":{"cons":"0794","motivo":"sin_npn"},"geometry":{"type":"Polygon","coordinates":[[[-73.27602664084695,10.447865746631456],[-73.27605445200676,10.447863807448968],[-73.27605786708006,10.44789684051721],[-73.27603175056393,10.447900693366265],[-73.27602664084695,10.447865746631456]]]}},
{"type":"Feature","properties":{"cons":"0796","motivo":"sin_npn"},"geometry":{"type":"Polygon","coordinates":[[[-73.27607059133607,10.44800618891754],[-73.27593093958284,10.448011486723233],[-73.27592912772155,10.44798224467694],[-73.27606818550267,10.44797209028625],[-73.27607059133607,10.44800618891754]]]}},
{"type":"Feature","properties":{"cons":"0797","motivo":"sin_npn"},"geometry":{"type":"Polygon","coordinates":[[[-73.27595334812867,10.448010629100946],[-73.27595650394638,10.448071205148965],[-73.27606079639256,10.448064531701661],[-73.27606214612693,10.448085297406028],[-73.2759359053743,10.448091630741276],[-73.27593093958284,10.448011486723233],[-73.27595334812867,10.448010629100946]]]}},
{"type":"Feature","properties":{"cons":"0797","motivo":"sin_npn"},"geometry":{"type":"Polygon","coordinates":[[[-73.27605049442542,10.448006911089157],[-73.27605156033924,10.448065122698049],[-73.27595650394638,10.448071205148965],[-73.27595334812867,10.448010629100946],[-73.27605049442542,10.448006911089157]]]}},
{"type":"Feature","properties":{"cons":"0797","motivo":"sin_npn"},"geometry":{"type":"Polygon","coordinates":[[[-73.27606214612693,10.448085297406028],[-73.27606101529071,10.448006513164183],[-73.27608896354914,10.448005566830137],[-73.27609116529312,10.448081920826384],[-73.27606214612693,10.448085297406028]]]}},
{"type":"Feature","properties":{"cons":"0798","motivo":"sin_npn"},"geometry":{"type":"Polygon","coordinates":[[[-73.27612482773146,10.447997446708333],[-73.27609681310275,10.447998033040651],[-73.27609668191104,10.447962759293342],[-73.27612721427192,10.447961236685646],[-73.27612722299081,10.447971111575786],[-73.27614173351948,10.44797050054421],[-73.27614232995592,10.447961223609205],[-73.27615362540323,10.447961218232175],[-73.276153274849,10.448060560175803],[-73.27612548810694,10.448060585634153],[-73.27612482773146,10.447997446708333]]]}},
{"type":"Feature","properties":{"cons":"0798","motivo":"sin_npn"},"geometry":{"type":"Polygon","coordinates":[[[-73.27609056127325,10.44806097410496],[-73.276153274849,10.448060560175803],[-73.27615319999967,10.448081771406008],[-73.27609116529312,10.448081920826384],[-73.27609056127325,10.44806097410496]]]}},
{"type":"Feature","properties":{"cons":"0800","motivo":"sin_npn"},"geometry":{"type":"Polygon","coordinates":[[[-73.27623000800291,10.447919862356384],[-73.27626404887097,10.447920231881845],[-73.27626127933983,10.448048911118619],[-73.2762523219331,10.448054882108519],[-73.27625111796465,10.448060867936887],[-73.27622159299506,10.448061806785422],[-73.27623000800291,10.447919862356384]],[[-73.27625240193315,10.447959269091669],[-73.27625278415789,10.447953906392243],[-73.27624233619746,10.447953915434365],[-73.27624234126186,10.447959648929722],[-73.27625240193315,10.447959269091669]]]}},
{"type":"Feature","properties":{"cons":"0803","motivo":"sin_npn"},"geometry":{"type":"Polygon","coordinates":[[[-73.27635583527761,10.447952544591573],[-73.27638750063078,10.447946332728238],[-73.27640284397019,10.44803157799713],[-73.27637095199208,10.448042131230268],[-73.27635583527761,10.447952544591573]]]}},
{"type":"Feature","properties":{"cons":"0809","motivo":"sin_npn"},"geometry":{"type":"Polygon","coordinates":[[[-73.27637923251694,10.447643358265815],[-73.27641158453167,10.447638231425415],[-73.2764149362868,10.447659933379507],[-73.2763822585001,10.447664147268394],[-73.27637923251694,10.447643358265815]]]}},
{"type":"Feature","properties":{"cons":"0813","motivo":"sin_npn"},"geometry":{"type":"Polygon","coordinates":[[[-73.27638372505064,10.447371947566776],[-73.27639951327711,10.447371382164992],[-73.27640119961558,10.44741464075307],[-73.27638393376817,10.447416572583267],[-73.27638372505064,10.447371947566776]]]}},
{"type":"Feature","properties":{"cons":"0814","motivo":"sin_npn"},"geometry":{"type":"Polygon","coordinates":[[[-73.27638328919988,10.44733178084672],[-73.27640043820392,10.447331163436084],[-73.2763995132771,10.447371382164992],[-73.27638372505064,10.447371947566776],[-73.27638328919988,10.44733178084672]]]}},
{"type":"Feature","properties":{"cons":"0815","motivo":"sin_npn"},"geometry":{"type":"Polygon","coordinates":[[[-73.276383161333,10.447267244478128],[-73.27640190184732,10.447267519602361],[-73.27640043820392,10.447331163436084],[-73.27638328919987,10.44733178084672],[-73.276383161333,10.447267244478128]]]}},
{"type":"Feature","properties":{"cons":"0828","motivo":"sin_npn"},"geometry":{"type":"Polygon","coordinates":[[[-73.27649195750662,10.44767055373524],[-73.27646698067096,10.447673894374828],[-73.27646332354824,10.447640681977552],[-73.27648649319828,10.447637883885795],[-73.27649195750662,10.44767055373524]]]}},
{"type":"Feature","properties":{"cons":"0832","motivo":"sin_npn"},"geometry":{"type":"Polygon","coordinates":[[[-73.2766644469794,10.447578764735987],[-73.27670765256192,10.447571405837584],[-73.2767319435365,10.447691080506262],[-73.2766851535208,10.44769828209399],[-73.2766644469794,10.447578764735987]]]}},
{"type":"Feature","properties":{"cons":"0833","motivo":"sin_npn"},"geometry":{"type":"Polygon","coordinates":[[[-73.27675817207759,10.447557412109076],[-73.27672994711088,10.447561762651237],[-73.27672673101367,10.447540029018286],[-73.27675502435697,10.44753641361739],[-73.27675817207759,10.447557412109076]]]}},
{"type":"Feature","properties":{"cons":"0834","motivo":"sin_npn"},"geometry":{"type":"Polygon","coordinates":[[[-73.2767844239728,10.447553365690018],[-73.27675817207759,10.447557412109076],[-73.27675502435697,10.44753641361739],[-73.27678090025287,10.447533997267366],[-73.2767844239728,10.447553365690018]]]}},
{"type":"Feature","properties":{"cons":"0835","motivo":"sin_npn"},"geometry":{"type":"Polygon","coordinates":[[[-73.27682019473549,10.447629764825168],[-73.27679743037383,10.447632886444104],[-73.27678417445883,10.447551840168542],[-73.2768089701962,10.447548314070726],[-73.27682019473549,10.447629764825168]]]}},
{"type":"Feature","properties":{"cons":"0836","motivo":"sin_npn"},"geometry":{"type":"Polygon","coordinates":[[[-73.2768793552723,10.447672061102685],[-73.27685319492863,10.447675391354295],[-73.27683382957241,10.44752280969179],[-73.27686042974663,10.44751895635854],[-73.2768793552723,10.447672061102685]]]}},
{"type":"Feature","properties":{"cons":"0838","motivo":"sin_npn"},"geometry":{"type":"Polygon","coordinates":[[[-73.27694456428023,10.447519979032935],[-73.27695786184806,10.447599179689552],[-73.2769340513709,10.447604502482571],[-73.27692138400995,10.447523409278014],[-73.27694456428023,10.447519979032935]]]}},
{"type":"Feature","properties":{"cons":"0838","motivo":"sin_npn"},"geometry":{"type":"Polygon","coordinates":[[[-73.27699335403285,10.447504254122709],[-73.2770035213052,10.44760220250554],[-73.27696464066217,10.447607073725703],[-73.27695103463422,10.447509318062824],[-73.27699335403285,10.447504254122709]]]}},
{"type":"Feature","properties":{"cons":"0841","motivo":"sin_npn"},"geometry":{"type":"Polygon","coordinates":[[[-73.27718964250947,10.447466032463733],[-73.27719720033879,10.447466025900752],[-73.27719975159012,10.447482215983104],[-73.27714034987488,10.447491006368397],[-73.27713674088572,10.447469669268543],[-73.27718864320327,10.447460129534571],[-73.27718964250947,10.447466032463733]]]}},
{"type":"Feature","properties":{"cons":"0999","motivo":"sin_npn"},"geometry":{"type":"Polygon","coordinates":[[[-73.27857766562619,10.45347605472753],[-73.27859719863216,10.453469587831407],[-73.27858992420124,10.453448527746641],[-73.27857159622562,10.453453816923247],[-73.2785640807757,10.453426280903386],[-73.27869599861519,10.453393478634524],[-73.27870392944685,10.453419933361152],[-73.27864142760824,10.453435316245512],[-73.27865269004343,10.45347604949907],[-73.27858287994192,10.453495159565788],[-73.27857766562619,10.45347605472753]]]}},
{"type":"Feature","properties":{"cons":"0845","motivo":"sin_npn"},"geometry":{"type":"Polygon","coordinates":[[[-73.27735158813952,10.448039059871563],[-73.2772738388313,10.448056205568918],[-73.27726826719324,10.448027673852302],[-73.27725691237728,10.448030340838239],[-73.27724970501063,10.44799644823076],[-73.27733661662782,10.44797861509584],[-73.27735158813952,10.448039059871563]]]}},
{"type":"Feature","properties":{"cons":"0846","motivo":"sin_npn"},"geometry":{"type":"Polygon","coordinates":[[[-73.27738155281422,10.44809812652663],[-73.27726609575687,10.448120971967324],[-73.27725455424348,10.448060535655072],[-73.27736800144979,10.448035440317085],[-73.27738155281422,10.44809812652663]]]}},
{"type":"Feature","properties":{"cons":"0847","motivo":"sin_npn"},"geometry":{"type":"Polygon","coordinates":[[[-73.27729521149816,10.44811509629974],[-73.27730272821744,10.44815002081753],[-73.27732539975777,10.448145021778652],[-73.27731840269125,10.44811053823775],[-73.27735438895436,10.448103465393283],[-73.27736797144058,10.44816642413105],[-73.2772893022337,10.448182653885434],[-73.27727574932312,10.44811892144871],[-73.27729521149816,10.44811509629974]]]}},
{"type":"Feature","properties":{"cons":"0848","motivo":"sin_npn"},"geometry":{"type":"Polygon","coordinates":[[[-73.2773023718897,10.44824411379512],[-73.27729675842411,10.448217716539787],[-73.2773400848449,10.448207609879153],[-73.27733794874254,10.44819880213042],[-73.27729470255707,10.44820804884833],[-73.2772893022337,10.448182653885434],[-73.27741128510846,10.448157488348901],[-73.27742476211816,10.448217079251332],[-73.2773023718897,10.44824411379512]]]}},
{"type":"Feature","properties":{"cons":"0849","motivo":"sin_npn"},"geometry":{"type":"Polygon","coordinates":[[[-73.27740835776521,10.448284737616587],[-73.27731541196405,10.4483054345709],[-73.27730237188969,10.44824411379512],[-73.27739330852276,10.448224026980862],[-73.27740835776521,10.448284737616587]]]}},
{"type":"Feature","properties":{"cons":"0850","motivo":"sin_npn"},"geometry":{"type":"Polygon","coordinates":[[[-73.27745296556117,10.448341785516039],[-73.27737365522553,10.448357645625496],[-73.27736079414937,10.448295328975409],[-73.27743854349129,10.448278015923098],[-73.27745296556117,10.448341785516039]]]}},
{"type":"Feature","properties":{"cons":"0851","motivo":"sin_npn"},"geometry":{"type":"Polygon","coordinates":[[[-73.2774416022175,10.448409321783952],[-73.27733316242592,10.448431544034841],[-73.27731907900724,10.448368356933843],[-73.27742916829317,10.448346544384476],[-73.2774416022175,10.448409321783952]]]}},
{"type":"Feature","properties":{"cons":"0852","motivo":"sin_npn"},"geometry":{"type":"Polygon","coordinates":[[[-73.27745321116436,10.448470501141545],[-73.27735495244404,10.448491372989494],[-73.2773418837222,10.44842991757939],[-73.27744160221748,10.448409321783988],[-73.27745321116436,10.448470501141545]]]}},
{"type":"Feature","properties":{"cons":"0853","motivo":"sin_npn"},"geometry":{"type":"Polygon","coordinates":[[[-73.27746454349001,10.448533807901539],[-73.27736820605375,10.448553697804103],[-73.27735495244404,10.448491372989494],[-73.27745321116433,10.448470501141545],[-73.27746454349001,10.448533807901539]]]}},
{"type":"Feature","properties":{"cons":"0854","motivo":"sin_npn"},"geometry":{"type":"Polygon","coordinates":[[[-73.27745177496443,10.448601533280192],[-73.27738156550811,10.448616520323338],[-73.27736820605375,10.448553697804103],[-73.27743872720418,10.448539137955226],[-73.27745177496443,10.448601533280192]]]}},
{"type":"Feature","properties":{"cons":"0855","motivo":"sin_npn"},"geometry":{"type":"Polygon","coordinates":[[[-73.27748590924254,10.448594246906612],[-73.27749917868287,10.448656433298005],[-73.27739466223119,10.448678107328098],[-73.27738156550811,10.448616520323338],[-73.27748590924254,10.448594246906612]]]}},
{"type":"Feature","properties":{"cons":"0856","motivo":"sin_npn"},"geometry":{"type":"Polygon","coordinates":[[[-73.2775112212893,10.448716001003024],[-73.27740754176392,10.448738672974782],[-73.27739466223119,10.448678107328098],[-73.27749917868286,10.448656433298005],[-73.2775112212893,10.448716001003024]]]}},
{"type":"Feature","properties":{"cons":"0858","motivo":"sin_npn"},"geometry":{"type":"Polygon","coordinates":[[[-73.27742615666669,10.448955507564772],[-73.27751545197451,10.44893636856824],[-73.27752985053345,10.449009284746259],[-73.27744291987767,10.449029232971865],[-73.27742615666669,10.448955507564772]]]}},
{"type":"Feature","properties":{"cons":"0860","motivo":"sin_npn"},"geometry":{"type":"Polygon","coordinates":[[[-73.27753092136986,10.449073666121595],[-73.27754569514249,10.449137527832317],[-73.27748202627818,10.449150690119218],[-73.27747777661148,10.44913124326136],[-73.27744694554876,10.449136955610255],[-73.27743572167111,10.449093874911842],[-73.27753092136986,10.449073666121595]]]}},
{"type":"Feature","properties":{"cons":"0861","motivo":"sin_npn"},"geometry":{"type":"Polygon","coordinates":[[[-73.27759543702818,10.44918970720878],[-73.27750943194825,10.449209516680861],[-73.27749720873577,10.449147229435042],[-73.27758288114002,10.449130087313199],[-73.27759543702818,10.44918970720878]]]}},
{"type":"Feature","properties":{"cons":"0864","motivo":"sin_npn"},"geometry":{"type":"Polygon","coordinates":[[[-73.277636559811,10.44930834701179],[-73.27765105415641,10.449369487695398],[-73.27754843050941,10.449394480462434],[-73.2775349033327,10.449332032509814],[-73.277636559811,10.44930834701179]]]}},
{"type":"Feature","properties":{"cons":"0866","motivo":"sin_npn"},"geometry":{"type":"Polygon","coordinates":[[[-73.27766088992165,10.44943657113462],[-73.27767087129331,10.449488193248378],[-73.27757366151307,10.449509069365376],[-73.27756239224973,10.449456710087158],[-73.27766088992165,10.44943657113462]]]}},
{"type":"Feature","properties":{"cons":"0867","motivo":"sin_npn"},"geometry":{"type":"Polygon","coordinates":[[[-73.2777178905268,10.449513190467542],[-73.27768686180632,10.449520018392903],[-73.2776953660374,10.449561260847956],[-73.27758941994809,10.449582286210884],[-73.27757574692667,10.449518758616781],[-73.27771258556504,10.449489733888214],[-73.2777178905268,10.449513190467542]]]}},
{"type":"Feature","properties":{"cons":"0872","motivo":"sin_npn"},"geometry":{"type":"Polygon","coordinates":[[[-73.27790267780782,10.449792277859242],[-73.27773261589098,10.449844075211026],[-73.27772315254705,10.449809787618108],[-73.27789330320478,10.449757550718422],[-73.27790267780782,10.449792277859242]]]}},
{"type":"Feature","properties":{"cons":"0873","motivo":"sin_npn"},"geometry":{"type":"Polygon","coordinates":[[[-73.27790313053018,10.449831234893749],[-73.27781063039502,10.449857576348384],[-73.27780305686876,10.44983550516249],[-73.27779783451672,10.449837376961284],[-73.27780429880015,10.44985937940861],[-73.27772910515186,10.449880792434575],[-73.27772044620245,10.449847781843017],[-73.27789314809019,10.449795180417464],[-73.27790313053018,10.449831234893749]]]}},
{"type":"Feature","properties":{"cons":"0876","motivo":"sin_npn"},"geometry":{"type":"Polygon","coordinates":[[[-73.27791033573017,10.449939479949755],[-73.2777535568375,10.449982396708709],[-73.27775034030248,10.449969860792807],[-73.27773815361756,10.449972887730432],[-73.27773208548483,10.449949340674674],[-73.27782909644823,10.449926031892721],[-73.27789884282015,10.449902671397844],[-73.27791033573017,10.449939479949755]],[[-73.27783021825047,10.449946269047603],[-73.27782928016485,10.449941693515518],[-73.27782214690045,10.449943255769437],[-73.27782263464674,10.44994780378137],[-73.27783021825047,10.449946269047603]]]}},
{"type":"Feature","properties":{"cons":"0879","motivo":"sin_npn"},"geometry":{"type":"Polygon","coordinates":[[[-73.27795918859503,10.45012469261418],[-73.27778723063481,10.450169768778157],[-73.27777983088278,10.450140772552151],[-73.27780768719704,10.450135002910818],[-73.27779901155985,10.45010214602124],[-73.27790871660697,10.450074838757361],[-73.27791794678451,10.450106562969323],[-73.27795024875367,10.450095810103203],[-73.27795918859503,10.45012469261418]]]}},
{"type":"Feature","properties":{"cons":"0881","motivo":"sin_npn"},"geometry":{"type":"Polygon","coordinates":[[[-73.27781809984793,10.45023404133155],[-73.27782444269009,10.45026557632981],[-73.27783624305928,10.45026326789919],[-73.27783663529915,10.45026920446428],[-73.27789157742265,10.450261496102039],[-73.2778952020092,10.450287934124411],[-73.2777883389744,10.450309290896351],[-73.2777755763835,10.450244382636054],[-73.27781809984793,10.45023404133155]]]}},
{"type":"Feature","properties":{"cons":"0882","motivo":"sin_npn"},"geometry":{"type":"Polygon","coordinates":[[[-73.27797940628729,10.450344072403935],[-73.27780215458658,10.450380836744998],[-73.27778833897437,10.450309290896351],[-73.2778952020092,10.450287934124411],[-73.27789325357044,10.450272614772057],[-73.27801145004116,10.450247406641065],[-73.27801781707247,10.450275634315323],[-73.27799796119787,10.45028048294136],[-73.27800568072121,10.45031265041935],[-73.2779730385206,10.450321584213267],[-73.27797940628729,10.450344072403935]],[[-73.27792714390318,10.450300866282706],[-73.27792542505273,10.450295867169276],[-73.27791424223732,10.4502991086918],[-73.27791636350224,10.450304792390025],[-73.27792714390318,10.450300866282706]]]}},
{"type":"Feature","properties":{"cons":"0871","motivo":"sin_npn"},"geometry":{"type":"Polygon","coordinates":[[[-73.27788913261726,10.44974210125296],[-73.2778682075452,10.449748908453719],[-73.2778720133303,10.449764086796858],[-73.27781144833837,10.449782680487443],[-73.27777142016326,10.449645619248901],[-73.27785480131998,10.449616621718947],[-73.27788913261726,10.44974210125296]],[[-73.27783974343284,10.449713700821007],[-73.27783707861042,10.44970524363209],[-73.27782547302019,10.449708988241099],[-73.27782838277712,10.44971746016368],[-73.27783974343284,10.449713700821007]]]}},
{"type":"Feature","properties":{"cons":"0868","motivo":"sin_npn"},"geometry":{"type":"Polygon","coordinates":[[[-73.27777167826997,10.449757930328463],[-73.27774389445543,10.44976795811059],[-73.27772607050603,10.449715626900861],[-73.27768881641418,10.44972755003211],[-73.27767467429356,10.44967721917926],[-73.277741655212,10.449655341325487],[-73.27777167826997,10.449757930328463]]]}},
{"type":"Feature","properties":{"cons":"0870","motivo":"sin_npn"},"geometry":{"type":"Polygon","coordinates":[[[-73.2778083432518,10.44977204830604],[-73.27777841971738,10.449780965891948],[-73.277741655212,10.449655341325487],[-73.27777142016322,10.449645619248901],[-73.2778083432518,10.44977204830604]]]}},
{"type":"Feature","properties":{"cons":"0869","motivo":"sin_npn"},"geometry":{"type":"Polygon","coordinates":[[[-73.27768486719803,10.449783051050892],[-73.27777167826999,10.449757930328463],[-73.27778160298213,10.44979184312415],[-73.27769200449238,10.449819350177783],[-73.27768486719803,10.449783051050892]]]}},
{"type":"Feature","properties":{"cons":"0883","motivo":"sin_npn"},"geometry":{"type":"Polygon","coordinates":[[[-73.27785953266348,10.450498950133094],[-73.27783488200504,10.450504759034608],[-73.27783310673205,10.45049654357542],[-73.27782436242674,10.450498757938263],[-73.27781419491029,10.450444769554283],[-73.27786638740925,10.450434094218815],[-73.27786890163885,10.450442852830104],[-73.27789634597713,10.45043612597369],[-73.2778943801776,10.450426955322257],[-73.27796256459466,10.450409566480314],[-73.27797668231555,10.450471343912987],[-73.27788404048623,10.450493174888564],[-73.27788214274949,10.450483286475645],[-73.27785675381567,10.450489628515095],[-73.27785953266348,10.450498950133094]]]}},
{"type":"Feature","properties":{"cons":"0884","motivo":"sin_npn"},"geometry":{"type":"Polygon","coordinates":[[[-73.27800136406394,10.450525398114026],[-73.27783871455382,10.450574966105043],[-73.27782589158862,10.45050687761618],[-73.27792526902618,10.450483459418637],[-73.27793318734838,10.450512196411903],[-73.27798924587805,10.450496681704157],[-73.27800136406394,10.450525398114026]]]}},
{"type":"Feature","properties":{"cons":"0885","motivo":"sin_npn"},"geometry":{"type":"Polygon","coordinates":[[[-73.27804005614601,10.450554901493064],[-73.2779239932953,10.450585084655577],[-73.2779215861829,10.45057763457533],[-73.27791491282946,10.450579651274714],[-73.27791678575241,10.450586959038752],[-73.27780850057893,10.450612693645596],[-73.27780165676057,10.450581940717043],[-73.27783871455382,10.450574966105043],[-73.27800136406394,10.450525398114026],[-73.27803279961746,10.450519385942979],[-73.27804005614601,10.450554901493064]],[[-73.27784265918379,10.450595498062645],[-73.27784095791654,10.450586163279748],[-73.27782644929285,10.450589048607945],[-73.27782856897966,10.450598224765546],[-73.27784265918379,10.450595498062645]]]}},
{"type":"Feature","properties":{"cons":"0886","motivo":"sin_npn"},"geometry":{"type":"Polygon","coordinates":[[[-73.27800373192404,10.45056434793078],[-73.2780116720727,10.450598862463732],[-73.27781465067262,10.450640329293313],[-73.27780850057893,10.450612693645596],[-73.27788892452566,10.450594204587368],[-73.2778920982925,10.45060490299464],[-73.27790878252884,10.450600818811884],[-73.27790564131128,10.450589857245653],[-73.27800373192404,10.45056434793078]]]}},
{"type":"Feature","properties":{"cons":"0887","motivo":"sin_npn"},"geometry":{"type":"Polygon","coordinates":[[[-73.27793564581125,10.450682707605525],[-73.27782914251497,10.450705448840422],[-73.27781465067262,10.450640329293313],[-73.27800523281019,10.450600336663628],[-73.27801241669013,10.450632088815613],[-73.27805404077573,10.450623346291236],[-73.27806071307472,10.450656002429442],[-73.2780199192601,10.450664712996101],[-73.27801697165599,10.450654827028767],[-73.27796135610977,10.450666845045523],[-73.27795528743843,10.450641714236104],[-73.27792899071487,10.450647123445815],[-73.27793564581125,10.450682707605525]],[[-73.27790118639884,10.450657022554788],[-73.27789905795035,10.450643259403611],[-73.27788092296602,10.45064776378411],[-73.27788407533386,10.450659457317531],[-73.27790118639884,10.450657022554788]]]}},
{"type":"Feature","properties":{"cons":"0888","motivo":"sin_npn"},"geometry":{"type":"Polygon","coordinates":[[[-73.27806071307475,10.450656002429442],[-73.27806767870382,10.450690094200219],[-73.27791669775826,10.450719947036879],[-73.2779181586651,10.450730957768213],[-73.2778385957974,10.450747927444947],[-73.27782914251497,10.450705448840422],[-73.27790892583512,10.450688413021789],[-73.27791191569912,10.45070133652594],[-73.2779233294596,10.450699411454684],[-73.27792037026538,10.450685969335842],[-73.27806071307475,10.450656002429442]]]}},
{"type":"Feature","properties":{"cons":"0890","motivo":"sin_npn"},"geometry":{"type":"Polygon","coordinates":[[[-73.27797474131064,10.450764705160069],[-73.27798069747553,10.450800763601247],[-73.27785613263316,10.450826181058725],[-73.27784876367423,10.450793374818197],[-73.27793085150604,10.450774693492207],[-73.27793607877081,10.450798735805341],[-73.27794246250092,10.450797389653587],[-73.27793725498097,10.450773236205817],[-73.27797474131064,10.450764705160069]]]}},
{"type":"Feature","properties":{"cons":"0891","motivo":"sin_npn"},"geometry":{"type":"Polygon","coordinates":[[[-73.27805202797191,10.450819898940962],[-73.27790382019658,10.450847079182134],[-73.27789745505844,10.45081774922321],[-73.27796888564085,10.450803173808524],[-73.27796994595937,10.450807428132617],[-73.27798822679767,10.450803749520121],[-73.27798713818073,10.450799449373848],[-73.27804645075454,10.450787346622729],[-73.27805202797191,10.450819898940962]]]}},
{"type":"Feature","properties":{"cons":"0892","motivo":"sin_npn"},"geometry":{"type":"Polygon","coordinates":[[[-73.27804351578092,10.450821460017629],[-73.27806210822466,10.450822909733377],[-73.27806651013172,10.450849439021757],[-73.27794826879287,10.450866307370601],[-73.27795081687034,10.450876000502124],[-73.2778705567245,10.45089039637769],[-73.27786252777383,10.450854651902718],[-73.277902667486,10.450847290580668],[-73.27790506205123,10.450858774247962],[-73.2779134770087,10.450857043301557],[-73.27791164554716,10.450845644070888],[-73.27804351578092,10.450821460017629]],[[-73.2780507946498,10.450831400572017],[-73.27804940912526,10.450823573681133],[-73.27804404380295,10.45082456479205],[-73.27804535372096,10.450832267121708],[-73.2780507946498,10.450831400572017]]]}},
{"type":"Feature","properties":{"cons":"0893","motivo":"sin_npn"},"geometry":{"type":"Polygon","coordinates":[[[-73.27807154856183,10.45087980448295],[-73.27792300599528,10.450905450046692],[-73.27791956304013,10.450880796150624],[-73.27795081687034,10.450876000502124],[-73.27794826879287,10.450866307370601],[-73.27806651013172,10.450849439021757],[-73.27807154856183,10.45087980448295]]]}},
{"type":"Feature","properties":{"cons":"0894","motivo":"sin_npn"},"geometry":{"type":"Polygon","coordinates":[[[-73.27803863729577,10.450885486550566],[-73.27804472980137,10.450918897623396],[-73.27792298046397,10.450941780492018],[-73.27791536413747,10.450906769395493],[-73.27800218841465,10.45089177937655],[-73.27800237479602,10.45089847633396],[-73.27801325703949,10.450897174139943],[-73.27801313187696,10.450889890010286],[-73.27803863729577,10.450885486550566]]]}},
{"type":"Feature","properties":{"cons":"0895","motivo":"sin_npn"},"geometry":{"type":"Polygon","coordinates":[[[-73.27798947440249,10.450929282918377],[-73.27799682603992,10.450958785720104],[-73.27792901274097,10.450969509947154],[-73.27792298046397,10.450941780492018],[-73.27798947440249,10.450929282918377]]]}},
{"type":"Feature","properties":{"cons":"0896","motivo":"sin_npn"},"geometry":{"type":"Polygon","coordinates":[[[-73.27806343978256,10.450977769673246],[-73.27793647460537,10.45100381098969],[-73.27792901274097,10.450969509947154],[-73.27805907102227,10.450948942072351],[-73.27806343978256,10.450977769673246]]]}},
{"type":"Feature","properties":{"cons":"0897","motivo":"sin_npn"},"geometry":{"type":"Polygon","coordinates":[[[-73.27801288539553,10.450988138686629],[-73.27801415702709,10.450998136669892],[-73.27804414108236,10.450991646978556],[-73.27805342368487,10.45102061114492],[-73.27803029945197,10.451026766836263],[-73.2780257710925,10.451003871944314],[-73.2779974783056,10.45100844502955],[-73.27800261980398,10.451034135180631],[-73.27794633099803,10.451049119297306],[-73.27793647460537,10.45100381098969],[-73.27801288539553,10.450988138686629]]]}},
{"type":"Feature","properties":{"cons":"0898","motivo":"sin_npn"},"geometry":{"type":"Polygon","coordinates":[[[-73.27801365988283,10.451031196303193],[-73.27802001280918,10.451055824890107],[-73.27806232755535,10.451045015408914],[-73.27806973157765,10.45107690056765],[-73.27795680087799,10.451097247695031],[-73.27794633099803,10.451049119297306],[-73.27801365988283,10.451031196303193]]]}},
{"type":"Feature","properties":{"cons":"0899","motivo":"sin_npn"},"geometry":{"type":"Polygon","coordinates":[[[-73.27806973157765,10.45107690056765],[-73.27807448154151,10.45111394953421],[-73.27803264793856,10.451121885901417],[-73.27803711921192,10.451149432173374],[-73.27797114828373,10.451163200444787],[-73.27795680087799,10.451097247695031],[-73.27806973157765,10.45107690056765]]]}},
{"type":"Feature","properties":{"cons":"0902","motivo":"sin_npn"},"geometry":{"type":"Polygon","coordinates":[[[-73.27809073420117,10.451230069972537],[-73.27815542347322,10.451215234263021],[-73.27818768118668,10.451329987260257],[-73.27811590115215,10.451346913928358],[-73.27809073420117,10.451230069972537]]]}},
{"type":"Feature","properties":{"cons":"0900","motivo":"sin_npn"},"geometry":{"type":"Polygon","coordinates":[[[-73.27805020735352,10.451362405367016],[-73.27801355282472,10.451366449998753],[-73.277989946487,10.451253184398434],[-73.27802771799453,10.451244521970647],[-73.27804093774115,10.451291026639392],[-73.27805020735352,10.451362405367016]]]}},
{"type":"Feature","properties":{"cons":"0901","motivo":"sin_npn"},"geometry":{"type":"Polygon","coordinates":[[[-73.27811365933786,10.451336505740581],[-73.27809612362424,10.451340777939187],[-73.27809829833419,10.45135106489965],[-73.27805020735352,10.451362405367016],[-73.27804093774115,10.451291026639392],[-73.27802771799453,10.451244521970647],[-73.27809073420116,10.451230069972537],[-73.27811365933786,10.451336505740581]],[[-73.2780944464952,10.451338654258327],[-73.27809203333122,10.45132838103083],[-73.27807607280957,10.451330429766545],[-73.27807946908588,10.451342037288407],[-73.2780944464952,10.451338654258327]]]}},
{"type":"Feature","properties":{"cons":"0903","motivo":"sin_npn"},"geometry":{"type":"Polygon","coordinates":[[[-73.27820043514487,10.451376567550897],[-73.27802296828766,10.451411626318848],[-73.27801736019168,10.45138471812289],[-73.27803420102597,10.45138158429029],[-73.27803104603662,10.451366923847996],[-73.27812915669224,10.451343788100514],[-73.27813200735979,10.45135516600453],[-73.2781906658736,10.451340888001788],[-73.27820043514487,10.451376567550897]]]}},
{"type":"Feature","properties":{"cons":"0904","motivo":"sin_npn"},"geometry":{"type":"Polygon","coordinates":[[[-73.27814559245358,10.451389119750596],[-73.2781504795808,10.451426357964682],[-73.27807521722384,10.451450491269997],[-73.27803267212822,10.45145818628828],[-73.27802296828766,10.451411626318848],[-73.27814559245358,10.451389119750596]]]}},
{"type":"Feature","properties":{"cons":"0905","motivo":"sin_npn"},"geometry":{"type":"Polygon","coordinates":[[[-73.27806285395155,10.451452727382815],[-73.2782089357507,10.451407613644664],[-73.27822245253986,10.451439835853988],[-73.2780421767158,10.451503790207772],[-73.27803267212822,10.45145818628828],[-73.27805394467626,10.451454338779884],[-73.27805790834356,10.451469516022517],[-73.27807575305229,10.451464904157906],[-73.27807327899095,10.451456862763877],[-73.2780645746884,10.451459599410713],[-73.27806285395155,10.451452727382815]]]}},
{"type":"Feature","properties":{"cons":"0907","motivo":"sin_npn"},"geometry":{"type":"Polygon","coordinates":[[[-73.27811825501328,10.451545540013484],[-73.27812557288001,10.45156114195236],[-73.27814312265699,10.45171433712947],[-73.2780896302365,10.451722764844979],[-73.27805598702992,10.451569907554791],[-73.27808562116553,10.451558310729872],[-73.27808866286593,10.4515705578637],[-73.27811729493602,10.451566702647659],[-73.2781088834165,10.451549207433283],[-73.27811825501328,10.451545540013484]]]}},
{"type":"Feature","properties":{"cons":"0910","motivo":"sin_npn"},"geometry":{"type":"Polygon","coordinates":[[[-73.27828969069846,10.4516073334247],[-73.27830142439538,10.451646034309462],[-73.27819969423891,10.451689331262353],[-73.27815877796468,10.45170194452584],[-73.27814849493166,10.45165074532317],[-73.27828969069846,10.4516073334247]]]}},
{"type":"Feature","properties":{"cons":"0911","motivo":"sin_npn"},"geometry":{"type":"Polygon","coordinates":[[[-73.2781593107963,10.451701780269843],[-73.27819969423891,10.451689331262353],[-73.2782980686673,10.451647462527772],[-73.2783049253768,10.451675601771061],[-73.27827591411125,10.451688195119496],[-73.27828887224948,10.451724054392821],[-73.27824835223328,10.45174027919611],[-73.27822525937344,10.451748039474014],[-73.27820518466167,10.451702620276354],[-73.2781649916447,10.45171971195184],[-73.2781593107963,10.451701780269843]]]}},
{"type":"Feature","properties":{"cons":"0916","motivo":"sin_npn"},"geometry":{"type":"Polygon","coordinates":[[[-73.27807733723714,10.451856677760826],[-73.27805136872377,10.451732681395761],[-73.27814312265699,10.45171433712947],[-73.27815514538014,10.451771601033169],[-73.27819742275199,10.451757393874344],[-73.27824404029532,10.451922699173386],[-73.27815344785421,10.451940050868142],[-73.27813397660144,10.451845790909955],[-73.27807733723714,10.451856677760826]]]}},
{"type":"Feature","properties":{"cons":"0914","motivo":"sin_npn"},"geometry":{"type":"Polygon","coordinates":[[[-73.2783872001173,10.451821086016338],[-73.27839661592208,10.45185629817159],[-73.27838984486533,10.451857261644633],[-73.27839634753236,10.45188742820889],[-73.27829763600855,10.451910287608845],[-73.27828747696364,10.451876058658623],[-73.27830424200664,10.45187241797443],[-73.27829601210716,10.451844214513041],[-73.2783872001173,10.451821086016338]]]}},
{"type":"Feature","properties":{"cons":"0913","motivo":"sin_npn"},"geometry":{"type":"Polygon","coordinates":[[[-73.27836993946818,10.451772287483042],[-73.27838264811808,10.451822240564596],[-73.27827928491435,10.451848457116112],[-73.27826618516957,10.45180394174724],[-73.27836993946818,10.451772287483042]]]}},
{"type":"Feature","properties":{"cons":"0912","motivo":"sin_npn"},"geometry":{"type":"Polygon","coordinates":[[[-73.27832203763387,10.451710774485901],[-73.27833800582144,10.451751280434971],[-73.2783607336868,10.451744078868034],[-73.27836993946822,10.451772287483042],[-73.27826618516957,10.45180394174724],[-73.27824624219295,10.451740988268147],[-73.27828894580685,10.451724024939379],[-73.27829739447158,10.451746719543372],[-73.27830232675527,10.451744991623748],[-73.27829452551279,10.451721790743486],[-73.27832203763387,10.451710774485901]]]}},
{"type":"Feature","properties":{"cons":"0915","motivo":"sin_npn"},"geometry":{"type":"Polygon","coordinates":[[[-73.27819742275199,10.451757393874344],[-73.27824624219298,10.451740988268147],[-73.27829763600855,10.451910287608845],[-73.27824404029532,10.451922699173386],[-73.27819742275199,10.451757393874344]]]}},
{"type":"Feature","properties":{"cons":"0917","motivo":"sin_npn"},"geometry":{"type":"Polygon","coordinates":[[[-73.27807733723714,10.451856677760826],[-73.27813397660144,10.451845790909955],[-73.27815344785421,10.451940050868142],[-73.27809705995186,10.451950851155635],[-73.27807733723714,10.451856677760826]]]}},
{"type":"Feature","properties":{"cons":"0939","motivo":"sin_npn"},"geometry":{"type":"Polygon","coordinates":[[[-73.27853102100974,10.452220882779416],[-73.278513975416,10.452227068020955],[-73.27852447540374,10.452258681428003],[-73.27844562752598,10.452279513662814],[-73.27842070018015,10.452191413979374],[-73.27846201960435,10.452179476777436],[-73.2784696536722,10.452207481802217],[-73.27852563075496,10.45219355861907],[-73.27853102100974,10.452220882779416]]]}},
{"type":"Feature","properties":{"cons":"0938","motivo":"sin_npn"},"geometry":{"type":"Polygon","coordinates":[[[-73.2784444315641,10.45227528682566],[-73.27834681857146,10.45230561974123],[-73.27833585072952,10.452269417313666],[-73.27843420968688,10.45223916007494],[-73.2784444315641,10.45227528682566]]]}},
{"type":"Feature","properties":{"cons":"0945","motivo":"sin_npn"},"geometry":{"type":"Polygon","coordinates":[[[-73.27842053268516,10.452044140069788],[-73.27840435189817,10.451961839470773],[-73.27847921343917,10.451943076083149],[-73.27849194947974,10.45198651449832],[-73.27850447622616,10.45198531243629],[-73.27851428865252,10.452021000646345],[-73.27842053268516,10.452044140069788]]]}},
{"type":"Feature","properties":{"cons":"0944","motivo":"sin_npn"},"geometry":{"type":"Polygon","coordinates":[[[-73.27852238655645,10.452050453058984],[-73.27842999025931,10.45207249969268],[-73.27842532931136,10.452056871104867],[-73.27841236968584,10.452061095700957],[-73.27841596428323,10.452077884215157],[-73.27839105134481,10.452087448201866],[-73.2783814527928,10.45205108602692],[-73.27851428865252,10.452021000646345],[-73.27852238655645,10.452050453058984]]]}},
{"type":"Feature","properties":{"cons":"0943","motivo":"sin_npn"},"geometry":{"type":"Polygon","coordinates":[[[-73.27849218157641,10.452095553825774],[-73.2784525127543,10.452106234219372],[-73.27840228683394,10.452126336419083],[-73.2783910513448,10.452087448201866],[-73.27842999025931,10.45207249969268],[-73.27848120393043,10.452060279628215],[-73.27849218157641,10.452095553825774]]]}},
{"type":"Feature","properties":{"cons":"0942","motivo":"sin_npn"},"geometry":{"type":"Polygon","coordinates":[[[-73.27853207408275,10.4521172420766],[-73.27848234379967,10.45213327730949],[-73.27848103816665,10.45212898222425],[-73.27846667587035,10.4521333038033],[-73.27846790357178,10.452137933473024],[-73.278411033303,10.452157248722115],[-73.27840872691002,10.452149097328366],[-73.27842077445031,10.452142931483232],[-73.27841351013885,10.452121844454206],[-73.2784525127543,10.452106234219372],[-73.2785231162704,10.452087224996069],[-73.27853207408275,10.4521172420766]]]}},
{"type":"Feature","properties":{"cons":"0941","motivo":"sin_npn"},"geometry":{"type":"Polygon","coordinates":[[[-73.2785424113209,10.452154313878903],[-73.27842070018015,10.452191413979374],[-73.278411033303,10.452157248722115],[-73.27853207408279,10.4521172420766],[-73.2785424113209,10.452154313878903]]]}},
{"type":"Feature","properties":{"cons":"0940","motivo":"sin_npn"},"geometry":{"type":"Polygon","coordinates":[[[-73.27846202889255,10.452179473870197],[-73.27855026691881,10.452151855047019],[-73.27855826986848,10.45218096208021],[-73.27852563075496,10.45219355861907],[-73.27846965367222,10.452207481802217],[-73.27846202889255,10.452179473870197]]]}},
{"type":"Feature","properties":{"cons":"0946","motivo":"sin_npn"},"geometry":{"type":"Polygon","coordinates":[[[-73.27840617246548,10.451969318862162],[-73.27842053268516,10.452044140069788],[-73.27838145279283,10.45205108602692],[-73.27836470340218,10.451979463794256],[-73.27840617246548,10.451969318862162]]]}},
{"type":"Feature","properties":{"cons":"0929","motivo":"sin_npn"},"geometry":{"type":"Polygon","coordinates":[[[-73.27837307809648,10.452015274910758],[-73.27827371279177,10.452043018262156],[-73.2782639313689,10.452004435506298],[-73.27836470340218,10.451979463794256],[-73.27837307809648,10.452015274910758]]]}},
{"type":"Feature","properties":{"cons":"0930","motivo":"sin_npn"},"geometry":{"type":"Polygon","coordinates":[[[-73.27837922103352,10.452041542781302],[-73.27827998531019,10.452067760162949],[-73.27827371279177,10.452043018262156],[-73.27837307809646,10.452015274910758],[-73.27837922103352,10.452041542781302]]]}},
{"type":"Feature","properties":{"cons":"0931","motivo":"sin_npn"},"geometry":{"type":"Polygon","coordinates":[[[-73.27838295014558,10.452057488869839],[-73.2783718866528,10.452060353000068],[-73.27837482446341,10.452070731539731],[-73.27828691505353,10.452095094477542],[-73.27827998531016,10.452067760162949],[-73.27837922103352,10.452041542781302],[-73.27838295014558,10.452057488869839]]]}},
{"type":"Feature","properties":{"cons":"0932","motivo":"sin_npn"},"geometry":{"type":"Polygon","coordinates":[[[-73.27839324847915,10.45209503453914],[-73.27829326255716,10.452120132147556],[-73.27828691505354,10.452095094477542],[-73.27838536397168,10.452067810651632],[-73.27839324847915,10.45209503453914]]]}},
{"type":"Feature","properties":{"cons":"0933","motivo":"sin_npn"},"geometry":{"type":"Polygon","coordinates":[[[-73.27839982042893,10.452117726380113],[-73.278299709079,10.452145560389573],[-73.27829326255714,10.452120132147556],[-73.27839324847913,10.45209503453914],[-73.27839982042893,10.452117726380113]]]}},
{"type":"Feature","properties":{"cons":"0934","motivo":"sin_npn"},"geometry":{"type":"Polygon","coordinates":[[[-73.27836325184892,10.452127893565166],[-73.27837118884526,10.452153705956636],[-73.2783064514057,10.452172155426096],[-73.27829970907895,10.452145560389573],[-73.27836325184892,10.452127893565166]]]}},
{"type":"Feature","properties":{"cons":"0935","motivo":"sin_npn"},"geometry":{"type":"Polygon","coordinates":[[[-73.27840332992085,10.4521779924342],[-73.27831588884938,10.452203527525544],[-73.2783064514057,10.452172155426096],[-73.27839411673698,10.452147171752015],[-73.27840332992085,10.4521779924342]]]}},
{"type":"Feature","properties":{"cons":"0936","motivo":"sin_npn"},"geometry":{"type":"Polygon","coordinates":[[[-73.27842432357437,10.45220421999456],[-73.27833909466293,10.452228640581588],[-73.27832939522061,10.452199583311943],[-73.27841586674126,10.452174331350786],[-73.27842432357437,10.45220421999456]]]}},
{"type":"Feature","properties":{"cons":"0937","motivo":"sin_npn"},"geometry":{"type":"Polygon","coordinates":[[[-73.27843420968688,10.45223916007494],[-73.27833585072952,10.452269417313666],[-73.27832474289225,10.4522327527829],[-73.27842432357437,10.45220421999456],[-73.27843420968688,10.45223916007494]]]}},
{"type":"Feature","properties":{"cons":"0918","motivo":"sin_npn"},"geometry":{"type":"Polygon","coordinates":[[[-73.27819361643877,10.452125682034069],[-73.27817938823927,10.452128305875389],[-73.27817687002559,10.452116222863976],[-73.27816284557554,10.452119706265172],[-73.27816531106296,10.45213090186566],[-73.27813590168023,10.452136325285734],[-73.2781159425298,10.452041014665888],[-73.27817412131952,10.452029333863326],[-73.27819361643877,10.452125682034069]]]}},
{"type":"Feature","properties":{"cons":"0919","motivo":"sin_npn"},"geometry":{"type":"Polygon","coordinates":[[[-73.27818078535188,10.452062268643777],[-73.27823220692777,10.45205128483497],[-73.27824398897859,10.452116392761111],[-73.27819361643877,10.452125682034069],[-73.27818078535188,10.452062268643777]]]}},
{"type":"Feature","properties":{"cons":"0920","motivo":"sin_npn"},"geometry":{"type":"Polygon","coordinates":[[[-73.27822030760963,10.452120759877676],[-73.27822814699238,10.452165843882465],[-73.2782037720137,10.452170269937072],[-73.27820630746122,10.45218867185952],[-73.27815366948975,10.452199061528137],[-73.27814124100055,10.452135340655415],[-73.27822030760963,10.452120759877676]]]}},
{"type":"Feature","properties":{"cons":"0922","motivo":"sin_npn"},"geometry":{"type":"Polygon","coordinates":[[[-73.2782245279911,10.452270036389216],[-73.27820734589811,10.452272726321343],[-73.27821487316815,10.452314958942438],[-73.2781749358866,10.45232272453819],[-73.27816189308518,10.452260441540794],[-73.278220651615,10.452248487403264],[-73.2782245279911,10.452270036389216]]]}},
{"type":"Feature","properties":{"cons":"0924","motivo":"sin_npn"},"geometry":{"type":"Polygon","coordinates":[[[-73.2781944733887,10.452416021483456],[-73.2782473612624,10.452406711685782],[-73.27825419244895,10.452439322800197],[-73.27820155262036,10.452449826746248],[-73.2781944733887,10.452416021483456]]]}},
{"type":"Feature","properties":{"cons":"0926","motivo":"sin_npn"},"geometry":{"type":"Polygon","coordinates":[[[-73.27822348552627,10.4525077827152],[-73.27822637000614,10.452527977520694],[-73.27823412059837,10.452540610625332],[-73.27827412005688,10.45253383955785],[-73.27828060332989,10.452561987833626],[-73.27822893850835,10.4525723402286],[-73.27821461550718,10.452509381653543],[-73.27822348552627,10.4525077827152]]]}},
{"type":"Feature","properties":{"cons":"0928","motivo":"sin_npn"},"geometry":{"type":"Polygon","coordinates":[[[-73.27829305218403,10.452622423291348],[-73.27830580575925,10.452685551635065],[-73.27825552756674,10.452696448832947],[-73.27824280124177,10.45263327561184],[-73.27829305218403,10.452622423291348]]]}},
{"type":"Feature","properties":{"cons":"0949","motivo":"sin_npn"},"geometry":{"type":"Polygon","coordinates":[[[-73.27842628650504,10.452388380050587],[-73.27855798191264,10.452357552312618],[-73.27856936037487,10.452403436087412],[-73.27843606486748,10.452432323531903],[-73.27842628650504,10.452388380050587]]]}},
{"type":"Feature","properties":{"cons":"0947","motivo":"sin_npn"},"geometry":{"type":"Polygon","coordinates":[[[-73.27851694645243,10.45232593477955],[-73.27841759131344,10.452349304274618],[-73.27840741134958,10.452303555988976],[-73.27850622527524,10.452280171477794],[-73.27851694645243,10.45232593477955]]]}},
{"type":"Feature","properties":{"cons":"0948","motivo":"sin_npn"},"geometry":{"type":"Polygon","coordinates":[[[-73.27852479969243,10.452365319732559],[-73.27842628650504,10.452388380050587],[-73.27841759131343,10.452349304274618],[-73.27851694645243,10.45232593477955],[-73.27852479969243,10.452365319732559]]]}},
{"type":"Feature","properties":{"cons":"0967","motivo":"sin_npn"},"geometry":{"type":"Polygon","coordinates":[[[-73.27841307357724,10.452329001779322],[-73.27843606486748,10.452432323531903],[-73.27839973214552,10.452438974406656],[-73.27840186302878,10.452455430702576],[-73.27838493322261,10.452455445474262],[-73.27838401187852,10.45243928736207],[-73.2783628506877,10.45244050278111],[-73.2783464362582,10.45234027197295],[-73.27841307357724,10.452329001779322]]]}},
{"type":"Feature","properties":{"cons":"0950","motivo":"sin_npn"},"geometry":{"type":"Polygon","coordinates":[[[-73.27842818159644,10.452433766601919],[-73.27853262477463,10.452411397334174],[-73.27854196499288,10.452455248109823],[-73.27840944523032,10.452482654852535],[-73.27840120756416,10.452450368708215],[-73.27843079442125,10.452445185241432],[-73.27842818159644,10.452433766601919]]]}},
{"type":"Feature","properties":{"cons":"0952","motivo":"sin_npn"},"geometry":{"type":"Polygon","coordinates":[[[-73.27841077092052,10.45252229051943],[-73.27849489830099,10.45250565126982],[-73.2785055686855,10.452556794642128],[-73.27841919856273,10.452571520379559],[-73.27841077092052,10.45252229051943]]]}},
{"type":"Feature","properties":{"cons":"0953","motivo":"sin_npn"},"geometry":{"type":"Polygon","coordinates":[[[-73.27860864517012,10.452579143106094],[-73.27847045798887,10.452610670610238],[-73.27845944330785,10.4525658534481],[-73.27860023133529,10.452534989342382],[-73.27860864517012,10.452579143106094]]]}},
{"type":"Feature","properties":{"cons":"0954","motivo":"sin_npn"},"geometry":{"type":"Polygon","coordinates":[[[-73.2786235262387,10.4526572353097],[-73.27857407885641,10.452667373249092],[-73.27855685916735,10.452591116239361],[-73.27860864517012,10.452579143106094],[-73.2786235262387,10.4526572353097]]]}},
{"type":"Feature","properties":{"cons":"0955","motivo":"sin_npn"},"geometry":{"type":"Polygon","coordinates":[[[-73.27850398686734,10.45263550786287],[-73.27856364382245,10.452621161938355],[-73.2785816118884,10.45270073310066],[-73.27852262133254,10.452715583814188],[-73.27850398686734,10.45263550786287]]]}},
{"type":"Feature","properties":{"cons":"0956","motivo":"sin_npn"},"geometry":{"type":"Polygon","coordinates":[[[-73.27852262133254,10.452715583814188],[-73.27847856766661,10.45272737556761],[-73.27845305948681,10.452614271296678],[-73.27848975546296,10.45260663087338],[-73.27849367659215,10.452621627616185],[-73.27850036132286,10.452619928182024],[-73.27852262133254,10.452715583814188]]]}},
{"type":"Feature","properties":{"cons":"0957","motivo":"sin_npn"},"geometry":{"type":"Polygon","coordinates":[[[-73.27841380214532,10.452622395749648],[-73.27845305948681,10.452614271296678],[-73.27847856766661,10.45272737556761],[-73.27843512035085,10.452739005013756],[-73.27841380214532,10.452622395749648]]]}},
{"type":"Feature","properties":{"cons":"0958","motivo":"sin_npn"},"geometry":{"type":"Polygon","coordinates":[[[-73.27842948947541,10.452708204483283],[-73.2784186012017,10.452710255965357],[-73.27842256105218,10.452741161715407],[-73.27834624571766,10.45275386281175],[-73.27834149790351,10.452728028269206],[-73.27836996781475,10.452723357198229],[-73.2783557771279,10.452658001093054],[-73.27841812729652,10.452646054066868],[-73.27842948947541,10.452708204483283]]]}},
{"type":"Feature","properties":{"cons":"0959","motivo":"sin_npn"},"geometry":{"type":"Polygon","coordinates":[[[-73.27841044168639,10.452608337259726],[-73.27841812729653,10.452646054066868],[-73.27832955196209,10.452663026139584],[-73.27832226435424,10.452627123794647],[-73.27841044168639,10.452608337259726]]]}},
{"type":"Feature","properties":{"cons":"0966","motivo":"sin_npn"},"geometry":{"type":"Polygon","coordinates":[[[-73.2783815607059,10.45244270860707],[-73.27838254667061,10.45246353479421],[-73.27838980230199,10.452463528463648],[-73.27839448841308,10.452525510974798],[-73.27833274558566,10.452534608402773],[-73.27831491610083,10.452421235689682],[-73.27833377860856,10.452418825322296],[-73.27833609570885,10.452446817924393],[-73.2783815607059,10.45244270860707]]]}},
{"type":"Feature","properties":{"cons":"0960","motivo":"sin_npn"},"geometry":{"type":"Polygon","coordinates":[[[-73.27836161821658,10.452585045435589],[-73.27836879823928,10.45261720956677],[-73.27832226435423,10.452627123794647],[-73.27831429113311,10.452596162331394],[-73.27836161821658,10.452585045435589]]]}},
{"type":"Feature","properties":{"cons":"0961","motivo":"sin_npn"},"geometry":{"type":"Polygon","coordinates":[[[-73.27834133427271,10.452564301180226],[-73.27839886780333,10.452554712898017],[-73.27840257453299,10.452575424994905],[-73.27834523825238,10.452588893008324],[-73.27834133427271,10.452564301180226]]]}},
{"type":"Feature","properties":{"cons":"0962","motivo":"sin_npn"},"geometry":{"type":"Polygon","coordinates":[[[-73.27839886780333,10.452554712898017],[-73.27833040709722,10.45256612225346],[-73.27832571708146,10.452535644009108],[-73.27839448841308,10.452525510974798],[-73.27839886780333,10.452554712898017]]]}},
{"type":"Feature","properties":{"cons":"0965","motivo":"sin_npn"},"geometry":{"type":"Polygon","coordinates":[[[-73.27833351811671,10.452369033172785],[-73.27833909258327,10.452411160163456],[-73.278332805223,10.452412123213577],[-73.27833377860856,10.452418825322296],[-73.27831491610083,10.452421235689682],[-73.27831492292113,10.452428896206964],[-73.27826671170625,10.452438483987018],[-73.2782594023762,10.452378163740832],[-73.27833351811671,10.452369033172785]]]}},
{"type":"Feature","properties":{"cons":"0963","motivo":"sin_npn"},"geometry":{"type":"Polygon","coordinates":[[[-73.27827494488439,10.45248207299464],[-73.2783231475013,10.452472714568254],[-73.27833274558566,10.452534608402773],[-73.27828615169429,10.452541405312994],[-73.27827494488439,10.45248207299464]]]}},
{"type":"Feature","properties":{"cons":"0964","motivo":"sin_npn"},"geometry":{"type":"Polygon","coordinates":[[[-73.2783231475013,10.452472714568254],[-73.27827494488439,10.45248207299464],[-73.27826671170625,10.452438483987018],[-73.27831492292111,10.452428896206966],[-73.2783231475013,10.452472714568254]]]}},
{"type":"Feature","properties":{"cons":"0971","motivo":"sin_npn"},"geometry":{"type":"Polygon","coordinates":[[[-73.27842893151958,10.452888667513768],[-73.27854326041536,10.452856621379146],[-73.27855609150409,10.45292189520534],[-73.27833871324317,10.452972453791006],[-73.27832793279748,10.45291913802611],[-73.27834891609838,10.452916342144537],[-73.2783460673205,10.452905338556585],[-73.27842893151958,10.452888667513768]]]}},
{"type":"Feature","properties":{"cons":"0968","motivo":"sin_npn"},"geometry":{"type":"Polygon","coordinates":[[[-73.27837744600336,10.452899025635636],[-73.2783259604835,10.45290938374923],[-73.27831076695061,10.452834242583863],[-73.27835976784424,10.452820266019385],[-73.27837744600336,10.452899025635636]]]}},
{"type":"Feature","properties":{"cons":"0969","motivo":"sin_npn"},"geometry":{"type":"Polygon","coordinates":[[[-73.27843946278496,10.452797534548402],[-73.27845905237945,10.45288022470849],[-73.27840337161751,10.452893809787899],[-73.27838244937183,10.452813796545968],[-73.27843946278496,10.452797534548402]]]}},
{"type":"Feature","properties":{"cons":"0972","motivo":"sin_npn"},"geometry":{"type":"Polygon","coordinates":[[[-73.27842465711278,10.452952464688959],[-73.27853332528994,10.452927190257624],[-73.27853943583297,10.45295948052269],[-73.27843242263889,10.452985382811292],[-73.27842465711278,10.452952464688959]]]}},
{"type":"Feature","properties":{"cons":"0973","motivo":"sin_npn"},"geometry":{"type":"Polygon","coordinates":[[[-73.27836639969875,10.453001363486694],[-73.27850364356809,10.452968143959591],[-73.2785135276133,10.453001283263218],[-73.27837361038618,10.453033755068242],[-73.27836639969875,10.453001363486694]]]}},
{"type":"Feature","properties":{"cons":"0977","motivo":"sin_npn"},"geometry":{"type":"Polygon","coordinates":[[[-73.27840578298736,10.453136457751334],[-73.27839380686949,10.453082081481234],[-73.27844866462662,10.4530724142688],[-73.27846366805127,10.453110747474929],[-73.27847273680948,10.453109841842076],[-73.27847505771564,10.453123092670737],[-73.27840578298736,10.453136457751334]]]}},
{"type":"Feature","properties":{"cons":"0982","motivo":"sin_npn"},"geometry":{"type":"Polygon","coordinates":[[[-73.27841743152554,10.45336176227096],[-73.2785109627516,10.45334343945702],[-73.27868099637041,10.453301688789571],[-73.27868802453136,10.453332424188615],[-73.27853759400689,10.453373938602704],[-73.27848259010473,10.453394334882502],[-73.27842636708436,10.453405953828657],[-73.27841743152554,10.45336176227096]]]}},
{"type":"Feature","properties":{"cons":"0980","motivo":"sin_npn"},"geometry":{"type":"Polygon","coordinates":[[[-73.27866169123945,10.453217263980836],[-73.27854155158315,10.453243232067171],[-73.27853881951516,10.453230666407341],[-73.27850073455586,10.45323877911242],[-73.27849102623097,10.453200484973204],[-73.27847107959582,10.453207684123893],[-73.27847958317577,10.453251066381235],[-73.27843212873019,10.453261880408867],[-73.27843512674188,10.453274547655303],[-73.27840108828134,10.453280935346521],[-73.2783873904509,10.453213191508889],[-73.27864826141781,10.453158532926821],[-73.27866169123945,10.453217263980836]]]}},
{"type":"Feature","properties":{"cons":"0979","motivo":"sin_npn"},"geometry":{"type":"Polygon","coordinates":[[[-73.27863221390531,10.453161940992363],[-73.27840013642857,10.453210551541094],[-73.27839245437374,10.453162384310101],[-73.27840801038253,10.453159437376181],[-73.27841104103184,10.453167813428347],[-73.27862534867035,10.453121890934339],[-73.27863221390531,10.453161940992363]]]}},
{"type":"Feature","properties":{"cons":"0978","motivo":"sin_npn"},"geometry":{"type":"Polygon","coordinates":[[[-73.27841104103184,10.453167813428347],[-73.27840656825802,10.453153935625604],[-73.27837652933023,10.453159476848459],[-73.27836920954674,10.453123276181865],[-73.27840068740365,10.45311778967341],[-73.27840578298736,10.453136457751334],[-73.27848839515023,10.453123458519537],[-73.27854183438669,10.453106460552156],[-73.27854351929801,10.453113885614854],[-73.2785764031984,10.453104472763561],[-73.27857470954014,10.453096003608797],[-73.27859753737211,10.45308874251946],[-73.27860019454866,10.453096408440382],[-73.27863243642862,10.453089327337961],[-73.27863916285672,10.453118743249462],[-73.27841104103184,10.453167813428347]]]}},
{"type":"Feature","properties":{"cons":"0975","motivo":"sin_npn"},"geometry":{"type":"Polygon","coordinates":[[[-73.27857260212431,10.453020981661856],[-73.27858443725833,10.453058946128786],[-73.27845750581461,10.453098109998809],[-73.27844740222075,10.453068745254672],[-73.27850201238977,10.453054457041421],[-73.27849735258904,10.453039284564836],[-73.27857260212431,10.453020981661856]]]}},
{"type":"Feature","properties":{"cons":"0976","motivo":"sin_npn"},"geometry":{"type":"Polygon","coordinates":[[[-73.2786109262275,10.453084483784108],[-73.27848839515023,10.453123458519537],[-73.27847956610167,10.453091303445262],[-73.27860217354959,10.453053473706897],[-73.2786109262275,10.453084483784108]]]}},
{"type":"Feature","properties":{"cons":"0984","motivo":"sin_npn"},"geometry":{"type":"Polygon","coordinates":[[[-73.27841963703422,10.453592894855014],[-73.27841065080048,10.45354229844859],[-73.27844747896272,10.453535446549239],[-73.27845775624968,10.453604183324845],[-73.27842267153078,10.45360995100416],[-73.27842089450851,10.453599974981195],[-73.27843517948244,10.45359868773458],[-73.27843506162652,10.453592270592358],[-73.27841963703422,10.453592894855014]]]}},
{"type":"Feature","properties":{"cons":"0993","motivo":"sin_npn"},"geometry":{"type":"Polygon","coordinates":[[[-73.27852342727893,10.453932993670444],[-73.2785265702276,10.453953609191883],[-73.27853594079606,10.453952104814842],[-73.27854078353417,10.453972396326915],[-73.27849351571837,10.45398342558176],[-73.27848532412317,10.453940241389876],[-73.27852342727893,10.453932993670444]]]}},
{"type":"Feature","properties":{"cons":"0992","motivo":"sin_npn"},"geometry":{"type":"Polygon","coordinates":[[[-73.27847757130694,10.453899370326845],[-73.27854428631646,10.453885138740528],[-73.27855478732397,10.453927028575317],[-73.27848532412317,10.453940241389876],[-73.27847757130694,10.453899370326845]]]}},
{"type":"Feature","properties":{"cons":"0991","motivo":"sin_npn"},"geometry":{"type":"Polygon","coordinates":[[[-73.2784694856323,10.453856744498303],[-73.27853484178078,10.453844651469758],[-73.27854428631646,10.453885138740528],[-73.27847757130694,10.453899370326845],[-73.2784694856323,10.453856744498303]]]}},
{"type":"Feature","properties":{"cons":"0990","motivo":"sin_npn"},"geometry":{"type":"Polygon","coordinates":[[[-73.27846172549523,10.453815834817512],[-73.27852533386985,10.453803878217256],[-73.27853484178077,10.453844651469758],[-73.2784694856323,10.453856744498303],[-73.27846172549523,10.453815834817512]]]}},
{"type":"Feature","properties":{"cons":"0989","motivo":"sin_npn"},"geometry":{"type":"Polygon","coordinates":[[[-73.27845384604312,10.453774296122667],[-73.2785158883908,10.453763360832424],[-73.27852533386985,10.453803878217256],[-73.27846172549523,10.453815834817512],[-73.27845384604312,10.453774296122667]]]}},
{"type":"Feature","properties":{"cons":"0988","motivo":"sin_npn"},"geometry":{"type":"Polygon","coordinates":[[[-73.27844621752318,10.453734080274113],[-73.2785072572379,10.453722771501692],[-73.2785158883908,10.453763360832424],[-73.27845384604312,10.453774296122667],[-73.27844621752318,10.453734080274113]]]}},
{"type":"Feature","properties":{"cons":"0987","motivo":"sin_npn"},"geometry":{"type":"Polygon","coordinates":[[[-73.27843839553353,10.453692844484799],[-73.27849858916629,10.453681985509514],[-73.2785072572379,10.453722771501692],[-73.27844621752318,10.453734080274113],[-73.27843839553353,10.453692844484799]]]}},
{"type":"Feature","properties":{"cons":"0986","motivo":"sin_npn"},"geometry":{"type":"Polygon","coordinates":[[[-73.27846809620081,10.453660466907337],[-73.27845133695854,10.453664011359841],[-73.27845660753258,10.453689484115445],[-73.27843839553348,10.453692844484799],[-73.27843071803761,10.453652370422654],[-73.27846540081791,10.453645795098844],[-73.27846809620081,10.453660466907337]]]}},
{"type":"Feature","properties":{"cons":"0985","motivo":"sin_npn"},"geometry":{"type":"Polygon","coordinates":[[[-73.27846540081791,10.453645795098844],[-73.27844218624884,10.453650196225954],[-73.27843952625297,10.453641279491691],[-73.27842898929393,10.4536432568664],[-73.27842267153078,10.45360995100416],[-73.27845775624968,10.453604183324845],[-73.27846540081791,10.453645795098844]]]}},
{"type":"Feature","properties":{"cons":"0983","motivo":"sin_npn"},"geometry":{"type":"Polygon","coordinates":[[[-73.27844747896272,10.453535446549239],[-73.2784106508005,10.45354229844859],[-73.27840151703413,10.453490871350446],[-73.27843794897557,10.453484061808748],[-73.27844747896272,10.453535446549239]]]}},
{"type":"Feature","properties":{"cons":"1019","motivo":"sin_npn"},"geometry":{"type":"Polygon","coordinates":[[[-73.2787834631619,10.45409947301257],[-73.27877911231164,10.454078762628232],[-73.27876982642223,10.45408030284709],[-73.27877276605525,10.454101752623975],[-73.2787389317729,10.454108962890432],[-73.2787268094973,10.454054259149371],[-73.27883911587297,10.454031353408853],[-73.27885256102265,10.45408474787432],[-73.2787834631619,10.45409947301257]]]}},
{"type":"Feature","properties":{"cons":"1018","motivo":"sin_npn"},"geometry":{"type":"Polygon","coordinates":[[[-73.27862408229157,10.45413343789985],[-73.27861129666603,10.454080842716627],[-73.2787268094973,10.454054259149371],[-73.2787389317729,10.454108962890432],[-73.27862408229157,10.45413343789985]]]}},
{"type":"Feature","properties":{"cons":"1016","motivo":"sin_npn"},"geometry":{"type":"Polygon","coordinates":[[[-73.27864671726905,10.454034513099513],[-73.27864393147115,10.454020697068419],[-73.27867308086486,10.454013682011233],[-73.27868620560186,10.4540636035398],[-73.27861129666597,10.454080842716627],[-73.27860186543876,10.454035976764732],[-73.27863517217507,10.454027320499536],[-73.27863714183647,10.454036819619683],[-73.27864671726905,10.454034513099513]]]}},
{"type":"Feature","properties":{"cons":"1017","motivo":"sin_npn"},"geometry":{"type":"Polygon","coordinates":[[[-73.2787176057783,10.45400296669464],[-73.2788256707282,10.45397795894251],[-73.27883911587296,10.454031353408853],[-73.27873083753003,10.454053437602164],[-73.2787176057783,10.45400296669464]]]}},
{"type":"Feature","properties":{"cons":"1015","motivo":"sin_npn"},"geometry":{"type":"Polygon","coordinates":[[[-73.27868460758258,10.453945794201168],[-73.27880385440135,10.453922678614639],[-73.27881551407668,10.453979404167189],[-73.2786979325452,10.454007701234083],[-73.27868460758258,10.453945794201168]]]}},
{"type":"Feature","properties":{"cons":"1014","motivo":"sin_npn"},"geometry":{"type":"Polygon","coordinates":[[[-73.27866707950686,10.45394941417545],[-73.27867250407346,10.453999407777124],[-73.27861477252777,10.454012325485268],[-73.27861875452466,10.454031587370695],[-73.27860186543876,10.454035976764732],[-73.27858861043146,10.45396682520371],[-73.27866707950686,10.45394941417545]]]}},
{"type":"Feature","properties":{"cons":"1012","motivo":"sin_npn"},"geometry":{"type":"Polygon","coordinates":[[[-73.27866498738375,10.45390128225523],[-73.27867500527688,10.453947655573081],[-73.27858861043146,10.45396682520371],[-73.2785771539906,10.45392411447867],[-73.27866498738375,10.45390128225523]]]}},
{"type":"Feature","properties":{"cons":"1011","motivo":"sin_npn"},"geometry":{"type":"Polygon","coordinates":[[[-73.27868398106764,10.453859678202985],[-73.27867325750043,10.453817174707217],[-73.27880509226424,10.453783993413053],[-73.27881952016381,10.453839740957028],[-73.27870360892997,10.453869657440354],[-73.27869996882413,10.453855895619313],[-73.27868398106764,10.453859678202985]]]}},
{"type":"Feature","properties":{"cons":"1009","motivo":"sin_npn"},"geometry":{"type":"Polygon","coordinates":[[[-73.27869865909042,10.453811960801968],[-73.27869477096253,10.453790366785523],[-73.27867935481518,10.453792774165562],[-73.27868330040012,10.4538151133118],[-73.27866918744601,10.453818010122355],[-73.27865342161665,10.453763461931846],[-73.2787153011156,10.453749784890817],[-73.27872196608607,10.453775081830502],[-73.27879847584512,10.453758428415368],[-73.27880509226424,10.453783993413053],[-73.27869865909042,10.453811960801968]]]}},
{"type":"Feature","properties":{"cons":"1008","motivo":"sin_npn"},"geometry":{"type":"Polygon","coordinates":[[[-73.2786534216167,10.453763461931846],[-73.27866918744606,10.45381801012232],[-73.27858586246309,10.453835907757101],[-73.27857130163736,10.453780381684362],[-73.2786534216167,10.453763461931846]]]}},
{"type":"Feature","properties":{"cons":"1010","motivo":"sin_npn"},"geometry":{"type":"Polygon","coordinates":[[[-73.27868773830897,10.453874570249239],[-73.27866802869224,10.453879551444096],[-73.27867418642683,10.453898635255003],[-73.27857715399054,10.45392411447867],[-73.27855781533954,10.453845029118062],[-73.27867325750043,10.453817174707217],[-73.27868773830897,10.453874570249239]]]}},
{"type":"Feature","properties":{"cons":"1007","motivo":"sin_npn"},"geometry":{"type":"Polygon","coordinates":[[[-73.27867741403038,10.453716893557191],[-73.27868141688872,10.453732026815814],[-73.27878616319262,10.453710853887646],[-73.27879185942716,10.453732863417462],[-73.27866404177408,10.453761114591087],[-73.27865497413384,10.45372174263484],[-73.27867741403038,10.453716893557191]]]}},
{"type":"Feature","properties":{"cons":"1006","motivo":"sin_npn"},"geometry":{"type":"Polygon","coordinates":[[[-73.27865497413386,10.453721742634825],[-73.27866404177408,10.45376111459108],[-73.27854325153153,10.453786151567993],[-73.27853377567857,10.453743948333408],[-73.27865497413386,10.453721742634825]]]}},
{"type":"Feature","properties":{"cons":"1004","motivo":"sin_npn"},"geometry":{"type":"Polygon","coordinates":[[[-73.27862107611918,10.453663483529276],[-73.27863209023822,10.453726687655239],[-73.27853377567857,10.453743948333408],[-73.2785189734113,10.453682276928191],[-73.27862107611918,10.453663483529276]]]}},
{"type":"Feature","properties":{"cons":"1003","motivo":"sin_npn"},"geometry":{"type":"Polygon","coordinates":[[[-73.27866049018989,10.453602902747182],[-73.27866469487302,10.453626090811733],[-73.27872128132208,10.453617423292503],[-73.27872489858412,10.453605570261645],[-73.2787549591523,10.453594853659432],[-73.27876565795059,10.453634377225894],[-73.27862107611918,10.453663483529276],[-73.27861283302434,10.453613151394578],[-73.27866049018989,10.453602902747182]]]}},
{"type":"Feature","properties":{"cons":"1002","motivo":"sin_npn"},"geometry":{"type":"Polygon","coordinates":[[[-73.27855233650544,10.453645112220121],[-73.27854869267564,10.45362716105196],[-73.27861283302434,10.453613151394578],[-73.27862107611918,10.453663483529276],[-73.27856147956966,10.453674472980055],[-73.27855708570307,10.453644617919103],[-73.27855233650544,10.453645112220121]]]}},
{"type":"Feature","properties":{"cons":"1001","motivo":"sin_npn"},"geometry":{"type":"Polygon","coordinates":[[[-73.27867650757501,10.453561501199426],[-73.27868637373507,10.453597495555153],[-73.27854869267564,10.45362716105196],[-73.27855233650544,10.453645112220121],[-73.27850057192984,10.45365931142486],[-73.27848567500735,10.453608922008144],[-73.27867650757501,10.453561501199426]]]}},
{"type":"Feature","properties":{"cons":"1000","motivo":"sin_npn"},"geometry":{"type":"Polygon","coordinates":[[[-73.27850631137385,10.453514993807666],[-73.27851309639082,10.453540760487495],[-73.27851914127791,10.453539079471035],[-73.278512171172,10.453514166186775],[-73.27867984710569,10.453468615423056],[-73.27869131529181,10.453508765808419],[-73.27872395805653,10.453500119204104],[-73.2787300245026,10.453522616688831],[-73.27869665446251,10.45352934879854],[-73.2787028757079,10.453554967064973],[-73.27848567500735,10.453608922008144],[-73.27845797706668,10.453521820400654],[-73.27850631137385,10.453514993807666]]]}},
{"type":"Feature","properties":{"cons":"0995","motivo":"sin_npn"},"geometry":{"type":"Polygon","coordinates":[[[-73.27848732189732,10.4534155297975],[-73.27850942907226,10.453514553472997],[-73.27845797706668,10.453521820400654],[-73.27843944781914,10.453461148755133],[-73.27842968342662,10.453462538153794],[-73.2784242046843,10.453432056633046],[-73.27848732189732,10.4534155297975]]]}},
{"type":"Feature","properties":{"cons":"0998","motivo":"sin_npn"},"geometry":{"type":"Polygon","coordinates":[[[-73.27858678286533,10.453386936480163],[-73.27867109165972,10.453360650267529],[-73.27868294164169,10.453397080910092],[-73.27859425564014,10.45341886799021],[-73.27858678286533,10.453386936480163]]]}},
{"type":"Feature","properties":{"cons":"0997","motivo":"sin_npn"},"geometry":{"type":"Polygon","coordinates":[[[-73.27851849353443,10.453406908590914],[-73.27855596492181,10.453396545044278],[-73.27858287994192,10.453495159565788],[-73.27854296164716,10.453506093890772],[-73.27851849353443,10.453406908590914]]]}},
{"type":"Feature","properties":{"cons":"0996","motivo":"sin_npn"},"geometry":{"type":"Polygon","coordinates":[[[-73.27848732189732,10.4534155297975],[-73.27851849353443,10.453406908590914],[-73.27854296164716,10.453506093890772],[-73.27850942907226,10.453514553472997],[-73.27848732189732,10.4534155297975]]]}},
{"type":"Feature","properties":{"cons":"1022","motivo":"sin_npn"},"geometry":{"type":"Polygon","coordinates":[[[-73.27874971201264,10.45432925276633],[-73.2787385947728,10.454281489839614],[-73.27886711798598,10.454259966283901],[-73.2788731737894,10.454319694804267],[-73.27879337205,10.454331734120892],[-73.27878947908133,10.454305643869867],[-73.27876263821217,10.454311412716903],[-73.27876579472174,10.454325294654838],[-73.27874971201264,10.45432925276633]]]}},
{"type":"Feature","properties":{"cons":"0908","motivo":"sin_npn"},"geometry":{"type":"Polygon","coordinates":[[[-73.27825596103696,10.451511887614112],[-73.27827783579593,10.451547290986177],[-73.27812772949726,10.451579967463747],[-73.27812557288001,10.45156114195236],[-73.27811665494568,10.451541232363438],[-73.27822841728599,10.4514924794598],[-73.27823836890306,10.451514505536798],[-73.27825596103696,10.451511887614112]]]}},
{"type":"Feature","properties":{"cons":"0844","motivo":"sin_npn"},"geometry":{"type":"Polygon","coordinates":[[[-73.27723645188698,10.447934125458001],[-73.27728026932337,10.447925682674219],[-73.277293681587,10.447987424811732],[-73.27724970501068,10.44799644823076],[-73.27723645188698,10.447934125458001]]]}},
{"type":"Feature","properties":{"cons":"0845","motivo":"sin_npn"},"geometry":{"type":"Polygon","coordinates":[[[-73.27727383883128,10.448056205568918],[-73.27726583764704,10.448015227607982],[-73.27725421239032,10.448017644163356],[-73.27724970501062,10.44799644823076],[-73.27733661662782,10.44797861509584],[-73.27735158813952,10.448039059871563],[-73.27727383883128,10.448056205568918]]]}},
{"type":"Feature","properties":{"cons":"0848","motivo":"sin_npn"},"geometry":{"type":"Polygon","coordinates":[[[-73.27741128510846,10.448157488348901],[-73.27742476211816,10.448217079251332],[-73.27734579118166,10.448234522996529],[-73.27733298006392,10.448173642986765],[-73.27741128510846,10.448157488348901]]]}},
{"type":"Feature","properties":{"cons":"0850","motivo":"sin_npn"},"geometry":{"type":"Polygon","coordinates":[[[-73.27746163544357,10.448339552554613],[-73.27737365522553,10.448357645625496],[-73.27736079414937,10.448295328975409],[-73.27744868641241,10.44827575731821],[-73.27746163544357,10.448339552554613]]]}},
{"type":"Feature","properties":{"cons":"0855","motivo":"sin_npn"},"geometry":{"type":"Polygon","coordinates":[[[-73.27748590924254,10.448594246906612],[-73.27750894973587,10.448589328633032],[-73.27752300848415,10.448651491603494],[-73.27749917868287,10.448656433298005],[-73.27748590924254,10.448594246906612]]]}},
{"type":"Feature","properties":{"cons":"0855","motivo":"sin_npn"},"geometry":{"type":"Polygon","coordinates":[[[-73.27748590924254,10.448594246906612],[-73.27749917868287,10.448656433298005],[-73.27739466223119,10.448678107328098],[-73.27738156550811,10.448616520323338],[-73.27748590924254,10.448594246906612]]]}},
{"type":"Feature","properties":{"cons":"0857","motivo":"sin_npn"},"geometry":{"type":"Polygon","coordinates":[[[-73.27745001687553,10.448729384795056],[-73.2774656601946,10.44878697162895],[-73.27742023995248,10.448798385830148],[-73.27740754176392,10.448738672974782],[-73.27745001687553,10.448729384795056]]]}},
{"type":"Feature","properties":{"cons":"0858","motivo":"sin_npn"},"geometry":{"type":"Polygon","coordinates":[[[-73.27746954310368,10.448946208391268],[-73.27746718242979,10.44893527329058],[-73.27752400588706,10.44892205735843],[-73.2775275280331,10.448939290477952],[-73.27753913500112,10.448937125862386],[-73.2775531044721,10.449003772240351],[-73.27752985053345,10.449009284746259],[-73.27751545197451,10.44893636856824],[-73.27746954310368,10.448946208391268]]]}},
{"type":"Feature","properties":{"cons":"0858","motivo":"sin_npn"},"geometry":{"type":"Polygon","coordinates":[[[-73.27742615666669,10.448955507564772],[-73.27751545197451,10.44893636856824],[-73.27752985053345,10.449009284746259],[-73.27744291987767,10.449029232971865],[-73.27742615666669,10.448955507564772]]]}},
{"type":"Feature","properties":{"cons":"0859","motivo":"sin_npn"},"geometry":{"type":"Polygon","coordinates":[[[-73.27746413394638,10.449087865427572],[-73.27745077899732,10.449028029182942],[-73.27752544676308,10.44901032869002],[-73.2775393020681,10.449071884346433],[-73.27746413394638,10.449087865427572]],[[-73.27746797649964,10.449046559685893],[-73.27746421133543,10.449028010124252],[-73.27745586872476,10.449029453725206],[-73.27746016583501,10.44904811298916],[-73.27746797649964,10.449046559685893]]]}},
{"type":"Feature","properties":{"cons":"0859","motivo":"sin_npn"},"geometry":{"type":"Polygon","coordinates":[[[-73.27746413394638,10.449087865427572],[-73.27745077899732,10.449028029182942],[-73.27752544676308,10.44901032869002],[-73.2775393020681,10.449071884346433],[-73.27746413394638,10.449087865427572]],[[-73.27746797649964,10.449046559685893],[-73.27746421133543,10.449028010124252],[-73.27745586872476,10.449029453725206],[-73.27746016583501,10.44904811298916],[-73.27746797649964,10.449046559685893]]]}},
{"type":"Feature","properties":{"cons":"0860","motivo":"sin_npn"},"geometry":{"type":"Polygon","coordinates":[[[-73.27750443414583,10.449126671691893],[-73.27744694554876,10.449136955610255],[-73.27743572167111,10.449093874911842],[-73.27749535106516,10.449081228529943],[-73.27750443414583,10.449126671691893]]]}},
{"type":"Feature","properties":{"cons":"0861","motivo":"sin_npn"},"geometry":{"type":"Polygon","coordinates":[[[-73.27756489235459,10.449196681927864],[-73.27750943194825,10.449209516680861],[-73.27749720873577,10.449147229435042],[-73.27755277495967,10.44913611123721],[-73.27756489235459,10.449196681927864]]]}},
{"type":"Feature","properties":{"cons":"0862","motivo":"sin_npn"},"geometry":{"type":"Polygon","coordinates":[[[-73.27752733313848,10.449268678672766],[-73.27751891912222,10.449229452809828],[-73.27753994022851,10.449224449921003],[-73.27753760961149,10.449214493264895],[-73.27751678964061,10.449219525235932],[-73.27751436457933,10.449208219678276],[-73.27756489235458,10.449196681927864],[-73.27757952802125,10.449258131245294],[-73.27752733313848,10.449268678672766]]]}},
{"type":"Feature","properties":{"cons":"0862","motivo":"sin_npn"},"geometry":{"type":"Polygon","coordinates":[[[-73.27752733313848,10.449268678672766],[-73.27751891912222,10.449229452809828],[-73.27753994022851,10.449224449921003],[-73.27753760961149,10.449214493264895],[-73.27751678964061,10.449219525235932],[-73.27751436457933,10.449208219678276],[-73.27756489235458,10.449196681927864],[-73.27757952802125,10.449258131245294],[-73.27752733313848,10.449268678672766]]]}},
{"type":"Feature","properties":{"cons":"0863","motivo":"sin_npn"},"geometry":{"type":"Polygon","coordinates":[[[-73.27757219659827,10.449259817230827],[-73.27757757569348,10.449282637182696],[-73.2775299945724,10.449290951823764],[-73.27752750242568,10.449270095412752],[-73.27757219659827,10.449259817230827]]]}},
{"type":"Feature","properties":{"cons":"0864","motivo":"sin_npn"},"geometry":{"type":"Polygon","coordinates":[[[-73.277636559811,10.44930834701179],[-73.27765105415641,10.449369487695398],[-73.27754843050941,10.449394480462434],[-73.2775349033327,10.449332032509814],[-73.277636559811,10.44930834701179]]]}},
{"type":"Feature","properties":{"cons":"0865","motivo":"sin_npn"},"geometry":{"type":"Polygon","coordinates":[[[-73.27759641928553,10.449382554129512],[-73.27762781191696,10.449375046292966],[-73.2776428419805,10.449440186733856],[-73.27761155451236,10.449446454645356],[-73.27759641928553,10.449382554129512]]]}},
{"type":"Feature","properties":{"cons":"0867","motivo":"sin_npn"},"geometry":{"type":"Polygon","coordinates":[[[-73.27758941994809,10.449582286210884],[-73.27768147239469,10.449564018090893],[-73.277687643275,10.449582977652703],[-73.27768087354025,10.449585377456911],[-73.27768208556476,10.44958848849066],[-73.2775986665431,10.449611063852204],[-73.27758941994809,10.449582286210884]]]}},
{"type":"Feature","properties":{"cons":"0868","motivo":"sin_npn"},"geometry":{"type":"Polygon","coordinates":[[[-73.27777167826996,10.449757930328463],[-73.2777438944554,10.44976795811059],[-73.27772607050602,10.449715626900861],[-73.27768881641417,10.44972755003211],[-73.27767467429356,10.44967721917926],[-73.27771225153958,10.449664945394861],[-73.27771020615,10.449659072517303],[-73.2777396555857,10.449649854260265],[-73.27777167826996,10.449757930328463]]]}},
{"type":"Feature","properties":{"cons":"0873","motivo":"sin_npn"},"geometry":{"type":"Polygon","coordinates":[[[-73.27786640289575,10.449803326458161],[-73.2778775926845,10.449838507361914],[-73.27782114203944,10.449854582927262],[-73.27781381352455,10.449832626294098],[-73.27780305686876,10.44983550516249],[-73.27779783451672,10.449837376961284],[-73.27780429880015,10.44985937940861],[-73.27774228601903,10.449877038897602],[-73.27773261589098,10.449844075211065],[-73.27786640289575,10.449803326458161]]]}},
{"type":"Feature","properties":{"cons":"0872","motivo":"sin_npn"},"geometry":{"type":"Polygon","coordinates":[[[-73.27786640289575,10.449803326458161],[-73.27773261589098,10.449844075211026],[-73.27772315254703,10.44980978761813],[-73.27785607054744,10.449768981295165],[-73.27786640289575,10.449803326458161]]]}},
{"type":"Feature","properties":{"cons":"0874","motivo":"sin_npn"},"geometry":{"type":"Polygon","coordinates":[[[-73.27781752360669,10.449855613355352],[-73.2779124758583,10.449828573603622],[-73.27792141683605,10.449861694413046],[-73.27782565669615,10.449889113481918],[-73.27781752360669,10.449855613355352]]]}},
{"type":"Feature","properties":{"cons":"0875","motivo":"sin_npn"},"geometry":{"type":"Polygon","coordinates":[[[-73.27788942145116,10.44987085567807],[-73.27790149562193,10.449901782881543],[-73.27781746662195,10.449928826187746],[-73.27781639062732,10.449915832510998],[-73.27783028916485,10.449906843234407],[-73.27782565669614,10.449889113481918],[-73.27788942145116,10.44987085567807]]]}},
{"type":"Feature","properties":{"cons":"0877","motivo":"sin_npn"},"geometry":{"type":"Polygon","coordinates":[[[-73.27782588459009,10.449964726879607],[-73.27783928573261,10.44996145294898],[-73.27792216503201,10.449935821605239],[-73.27792573792631,10.449974436074012],[-73.27783506611883,10.45000024959887],[-73.27782588459009,10.449964726879607]]]}},
{"type":"Feature","properties":{"cons":"0878","motivo":"sin_npn"},"geometry":{"type":"Polygon","coordinates":[[[-73.27791366474989,10.450073462729433],[-73.27782697974659,10.450096326602342],[-73.27782014432948,10.450068884132834],[-73.27790699801604,10.450046592990129],[-73.27791366474989,10.450073462729433]]]}},
{"type":"Feature","properties":{"cons":"0878","motivo":"sin_npn"},"geometry":{"type":"Polygon","coordinates":[[[-73.27782298656477,10.450023735807425],[-73.27785608688775,10.45001810186561],[-73.27785997337648,10.450037058280367],[-73.27782650592336,10.450042641297793],[-73.27782298656477,10.450023735807425]]]}},
{"type":"Feature","properties":{"cons":"0880","motivo":"sin_npn"},"geometry":{"type":"Polygon","coordinates":[[[-73.27795070301974,10.4501987776974],[-73.27788804965375,10.450217030186373],[-73.27787214237391,10.450163805428216],[-73.27789980486578,10.450157652921423],[-73.27790891980148,10.450181584123259],[-73.27794335178403,10.450172744533932],[-73.27795070301974,10.4501987776974]]]}},
{"type":"Feature","properties":{"cons":"0880","motivo":"sin_npn"},"geometry":{"type":"Polygon","coordinates":[[[-73.27784321509101,10.450227933538967],[-73.27783773966074,10.450205585240163],[-73.2778102703051,10.450211354547378],[-73.277815435587,10.450234689254836],[-73.2777755763835,10.450244382636054],[-73.2777613209625,10.450171882073485],[-73.2778241479197,10.45016009148227],[-73.27783095230085,10.450188163455753],[-73.27784372024779,10.450186045695672],[-73.27784702765322,10.450206534719443],[-73.27787140112368,10.45020057659158],[-73.27787592727802,10.45021997823715],[-73.27784321509101,10.450227933538967]]]}},
{"type":"Feature","properties":{"cons":"0881","motivo":"sin_npn"},"geometry":{"type":"Polygon","coordinates":[[[-73.27788981784599,10.450216600178168],[-73.27799739818431,10.450185108947172],[-73.2780114500412,10.450247406641065],[-73.27791570615352,10.450267826243094],[-73.27791013213327,10.450239455936478],[-73.27792850970171,10.450235801182993],[-73.27792501306426,10.450220100152885],[-73.27789290081893,10.450226639563049],[-73.27788981784599,10.450216600178168]]]}},
{"type":"Feature","properties":{"cons":"0885","motivo":"sin_npn"},"geometry":{"type":"Polygon","coordinates":[[[-73.278040056146,10.450554901493064],[-73.27792399329526,10.450585084655577],[-73.2779215861829,10.45057763457533],[-73.27791491282946,10.450579651274714],[-73.27791678575241,10.450586959038752],[-73.27786185422016,10.450601244447556],[-73.27785428784635,10.450570220095475],[-73.27800136406394,10.450525398114026],[-73.27803279961746,10.450519385942979],[-73.278040056146,10.450554901493064]],[[-73.27797114111085,10.450568797455881],[-73.27796936319025,10.450562822514376],[-73.2779542521713,10.450568221982612],[-73.27795570829012,10.45057384641189],[-73.27797114111085,10.450568797455881]]]}},
{"type":"Feature","properties":{"cons":"0886","motivo":"sin_npn"},"geometry":{"type":"Polygon","coordinates":[[[-73.2780116720727,10.450598862463732],[-73.27785325567314,10.450633821382933],[-73.27784763693589,10.4506048673033],[-73.27788892452566,10.450594204587368],[-73.2778920982925,10.45060490299464],[-73.27790878252883,10.450600818811884],[-73.27790564131128,10.450589857245653],[-73.27800373192404,10.45056434793078],[-73.2780116720727,10.450598862463732]]]}},
{"type":"Feature","properties":{"cons":"0889","motivo":"sin_npn"},"geometry":{"type":"Polygon","coordinates":[[[-73.27784422716832,10.450773178514618],[-73.27784076621398,10.450757680274283],[-73.27792636146391,10.450736562356871],[-73.27793443870121,10.450773877127535],[-73.27787136235274,10.450788231874602],[-73.27786679780617,10.450769171455047],[-73.27784422716832,10.450773178514618]]]}},
{"type":"Feature","properties":{"cons":"0891","motivo":"sin_npn"},"geometry":{"type":"Polygon","coordinates":[[[-73.27805202797191,10.450819898940962],[-73.27794344228195,10.450839812783551],[-73.27793800393259,10.450809475225107],[-73.27796888564085,10.450803173808524],[-73.27796994595937,10.450807428132617],[-73.27798822679767,10.450803749520121],[-73.27798713818073,10.450799449373848],[-73.27804645075452,10.450787346622729],[-73.27805202797191,10.450819898940962]]]}},
{"type":"Feature","properties":{"cons":"0892","motivo":"sin_npn"},"geometry":{"type":"Polygon","coordinates":[[[-73.27806651013172,10.450849439021757],[-73.27794826879287,10.450866307370601],[-73.27794344228191,10.450839812783551],[-73.27805202797191,10.450819898940962],[-73.27805268659694,10.450823977790714],[-73.27806210822466,10.450822909733377],[-73.27806651013172,10.450849439021757]],[[-73.27805079464977,10.450831400572017],[-73.27804940912526,10.450823573681133],[-73.27804404380295,10.45082456479205],[-73.27804535372096,10.450832267121708],[-73.27805079464977,10.450831400572017]]]}},
{"type":"Feature","properties":{"cons":"0893","motivo":"sin_npn"},"geometry":{"type":"Polygon","coordinates":[[[-73.27807154856183,10.45087980448295],[-73.27792300599528,10.450905450046692],[-73.27791956304013,10.450880796150624],[-73.27795081687034,10.450876000502124],[-73.27794826879287,10.450866307370601],[-73.27806651013172,10.450849439021757],[-73.27807154856183,10.45087980448295]]]}},
{"type":"Feature","properties":{"cons":"0895","motivo":"sin_npn"},"geometry":{"type":"Polygon","coordinates":[[[-73.27803515640204,10.450920696951938],[-73.2780705803018,10.45091403899832],[-73.27807888652688,10.450945808373794],[-73.27804202095726,10.450951638432892],[-73.27803515640204,10.450920696951938]]]}},
{"type":"Feature","properties":{"cons":"0898","motivo":"sin_npn"},"geometry":{"type":"Polygon","coordinates":[[[-73.27806973157765,10.45107690056765],[-73.27802624047297,10.451084736520336],[-73.27802001280916,10.451055824890107],[-73.27806232755535,10.451045015408914],[-73.27806973157765,10.45107690056765]]]}},
{"type":"Feature","properties":{"cons":"0905","motivo":"sin_npn"},"geometry":{"type":"Polygon","coordinates":[[[-73.27822245253986,10.451439835853988],[-73.27805127874944,10.451500237203986],[-73.27804305371481,10.451474162056401],[-73.27807575305229,10.451464904157906],[-73.27807327899095,10.451456862763877],[-73.27806457468837,10.451459599410713],[-73.27806285395155,10.451452727382815],[-73.2782089357507,10.451407613644664],[-73.27822245253986,10.451439835853988]]]}},
{"type":"Feature","properties":{"cons":"0906","motivo":"sin_npn"},"geometry":{"type":"Polygon","coordinates":[[[-73.27809576378866,10.451482872342105],[-73.27810218124074,10.451498455765487],[-73.27808071145145,10.451506135000301],[-73.27808750788444,10.451533706962996],[-73.27810626891439,10.451526030088582],[-73.27811527025669,10.451546708048776],[-73.27805598702994,10.451569907554791],[-73.27804217671577,10.451503790207772],[-73.27809576378866,10.451482872342105]]]}},
{"type":"Feature","properties":{"cons":"0906","motivo":"sin_npn"},"geometry":{"type":"Polygon","coordinates":[[[-73.2781070928475,10.45149744302373],[-73.27815266290052,10.451478877429258],[-73.27816410275871,10.451506253829496],[-73.2781207816674,10.451527741057511],[-73.2781070928475,10.45149744302373]]]}},
{"type":"Feature","properties":{"cons":"0909","motivo":"sin_npn"},"geometry":{"type":"Polygon","coordinates":[[[-73.27813169195107,10.451614556450036],[-73.27812772949726,10.451579967463747],[-73.27814893612036,10.45157535102162],[-73.27815430883501,10.451605411887451],[-73.27822321850378,10.451584405066434],[-73.2782387248191,10.451623003347686],[-73.2781713897986,10.451643706097077],[-73.27816096274111,10.451608697718383],[-73.27813169195107,10.451614556450036]]]}},
{"type":"Feature","properties":{"cons":"0914","motivo":"sin_npn"},"geometry":{"type":"Polygon","coordinates":[[[-73.27839371779358,10.451888037198541],[-73.2783986010656,10.451912792799936],[-73.27830695717101,10.45193393918549],[-73.27830249626065,10.45190916208302],[-73.27839371779358,10.451888037198541]]]}},
{"type":"Feature","properties":{"cons":"0940","motivo":"sin_npn"},"geometry":{"type":"Polygon","coordinates":[[[-73.27855826986848,10.45218096208021],[-73.27855026691881,10.452151855047019],[-73.27856434365903,10.452147965058035],[-73.27857313513726,10.452175188148683],[-73.27855826986848,10.45218096208021]]]}},
{"type":"Feature","properties":{"cons":"0951","motivo":"sin_npn"},"geometry":{"type":"Polygon","coordinates":[[[-73.27849013266349,10.452465967690264],[-73.27849858574129,10.452498905342745],[-73.2784094859498,10.452514486321544],[-73.27840460894197,10.452483556790101],[-73.27849013266349,10.452465967690264]]]}},
{"type":"Feature","properties":{"cons":"0953","motivo":"sin_npn"},"geometry":{"type":"Polygon","coordinates":[[[-73.27860864517012,10.452579143106094],[-73.27860023133529,10.452534989342382],[-73.27861506776144,10.452531480567623],[-73.27862526384155,10.452574322714357],[-73.27860864517012,10.452579143106094]]]}},
{"type":"Feature","properties":{"cons":"0955","motivo":"sin_npn"},"geometry":{"type":"Polygon","coordinates":[[[-73.27853633794483,10.452595860826463],[-73.27855685916735,10.452591116239361],[-73.27856179547032,10.452612976551414],[-73.27854137980587,10.452618683354695],[-73.27853633794483,10.452595860826463]]]}},
{"type":"Feature","properties":{"cons":"0927","motivo":"sin_npn"},"geometry":{"type":"Polygon","coordinates":[[[-73.2782580746184,10.452566502049889],[-73.27826085474231,10.452578123874828],[-73.27825485828569,10.45257985272213],[-73.2782653726014,10.452628401045036],[-73.27824280124177,10.45263327561184],[-73.27822893850835,10.4525723402286],[-73.2782580746184,10.452566502049889]]]}},
{"type":"Feature","properties":{"cons":"0921","motivo":"sin_npn"},"geometry":{"type":"Polygon","coordinates":[[[-73.27819350826647,10.452191198162014],[-73.27819897839092,10.452219109953367],[-73.27818156727477,10.452221806316807],[-73.27818820752002,10.452255087998253],[-73.27816189308518,10.452260441540794],[-73.27814922726331,10.45219995869924],[-73.27819350826647,10.452191198162014]]]}},
{"type":"Feature","properties":{"cons":"0921","motivo":"sin_npn"},"geometry":{"type":"Polygon","coordinates":[[[-73.27825807243268,10.452195737696943],[-73.27826417142496,10.45223009886667],[-73.27824658842204,10.452233814946245],[-73.2782388195983,10.452200689957348],[-73.27825807243268,10.452195737696943]]]}},
{"type":"Feature","properties":{"cons":"0970","motivo":"sin_npn"},"geometry":{"type":"Polygon","coordinates":[[[-73.27852659867862,10.45277268066024],[-73.2785304990767,10.452792298657121],[-73.27850420218445,10.452797707917913],[-73.27850784786705,10.452817753760455],[-73.27849485137872,10.45282135597511],[-73.27849849492821,10.45283900790616],[-73.27848700949738,10.45284201032318],[-73.27849375120975,10.452870498704916],[-73.27845905237945,10.45288022470849],[-73.27843946278495,10.452797534548402],[-73.27852659867862,10.45277268066024]]]}},
{"type":"Feature","properties":{"cons":"0974","motivo":"sin_npn"},"geometry":{"type":"Polygon","coordinates":[[[-73.27839525136966,10.453028732661867],[-73.27840384092879,10.453062029326833],[-73.27835902929932,10.453072928810702],[-73.27835211697003,10.453038743225827],[-73.27839525136966,10.453028732661867]]]}},
{"type":"Feature","properties":{"cons":"0981","motivo":"sin_npn"},"geometry":{"type":"Polygon","coordinates":[[[-73.27849533088344,10.45334501957492],[-73.27846341766227,10.453351878598811],[-73.27845921579313,10.453328946190227],[-73.2784896844103,10.453323174203701],[-73.27849533088344,10.45334501957492]]]}},
{"type":"Feature","properties":{"cons":"0981","motivo":"sin_npn"},"geometry":{"type":"Polygon","coordinates":[[[-73.27842327610134,10.453276771558668],[-73.27842628832218,10.453289475357286],[-73.27846256039021,10.45328250135205],[-73.27846983608809,10.453304997787157],[-73.27845629433904,10.453307403519924],[-73.27845920512995,10.453316976632777],[-73.27841061998288,10.453328075204631],[-73.27840108828134,10.453280935346521],[-73.27842327610134,10.453276771558668]]]}},
{"type":"Feature","properties":{"cons":"0982","motivo":"sin_npn"},"geometry":{"type":"Polygon","coordinates":[[[-73.27868802453136,10.453332424188615],[-73.27868099637041,10.453301688789571],[-73.27870237259957,10.453296834975244],[-73.2787111643915,10.453324357297907],[-73.27868802453136,10.453332424188615]]]}},
{"type":"Feature","properties":{"cons":"0998","motivo":"sin_npn"},"geometry":{"type":"Polygon","coordinates":[[[-73.27856010021833,10.453411696450786],[-73.27857295700471,10.453406649079389],[-73.27857916820808,10.453422574447153],[-73.2785640807757,10.453426280903386],[-73.27856010021833,10.453411696450786]]]}},
{"type":"Feature","properties":{"cons":"1000","motivo":"sin_npn"},"geometry":{"type":"Polygon","coordinates":[[[-73.27868911280561,10.453466078994998],[-73.27871559049437,10.453458830889785],[-73.27872362383677,10.453485627547076],[-73.27869734737025,10.453492721320155],[-73.27868911280561,10.453466078994998]]]}},
{"type":"Feature","properties":{"cons":"1005","motivo":"sin_npn"},"geometry":{"type":"Polygon","coordinates":[[[-73.27862334518738,10.453676504497912],[-73.27867440912088,10.453670988149371],[-73.27868288006589,10.45371571239152],[-73.2786320902382,10.453726687655259],[-73.27862334518738,10.453676504497912]]]}},
{"type":"Feature","properties":{"cons":"1011","motivo":"sin_npn"},"geometry":{"type":"Polygon","coordinates":[[[-73.27881952016384,10.453839740957028],[-73.27880509226424,10.453783993413053],[-73.27882233927502,10.453778584992444],[-73.27883690025179,10.453834230748143],[-73.27881952016384,10.453839740957028]]]}},
{"type":"Feature","properties":{"cons":"1013","motivo":"sin_npn"},"geometry":{"type":"Polygon","coordinates":[[[-73.27874923035449,10.453877041552612],[-73.2787605305931,10.453931076791704],[-73.27869484939968,10.453943808861958],[-73.27868359490513,10.453895927990093],[-73.27874923035449,10.453877041552612]]]}},
{"type":"Feature","properties":{"cons":"1019","motivo":"sin_npn"},"geometry":{"type":"Polygon","coordinates":[[[-73.2787834631619,10.45409947301257],[-73.27877276605525,10.454101752623975],[-73.27876982642223,10.45408030284709],[-73.27877911231164,10.454078762628232],[-73.2787834631619,10.45409947301257]]]}},
{"type":"Feature","properties":{"cons":"1019","motivo":"sin_npn"},"geometry":{"type":"Polygon","coordinates":[[[-73.2787834631619,10.45409947301257],[-73.27877911231164,10.454078762628232],[-73.27876982642223,10.45408030284709],[-73.27877276605525,10.454101752623975],[-73.2787389317729,10.454108962890432],[-73.2787268094973,10.454054259149371],[-73.27883911587297,10.454031353408853],[-73.27885256102265,10.45408474787432],[-73.2787834631619,10.45409947301257]]]}},
{"type":"Feature","properties":{"cons":"1018","motivo":"sin_npn"},"geometry":{"type":"Polygon","coordinates":[[[-73.27862408229157,10.45413343789985],[-73.27861129666603,10.454080842716627],[-73.2787268094973,10.454054259149371],[-73.2787389317729,10.454108962890432],[-73.27862408229157,10.45413343789985]]]}},
{"type":"Feature","properties":{"cons":"1021","motivo":"sin_npn"},"geometry":{"type":"Polygon","coordinates":[[[-73.27879247004023,10.454246428263167],[-73.27880514418547,10.454243388437884],[-73.27880391718234,10.45422352003111],[-73.27885428079179,10.454215191058141],[-73.27886437758296,10.454260167470892],[-73.27879722619048,10.454271550803517],[-73.27879247004023,10.454246428263167]]]}},
{"type":"Feature","properties":{"cons":"1021","motivo":"sin_npn"},"geometry":{"type":"Polygon","coordinates":[[[-73.27877254017535,10.454156607570727],[-73.27880626804507,10.454147630929624],[-73.27881452744211,10.454188320234795],[-73.27882879393884,10.454184956287378],[-73.27883462175481,10.454211044846948],[-73.27878797076727,10.45422266257452],[-73.27877254017535,10.454156607570727]]]}},
{"type":"Feature","properties":{"cons":"1020","motivo":"sin_npn"},"geometry":{"type":"Polygon","coordinates":[[[-73.27873028262132,10.45424577838576],[-73.27876595949724,10.45423887424627],[-73.27877275811247,10.454275698565954],[-73.27873859477279,10.454281489839614],[-73.27873028262132,10.45424577838576]]]}},
{"type":"Feature","properties":{"cons":"1020","motivo":"sin_npn"},"geometry":{"type":"Polygon","coordinates":[[[-73.27877254017535,10.454156607570727],[-73.27878738826281,10.454219585717157],[-73.27875482537902,10.454229068931543],[-73.27873493770016,10.454166844566489],[-73.27877254017535,10.454156607570727]]]}},
{"type":"Feature","properties":{"cons":"1022","motivo":"sin_npn"},"geometry":{"type":"Polygon","coordinates":[[[-73.27881197515548,10.454342646102523],[-73.2788552854304,10.454329764876482],[-73.27886277564664,10.454347413547636],[-73.27881809626632,10.454364031881717],[-73.27881197515548,10.454342646102523]]]}},
{"type":"Feature","properties":{"cons":"0994","motivo":"sin_npn"},"geometry":{"type":"Polygon","coordinates":[[[-73.27851509077804,10.454097164235218],[-73.27851026020365,10.45407169858799],[-73.27854451187798,10.454071194514514],[-73.27854695363567,10.454097226188797],[-73.27851509077804,10.454097164235218]]]}},
{"type":"Feature","properties":{"cons":"1028","motivo":"sin_npn"},"geometry":{"type":"Polygon","coordinates":[[[-73.27712363132271,10.453395582402266],[-73.27701029221815,10.45341799700525],[-73.27700323073832,10.45337848712235],[-73.27711721569031,10.453356990654884],[-73.27712363132271,10.453395582402266]]]}},
{"type":"Feature","properties":{"cons":"1029","motivo":"sin_npn"},"geometry":{"type":"Polygon","coordinates":[[[-73.2771303121467,10.45343576933682],[-73.27707558609394,10.453445193719173],[-73.27707283472618,10.453430281642344],[-73.27706432261301,10.45343162962633],[-73.27706720486039,10.453446637051872],[-73.27701695750834,10.453455290146284],[-73.27701029221815,10.45341799700525],[-73.27710296190223,10.453399670110757],[-73.2771059045517,10.453412250690493],[-73.27712576446115,10.453408413799222],[-73.2771303121467,10.45343576933682]]]}},
{"type":"Feature","properties":{"cons":"1030","motivo":"sin_npn"},"geometry":{"type":"Polygon","coordinates":[[[-73.27712218025923,10.45347487478448],[-73.2770236228003,10.45349258328699],[-73.27701695750834,10.453455290146284],[-73.27711462076084,10.453438471553913],[-73.27712218025923,10.45347487478448]]]}},
{"type":"Feature","properties":{"cons":"1031","motivo":"sin_npn"},"geometry":{"type":"Polygon","coordinates":[[[-73.27714159849545,10.45350365970271],[-73.27702901294462,10.453524530137022],[-73.2770236228003,10.45349258328699],[-73.27713638877107,10.453472321839882],[-73.27714159849545,10.45350365970271]]]}},
{"type":"Feature","properties":{"cons":"1032","motivo":"sin_npn"},"geometry":{"type":"Polygon","coordinates":[[[-73.27711880830583,10.453507884414826],[-73.27712414983831,10.453538239431333],[-73.27703376380832,10.453552688028228],[-73.27702901294461,10.453524530137022],[-73.27711880830583,10.453507884414826]]]}},
{"type":"Feature","properties":{"cons":"1033","motivo":"sin_npn"},"geometry":{"type":"Polygon","coordinates":[[[-73.27712414983831,10.453538239431353],[-73.27712923472868,10.453567135988624],[-73.27703859066263,10.453581432987107],[-73.27703376380832,10.453552688028228],[-73.27712414983831,10.453538239431353]]]}},
{"type":"Feature","properties":{"cons":"1034","motivo":"sin_npn"},"geometry":{"type":"Polygon","coordinates":[[[-73.27712923472868,10.453567135988624],[-73.27713444878184,10.453596766549724],[-73.27704180693404,10.453606280698109],[-73.2770385906626,10.453581432987107],[-73.27712923472868,10.453567135988624]]]}},
{"type":"Feature","properties":{"cons":"1035","motivo":"sin_npn"},"geometry":{"type":"Polygon","coordinates":[[[-73.27713574028684,10.45361654260856],[-73.27712023545732,10.453617947236287],[-73.27712000401425,10.453629427086469],[-73.27704530602817,10.453633313386472],[-73.27704180693404,10.453606280698109],[-73.27713444878184,10.45359676654977],[-73.27713574028684,10.45361654260856]]]}},
{"type":"Feature","properties":{"cons":"1036","motivo":"sin_npn"},"geometry":{"type":"Polygon","coordinates":[[[-73.27712205358729,10.45362932045342],[-73.2771224720597,10.453666832650871],[-73.27705081076901,10.45367584093819],[-73.27704530602817,10.453633313386472],[-73.27712205358729,10.45362932045342]]]}},
{"type":"Feature","properties":{"cons":"1037","motivo":"sin_npn"},"geometry":{"type":"Polygon","coordinates":[[[-73.2771224720597,10.45366683265088],[-73.27712300115002,10.453714260695548],[-73.27705848682642,10.453722675128015],[-73.27705081076901,10.453675840938217],[-73.2771224720597,10.45366683265088]]]}},
{"type":"Feature","properties":{"cons":"1038","motivo":"sin_npn"},"geometry":{"type":"Polygon","coordinates":[[[-73.27712300115002,10.453714260695548],[-73.27712342501657,10.453752256381286],[-73.27706528071573,10.453760418290221],[-73.27705848682642,10.453722675128015],[-73.27712300115002,10.453714260695548]]]}},
{"type":"Feature","properties":{"cons":"1040","motivo":"sin_npn"},"geometry":{"type":"Polygon","coordinates":[[[-73.27707430261376,10.453802046405393],[-73.27712945746943,10.453791231833877],[-73.27713868745681,10.453835750607523],[-73.2770839360296,10.453846496123308],[-73.27707430261376,10.453802046405393]]]}},
{"type":"Feature","properties":{"cons":"1042","motivo":"sin_npn"},"geometry":{"type":"Polygon","coordinates":[[[-73.27718832668481,10.45393180707356],[-73.2771151841481,10.453956256293084],[-73.27710159481796,10.453905038347747],[-73.27718961249451,10.453877759435176],[-73.27720558413245,10.453901571077443],[-73.27718332354225,10.453908944436424],[-73.27718832668481,10.45393180707356]]]}},
{"type":"Feature","properties":{"cons":"1041","motivo":"sin_npn"},"geometry":{"type":"Polygon","coordinates":[[[-73.27716582069804,10.453886956784876],[-73.2770969777914,10.453906672329639],[-73.2770839360296,10.453846496123308],[-73.27713868745681,10.453835750607523],[-73.27715353319799,10.45386376767029],[-73.27714567653442,10.453865587461289],[-73.27714723340982,10.453875736302114],[-73.27715834965652,10.453872857347942],[-73.27716582069804,10.453886956784876]]]}},
{"type":"Feature","properties":{"cons":"1039","motivo":"sin_npn"},"geometry":{"type":"Polygon","coordinates":[[[-73.27712945746943,10.453791231833877],[-73.27707430261376,10.453802046405393],[-73.27706528071573,10.453760418290221],[-73.27712342501657,10.453752256381312],[-73.27712621031017,10.453770252060723],[-73.2771183464579,10.453771951330566],[-73.27711968387912,10.45378008947485],[-73.27712753272095,10.453778796107102],[-73.27712945746943,10.453791231833877]]]}},
{"type":"Feature","properties":{"cons":"1060","motivo":"sin_npn"},"geometry":{"type":"Polygon","coordinates":[[[-73.27766988735809,10.454672992641681],[-73.27766418459348,10.454676099684816],[-73.27766812337006,10.454683701622143],[-73.27766506224046,10.45468529972675],[-73.27768299064684,10.454720235255065],[-73.27764989322759,10.454734770780146],[-73.2775978230013,10.454655842778152],[-73.27764529676904,10.45463064006442],[-73.27766131848036,10.454658234393545],[-73.27764656904708,10.454666635120521],[-73.27764928225899,10.454671612098709],[-73.2776660008905,10.45466629894706],[-73.27766988735809,10.454672992641681]]]}},
{"type":"Feature","properties":{"cons":"1044","motivo":"sin_npn"},"geometry":{"type":"Polygon","coordinates":[[[-73.27730011221807,10.45406848164484],[-73.27721761715235,10.454117312972684],[-73.27720728645647,10.454103297420755],[-73.27721332913262,10.454099102821406],[-73.27720332216403,10.454079682564082],[-73.27727609224766,10.45403081167301],[-73.27730011221807,10.45406848164484]]]}},
{"type":"Feature","properties":{"cons":"1045","motivo":"sin_npn"},"geometry":{"type":"Polygon","coordinates":[[[-73.2773155643701,10.454059335044047],[-73.27734161103473,10.45409579048209],[-73.27724009672369,10.454163051183833],[-73.27720917145653,10.454122312233745],[-73.27727405794361,10.454083903962907],[-73.27727862559145,10.45409048484188],[-73.27728819785105,10.454084587494789],[-73.27728355678052,10.454078281312643],[-73.2773155643701,10.454059335044047]]]}},
{"type":"Feature","properties":{"cons":"1046","motivo":"sin_npn"},"geometry":{"type":"Polygon","coordinates":[[[-73.27734161103471,10.45409579048209],[-73.27734992977764,10.454107558503688],[-73.27732944926625,10.4541185212686],[-73.27733720383337,10.45413219249154],[-73.27726138903742,10.45418068917758],[-73.27724551312004,10.454159462424158],[-73.27734161103471,10.45409579048209]]]}},
{"type":"Feature","properties":{"cons":"1047","motivo":"sin_npn"},"geometry":{"type":"Polygon","coordinates":[[[-73.27737415455222,10.454141841060764],[-73.27732455541498,10.45417042576543],[-73.27727902074314,10.454206286798708],[-73.27726138903742,10.45418068917758],[-73.2773579563807,10.454118917639397],[-73.27737415455222,10.454141841060764]]]}},
{"type":"Feature","properties":{"cons":"1048","motivo":"sin_npn"},"geometry":{"type":"Polygon","coordinates":[[[-73.27738870395135,10.454216122629159],[-73.27732765871339,10.45426121999923],[-73.2772790207431,10.454206286798708],[-73.27732455541495,10.45417042576543],[-73.27736085178924,10.454149507637947],[-73.27737375188134,10.454170370825896],[-73.27736620955186,10.454174399158155],[-73.27737609128732,10.454190190395007],[-73.27736869407086,10.454194218601193],[-73.27737436445764,10.454206566264235],[-73.27738504435919,10.454201507495133],[-73.27738870395135,10.454216122629159]]]}},
{"type":"Feature","properties":{"cons":"1049","motivo":"sin_npn"},"geometry":{"type":"Polygon","coordinates":[[[-73.27740081431726,10.454253788062095],[-73.27734808459482,10.454287101089069],[-73.27732765871339,10.45426121999923],[-73.27738870395135,10.454216122629159],[-73.27740081431726,10.454253788062095]]]}},
{"type":"Feature","properties":{"cons":"1050","motivo":"sin_npn"},"geometry":{"type":"Polygon","coordinates":[[[-73.2774140255079,10.454285850232415],[-73.2773690521059,10.454317809527394],[-73.27734808459482,10.454287101089069],[-73.27740081431726,10.454253788062095],[-73.2774029952841,10.454258932363514],[-73.27739917058261,10.45426193985154],[-73.2774140255079,10.454285850232415]]]}},
{"type":"Feature","properties":{"cons":"1051","motivo":"sin_npn"},"geometry":{"type":"Polygon","coordinates":[[[-73.27744247863444,10.454323311842819],[-73.27739270245898,10.454352447172845],[-73.2773690521059,10.454317809527394],[-73.27741784092696,10.454283138893599],[-73.27744247863444,10.454323311842819]]]}},
{"type":"Feature","properties":{"cons":"1052","motivo":"sin_npn"},"geometry":{"type":"Polygon","coordinates":[[[-73.27746839793448,10.454373304544971],[-73.27742128225692,10.454401971613208],[-73.27739270245898,10.454352447172845],[-73.27742094212572,10.454335917740396],[-73.2774417370433,10.454370706198654],[-73.27745945668013,10.454355982298202],[-73.27746839793448,10.454373304544971]]]}},
{"type":"Feature","properties":{"cons":"1053","motivo":"sin_npn"},"geometry":{"type":"Polygon","coordinates":[[[-73.27749151804902,10.45440851699903],[-73.27744548664879,10.454437839877437],[-73.27742128225692,10.454401971613208],[-73.27746886023708,10.454374008642354],[-73.27749151804902,10.45440851699903]]]}},
{"type":"Feature","properties":{"cons":"1054","motivo":"sin_npn"},"geometry":{"type":"Polygon","coordinates":[[[-73.27751262299239,10.454432202498081],[-73.2774644193482,10.454465888117753],[-73.27744548664877,10.454437839877437],[-73.27749151804902,10.45440851699903],[-73.27751262299239,10.454432202498081]]]}},
{"type":"Feature","properties":{"cons":"1055","motivo":"sin_npn"},"geometry":{"type":"Polygon","coordinates":[[[-73.2775465195549,10.454474018517589],[-73.27750070918265,10.454508915172548],[-73.27746441934818,10.454465888117753],[-73.27751262299238,10.454432202498081],[-73.2775465195549,10.454474018517589]]]}},
{"type":"Feature","properties":{"cons":"1056","motivo":"sin_npn"},"geometry":{"type":"Polygon","coordinates":[[[-73.27756969312057,10.45450945695283],[-73.27752308070049,10.45454250898544],[-73.27750070918265,10.454508915172548],[-73.27754651955487,10.454474018517589],[-73.27756969312057,10.45450945695283]]]}},
{"type":"Feature","properties":{"cons":"1057","motivo":"sin_npn"},"geometry":{"type":"Polygon","coordinates":[[[-73.27759770546693,10.454546514735101],[-73.27754960594254,10.45458235055683],[-73.27752308070049,10.45454250898544],[-73.27756969312055,10.45450945695283],[-73.27759770546693,10.454546514735101]]]}},
{"type":"Feature","properties":{"cons":"1059","motivo":"sin_npn"},"geometry":{"type":"Polygon","coordinates":[[[-73.27764529676904,10.45463064006442],[-73.2775978230013,10.454655842778152],[-73.2775698014878,10.454613132520217],[-73.2776184751918,10.454584445021766],[-73.27764529676904,10.45463064006442]]]}},
{"type":"Feature","properties":{"cons":"1062","motivo":"sin_npn"},"geometry":{"type":"Polygon","coordinates":[[[-73.27781275749078,10.454845951453553],[-73.2778211368325,10.454876335177062],[-73.27775244096544,10.45489226212751],[-73.2777450974706,10.454864845448018],[-73.27781275749078,10.454845951453553]]]}},
{"type":"Feature","properties":{"cons":"1063","motivo":"sin_npn"},"geometry":{"type":"Polygon","coordinates":[[[-73.27780081180553,10.454882733497843],[-73.27780756999323,10.45490548374475],[-73.27775817794154,10.45491598890461],[-73.27775244096544,10.45489226212751],[-73.27780081180553,10.454882733497843]]]}},
{"type":"Feature","properties":{"cons":"1065","motivo":"sin_npn"},"geometry":{"type":"Polygon","coordinates":[[[-73.27783745088938,10.454932490669492],[-73.27784743001071,10.454972575347815],[-73.2777751605253,10.45498861044233],[-73.27776626639096,10.454949440813099],[-73.27783745088938,10.454932490669492]]]}},
{"type":"Feature","properties":{"cons":"1066","motivo":"sin_npn"},"geometry":{"type":"Polygon","coordinates":[[[-73.27790307765885,10.455001995209203],[-73.27778004058443,10.455023242938116],[-73.2777751605253,10.45498861044233],[-73.27788580377113,10.454964061001817],[-73.27790307765885,10.455001995209203]]]}},
{"type":"Feature","properties":{"cons":"1067","motivo":"sin_npn"},"geometry":{"type":"Polygon","coordinates":[[[-73.27788300313324,10.455045635161376],[-73.27778492064475,10.455057875433726],[-73.27778004058443,10.455023242938116],[-73.27787654736031,10.455006576829165],[-73.27788300313324,10.455045635161376]]]}},
{"type":"Feature","properties":{"cons":"1068","motivo":"sin_npn"},"geometry":{"type":"Polygon","coordinates":[[[-73.27788300313324,10.455045635161376],[-73.27788701339755,10.455090719701495],[-73.27782334329314,10.455094934508525],[-73.2778194781198,10.45505588628854],[-73.27788300313324,10.455045635161376]]]}},
{"type":"Feature","properties":{"cons":"1069","motivo":"sin_npn"},"geometry":{"type":"Polygon","coordinates":[[[-73.27788701339755,10.455090719701495],[-73.27789145214626,10.455127968964314],[-73.27782686147391,10.455130477199251],[-73.27782334329314,10.455094934508525],[-73.27788701339755,10.455090719701495]]]}},
{"type":"Feature","properties":{"cons":"1071","motivo":"sin_npn"},"geometry":{"type":"Polygon","coordinates":[[[-73.27791547230032,10.455208013938423],[-73.27791579130461,10.455221388767576],[-73.27794346122387,10.45522308827649],[-73.27794167251182,10.455251081657156],[-73.27783415819825,10.455245627430527],[-73.27783412345673,10.455206549215905],[-73.27791547230032,10.455208013938423]]]}},
{"type":"Feature","properties":{"cons":"1072","motivo":"sin_npn"},"geometry":{"type":"Polygon","coordinates":[[[-73.27794167251182,10.455251081657156],[-73.27794175954287,10.455267712300527],[-73.27791892913521,10.455268689757855],[-73.27791953505998,10.455299332693782],[-73.27783235371265,10.455297512050212],[-73.27783415819825,10.455245627430527],[-73.27794167251182,10.455251081657156]]]}},
{"type":"Feature","properties":{"cons":"1074","motivo":"sin_npn"},"geometry":{"type":"Polygon","coordinates":[[[-73.27793100179841,10.455713062341227],[-73.27780654567421,10.455715586240133],[-73.27780676383117,10.455672756579453],[-73.27793145395081,10.455671289741904],[-73.27793100179841,10.455713062341227]]]}},
{"type":"Feature","properties":{"cons":"1075","motivo":"sin_npn"},"geometry":{"type":"Polygon","coordinates":[[[-73.27793059700666,10.455750459474658],[-73.27780635271968,10.455753468055416],[-73.2778065456742,10.455715586240133],[-73.2779310017984,10.455713062341227],[-73.27793059700666,10.455750459474658]]]}},
{"type":"Feature","properties":{"cons":"1076","motivo":"sin_npn"},"geometry":{"type":"Polygon","coordinates":[[[-73.27792520996458,10.45575039966775],[-73.27792407737275,10.45577566027845],[-73.27790722686146,10.455775643575002],[-73.27790697039515,10.455785623992613],[-73.27779630588974,10.455784496454967],[-73.27779920931339,10.455753474276868],[-73.27792520996458,10.45575039966775]]]}},
{"type":"Feature","properties":{"cons":"1077","motivo":"sin_npn"},"geometry":{"type":"Polygon","coordinates":[[[-73.2777933021674,10.455816590287895],[-73.27779630588974,10.455784496454967],[-73.27790697039515,10.455785623992613],[-73.27790612883372,10.455818373456802],[-73.2777933021674,10.455816590287895]]]}},
{"type":"Feature","properties":{"cons":"1078","motivo":"sin_npn"},"geometry":{"type":"Polygon","coordinates":[[[-73.27790660501424,10.455845896529969],[-73.27779131165308,10.455846051885338],[-73.27779330216737,10.455816590287895],[-73.27790612883372,10.455818373456802],[-73.27790660501424,10.455845896529969]]]}},
{"type":"Feature","properties":{"cons":"1079","motivo":"sin_npn"},"geometry":{"type":"Polygon","coordinates":[[[-73.27788374232995,10.455914882292268],[-73.27779679686347,10.455915737716825],[-73.27779131165308,10.455846051885377],[-73.27788106340822,10.455849251179373],[-73.27788374232995,10.455914882292268]]]}},
{"type":"Feature","properties":{"cons":"1080","motivo":"sin_npn"},"geometry":{"type":"Polygon","coordinates":[[[-73.27789655083593,10.455914756272037],[-73.27789657809632,10.455946509955645],[-73.27779930386221,10.45594561380793],[-73.27779679686347,10.455915737716825],[-73.27789655083593,10.455914756272037]]]}},
{"type":"Feature","properties":{"cons":"1081","motivo":"sin_npn"},"geometry":{"type":"Polygon","coordinates":[[[-73.27790423619098,10.455962560760806],[-73.27790317479003,10.455978531238287],[-73.27788257885076,10.455979011406749],[-73.27788438468193,10.456012796382428],[-73.27779993895605,10.456011858168415],[-73.2777993038622,10.45594561380793],[-73.27789028933023,10.455946452020735],[-73.27789030295068,10.455961768503364],[-73.27790423619098,10.455962560760806]]]}},
{"type":"Feature","properties":{"cons":"1082","motivo":"sin_npn"},"geometry":{"type":"Polygon","coordinates":[[[-73.2778546419067,10.456012465935016],[-73.2778536511227,10.456070883836459],[-73.27779708949372,10.45607220432016],[-73.27779993895605,10.456011858168415],[-73.2778546419067,10.456012465935016]]]}},
{"type":"Feature","properties":{"cons":"1084","motivo":"sin_npn"},"geometry":{"type":"Polygon","coordinates":[[[-73.27790702155296,10.456196032812336],[-73.27779143529185,10.45620619790072],[-73.27779310086275,10.456156675851783],[-73.27790524233247,10.456156423230398],[-73.27790702155296,10.456196032812336]]]}},
{"type":"Feature","properties":{"cons":"1085","motivo":"sin_npn"},"geometry":{"type":"Polygon","coordinates":[[[-73.27789741508313,10.456261098930279],[-73.27777237279051,10.45627231269856],[-73.27777798946525,10.456221770060923],[-73.27779249877543,10.45622101134504],[-73.27779143529183,10.45620619790072],[-73.27789243905175,10.456197489474077],[-73.27789741508313,10.456261098930279]]]}},
{"type":"Feature","properties":{"cons":"1086","motivo":"sin_npn"},"geometry":{"type":"Polygon","coordinates":[[[-73.27789543068766,10.456311502695943],[-73.27776501290536,10.456317629673626],[-73.27776390124633,10.456291417294022],[-73.27777124182376,10.456291439785057],[-73.27777237279051,10.45627231269856],[-73.27790448332294,10.4562604650504],[-73.27789543068766,10.456311502695943]]]}},
{"type":"Feature","properties":{"cons":"1087","motivo":"sin_npn"},"geometry":{"type":"Polygon","coordinates":[[[-73.27788556452084,10.45635247111576],[-73.27775883023881,10.456350843788863],[-73.2777573943981,10.456317636308208],[-73.27788370633483,10.456312053503742],[-73.27788556452084,10.45635247111576]]]}},
{"type":"Feature","properties":{"cons":"1088","motivo":"sin_npn"},"geometry":{"type":"Polygon","coordinates":[[[-73.2778818240076,10.456382295711114],[-73.27776036722578,10.45638639052504],[-73.27775883023881,10.456350843788863],[-73.2778881581393,10.4563525044185],[-73.2778818240076,10.456382295711114]]]}},
{"type":"Feature","properties":{"cons":"1089","motivo":"sin_npn"},"geometry":{"type":"Polygon","coordinates":[[[-73.2778818240076,10.456382295711114],[-73.27787445898524,10.456411564851111],[-73.27786008351644,10.45641127594127],[-73.27785948180926,10.456436993866255],[-73.27776258001266,10.456437566834847],[-73.27776036722574,10.45638639052504],[-73.2778818240076,10.456382295711114]]]}},
{"type":"Feature","properties":{"cons":"1090","motivo":"sin_npn"},"geometry":{"type":"Polygon","coordinates":[[[-73.27787363241751,10.456489846643153],[-73.27779845076465,10.456486996135487],[-73.27779899047755,10.456465910374362],[-73.2777803823929,10.45646663737397],[-73.27777781735236,10.456437912651783],[-73.27785948180926,10.456436993866255],[-73.27785915593576,10.456456090800675],[-73.27787002938373,10.456456952535177],[-73.27787363241751,10.456489846643153]]]}},
{"type":"Feature","properties":{"cons":"1091","motivo":"sin_npn"},"geometry":{"type":"Polygon","coordinates":[[[-73.27778536265357,10.456549634148118],[-73.27778520505449,10.456486493923357],[-73.27787363241754,10.456489846643153],[-73.27786751592234,10.456553697089982],[-73.27778536265357,10.456549634148118]]]}},
{"type":"Feature","properties":{"cons":"1092","motivo":"sin_npn"},"geometry":{"type":"Polygon","coordinates":[[[-73.27778157912464,10.456591259364654],[-73.27778536265357,10.456549634148118],[-73.27786751592234,10.456553697089982],[-73.27786344123213,10.456591655071454],[-73.27778157912464,10.456591259364654]]]}},
{"type":"Feature","properties":{"cons":"1093","motivo":"sin_npn"},"geometry":{"type":"Polygon","coordinates":[[[-73.27778149345605,10.456627245409264],[-73.27778157912464,10.456591259364654],[-73.2778634412321,10.456591655071456],[-73.27785955455444,10.456628621596572],[-73.27778149345605,10.456627245409264]]]}},
{"type":"Feature","properties":{"cons":"1094","motivo":"sin_npn"},"geometry":{"type":"Polygon","coordinates":[[[-73.27785955455442,10.456628621596572],[-73.27785860202545,10.456649937365123],[-73.27783872204901,10.456649967674833],[-73.27783794757804,10.456675412522506],[-73.27778138482994,10.456672875086154],[-73.27778149345605,10.456627245409264],[-73.27785955455442,10.456628621596572]]]}},
{"type":"Feature","properties":{"cons":"1095","motivo":"sin_npn"},"geometry":{"type":"Polygon","coordinates":[[[-73.277837947578,10.456675412522506],[-73.27783778233778,10.456709621728661],[-73.27778114957938,10.456707542448955],[-73.27778138482994,10.456672875086154],[-73.277837947578,10.456675412522506]]]}},
{"type":"Feature","properties":{"cons":"1096","motivo":"sin_npn"},"geometry":{"type":"Polygon","coordinates":[[[-73.27783778233778,10.456709621728715],[-73.2778346549766,10.456749242315393],[-73.27777991595686,10.456752288220112],[-73.27778114957938,10.456707542448955],[-73.27783778233778,10.456709621728715]]]}},
{"type":"Feature","properties":{"cons":"1097","motivo":"sin_npn"},"geometry":{"type":"Polygon","coordinates":[[[-73.27783662142164,10.456785883519647],[-73.27777905305935,10.456786356693325],[-73.27777991595686,10.456752288220112],[-73.2778346549766,10.456749242315393],[-73.27783662142164,10.456785883519647]]]}},
{"type":"Feature","properties":{"cons":"1098","motivo":"sin_npn"},"geometry":{"type":"Polygon","coordinates":[[[-73.2778377595555,10.45681960432166],[-73.2777782195349,10.456821033283193],[-73.27777905305935,10.456786356693325],[-73.27783662142164,10.456785883519647],[-73.2778377595555,10.45681960432166]]]}},
{"type":"Feature","properties":{"cons":"1099","motivo":"sin_npn"},"geometry":{"type":"Polygon","coordinates":[[[-73.2778377595555,10.45681960432166],[-73.27783954635953,10.456869811952714],[-73.27782278172222,10.456878195672967],[-73.27777680320057,10.456879956138925],[-73.2777782195349,10.456821033283193],[-73.2778377595555,10.45681960432166]]]}},
{"type":"Feature","properties":{"cons":"1100","motivo":"sin_npn"},"geometry":{"type":"Polygon","coordinates":[[[-73.27785551348563,10.45696351791611],[-73.27777652672457,10.45696407616489],[-73.27777659837031,10.45691021857984],[-73.27785347591234,10.456908106736186],[-73.27785551348563,10.45696351791611]]]}},
{"type":"Feature","properties":{"cons":"1101","motivo":"sin_npn"},"geometry":{"type":"Polygon","coordinates":[[[-73.27785797248372,10.45701395074369],[-73.27775720436027,10.457017827493297],[-73.27775766402934,10.456990775876848],[-73.27777645127469,10.456991066876144],[-73.27777652672457,10.45696407616489],[-73.27785551348563,10.45696351791611],[-73.27785797248372,10.45701395074369]]]}},
{"type":"Feature","properties":{"cons":"1102","motivo":"sin_npn"},"geometry":{"type":"Polygon","coordinates":[[[-73.27785745199037,10.457056715546262],[-73.27777497484924,10.45705954101659],[-73.27777587800554,10.457017654138799],[-73.27785527924516,10.457014072239755],[-73.27785745199037,10.457056715546262]]]}},
{"type":"Feature","properties":{"cons":"1103","motivo":"sin_npn"},"geometry":{"type":"Polygon","coordinates":[[[-73.27786163190338,10.457089003581887],[-73.27776452585594,10.457091793026283],[-73.27776377368082,10.457061869769905],[-73.27786005326091,10.457056626432573],[-73.27786163190338,10.457089003581887]]]}},
{"type":"Feature","properties":{"cons":"1104","motivo":"sin_npn"},"geometry":{"type":"Polygon","coordinates":[[[-73.27786163190338,10.457089003581887],[-73.27786137313937,10.457126682046527],[-73.27784146926071,10.457128352872589],[-73.27784489358986,10.45717144032148],[-73.27786074094224,10.45717179558338],[-73.2778606302122,10.45717969727085],[-73.27777215945595,10.45717927323253],[-73.27777428379555,10.457091590925202],[-73.27786163190338,10.457089003581887]]]}},
{"type":"Feature","properties":{"cons":"1106","motivo":"sin_npn"},"geometry":{"type":"Polygon","coordinates":[[[-73.2777944440569,10.457282122487145],[-73.27779764029613,10.4572329054168],[-73.27782891367669,10.457232952431566],[-73.27782636888539,10.45728210936481],[-73.2777944440569,10.457282122487145]]]}},
{"type":"Feature","properties":{"cons":"1107","motivo":"sin_npn"},"geometry":{"type":"Polygon","coordinates":[[[-73.27785841485844,10.457337784724718],[-73.27777310614026,10.45733813709838],[-73.27777295344958,10.457282131318811],[-73.27785919525256,10.457282095868539],[-73.27785841485844,10.457337784724718]]]}},
{"type":"Feature","properties":{"cons":"1108","motivo":"sin_npn"},"geometry":{"type":"Polygon","coordinates":[[[-73.27785730233593,10.457400379982582],[-73.27777179335928,10.457405242537135],[-73.27777310614024,10.45733813709838],[-73.27785841485844,10.457337784724718],[-73.27785730233593,10.457400379982582]]]}},
{"type":"Feature","properties":{"cons":"1109","motivo":"sin_npn"},"geometry":{"type":"Polygon","coordinates":[[[-73.27783652368906,10.45747231589304],[-73.2777686798734,10.457473395909085],[-73.27777179335924,10.457405242537135],[-73.27781869042765,10.457402575690717],[-73.27781920605803,10.457413786529909],[-73.27782631668978,10.457413780335614],[-73.2778267568879,10.45741923807343],[-73.27784039794736,10.457419513459373],[-73.27783621452028,10.457447525884271],[-73.27784971021053,10.457447514126864],[-73.27784943530823,10.457464750538842],[-73.27783652020473,10.457464905425255],[-73.27783652368906,10.45747231589304]]]}},
{"type":"Feature","properties":{"cons":"1110","motivo":"sin_npn"},"geometry":{"type":"Polygon","coordinates":[[[-73.2778535713617,10.457511260527966],[-73.277847151568,10.457511675614073],[-73.27784717175298,10.457534374075621],[-73.27776604633199,10.45753625148997],[-73.2777686798734,10.457473395909085],[-73.27785423469483,10.457472033946429],[-73.2778535713617,10.457511260527966]]]}},
{"type":"Feature","properties":{"cons":"1111","motivo":"sin_npn"},"geometry":{"type":"Polygon","coordinates":[[[-73.27785383250814,10.457582739609155],[-73.27776413585075,10.457583527325589],[-73.27776604633199,10.45753625148997],[-73.27785398354735,10.457534216435313],[-73.27785383250814,10.457582739609155]]]}},
{"type":"Feature","properties":{"cons":"1112","motivo":"sin_npn"},"geometry":{"type":"Polygon","coordinates":[[[-73.27783965343421,10.457582864131538],[-73.27783674476441,10.457636945298932],[-73.2777613352119,10.457630188715884],[-73.27776413585075,10.457583527325589],[-73.27783965343421,10.457582864131538]]]}},
{"type":"Feature","properties":{"cons":"1113","motivo":"sin_npn"},"geometry":{"type":"Polygon","coordinates":[[[-73.27783674476441,10.457636945298932],[-73.2778346053345,10.457671255588076],[-73.27775844932252,10.457667570879149],[-73.2777613352119,10.457630188715884],[-73.27783674476441,10.457636945298932]]]}},
{"type":"Feature","properties":{"cons":"1114","motivo":"sin_npn"},"geometry":{"type":"Polygon","coordinates":[[[-73.27784326315782,10.45767178459226],[-73.27784073577168,10.457710164646977],[-73.27776950284687,10.457705068971192],[-73.27777201743123,10.45766743137951],[-73.27784326315782,10.45767178459226]]]}},
{"type":"Feature","properties":{"cons":"1115","motivo":"sin_npn"},"geometry":{"type":"Polygon","coordinates":[[[-73.27776439272917,10.4577815557536],[-73.27776950284687,10.457705068971192],[-73.27784860418289,10.457710727515929],[-73.27784867190734,10.457786883065557],[-73.27776439272917,10.4577815557536]]]}},
{"type":"Feature","properties":{"cons":"1116","motivo":"sin_npn"},"geometry":{"type":"Polygon","coordinates":[[[-73.27784867190734,10.457786883065557],[-73.27784869839546,10.457816668563254],[-73.27782439579539,10.457814367412029],[-73.27782264424698,10.457832395820352],[-73.27776436273115,10.45782578149152],[-73.27776825947309,10.457781800172139],[-73.27784867190734,10.457786883065557]]]}},
{"type":"Feature","properties":{"cons":"1117","motivo":"sin_npn"},"geometry":{"type":"Polygon","coordinates":[[[-73.27782440657228,10.457884674243651],[-73.27777383131273,10.457875098569506],[-73.27777978214759,10.457827995158286],[-73.27784871369555,10.457833873235613],[-73.27784530274555,10.457866543172429],[-73.27782685972277,10.457865355608016],[-73.27782440657228,10.457884674243651]]]}},
{"type":"Feature","properties":{"cons":"1118","motivo":"sin_npn"},"geometry":{"type":"Polygon","coordinates":[[[-73.27784289395728,10.457888174553213],[-73.27783575859311,10.457952251477781],[-73.27781708456592,10.457944651512427],[-73.27775744358149,10.457934972134826],[-73.27776207993368,10.45790850246667],[-73.27777030312633,10.457908495304325],[-73.27777383131271,10.457875098569506],[-73.27784289395728,10.457888174553213]]]}},
{"type":"Feature","properties":{"cons":"1119","motivo":"sin_npn"},"geometry":{"type":"Polygon","coordinates":[[[-73.27781708456588,10.457944651512427],[-73.27785641196206,10.457957243171485],[-73.27785155993473,10.457974800338903],[-73.27787635763286,10.45798285818812],[-73.27786301398825,10.458028086012433],[-73.2778081333551,10.458010709356362],[-73.27781367308717,10.457995356559742],[-73.2778032699713,10.457991774753076],[-73.27779613729723,10.458007444143172],[-73.2777298448746,10.457995824467828],[-73.2777363112738,10.457966041002736],[-73.27774907192165,10.45796740405084],[-73.27775446386235,10.457934488543817],[-73.27781708456588,10.457944651512427]]]}},
{"type":"Feature","properties":{"cons":"1120","motivo":"sin_npn"},"geometry":{"type":"Polygon","coordinates":[[[-73.27783414561557,10.458018945525604],[-73.27782711525757,10.458043925319075],[-73.27781042355812,10.458040061721716],[-73.27780724302863,10.458053566160384],[-73.27783206475823,10.458061444448477],[-73.27782807709316,10.458075732046638],[-73.2777165498378,10.458049722338615],[-73.2777298448746,10.457995824467828],[-73.27779990854503,10.458008105163552],[-73.27783414561557,10.458018945525604]]]}},
{"type":"Feature","properties":{"cons":"1121","motivo":"sin_npn"},"geometry":{"type":"Polygon","coordinates":[[[-73.27784765893338,10.458107572043659],[-73.2777174928178,10.458078017985592],[-73.27772253865204,10.458050930452908],[-73.27785558674096,10.45808342062194],[-73.27784765893338,10.458107572043659]]]}},
{"type":"Feature","properties":{"cons":"1122","motivo":"sin_npn"},"geometry":{"type":"Polygon","coordinates":[[[-73.2777939042501,10.458168950447028],[-73.27772470951533,10.458149640654003],[-73.27772690286264,10.458135780860186],[-73.2776970545388,10.458128755942324],[-73.27770999031146,10.458076314548865],[-73.2778116874776,10.458099404774364],[-73.2777939042501,10.458168950447028]]]}},
{"type":"Feature","properties":{"cons":"1123","motivo":"sin_npn"},"geometry":{"type":"Polygon","coordinates":[[[-73.27779629165298,10.458219603547237],[-73.27766120790719,10.458182886518697],[-73.27767813625992,10.45813626627912],[-73.27781031831827,10.458173531027914],[-73.27779629165298,10.458219603547237]]]}},
{"type":"Feature","properties":{"cons":"1124","motivo":"sin_npn"},"geometry":{"type":"Polygon","coordinates":[[[-73.2777864746699,10.45821843766247],[-73.27777117049375,10.458278659372139],[-73.2776398637017,10.458241667880342],[-73.27765853759537,10.458190240486092],[-73.27774685484269,10.458215839865405],[-73.27774911182534,10.458207833963042],[-73.2777864746699,10.45821843766247]]]}},
{"type":"Feature","properties":{"cons":"1125","motivo":"sin_npn"},"geometry":{"type":"Polygon","coordinates":[[[-73.27776318482157,10.458297956027932],[-73.27773532456595,10.458291054676552],[-73.27772656740494,10.458318186337912],[-73.27762513600267,10.4582822275498],[-73.27763986370168,10.458241667880342],[-73.27776886697823,10.458278010430796],[-73.27776318482157,10.458297956027932]]]}},
{"type":"Feature","properties":{"cons":"1126","motivo":"sin_npn"},"geometry":{"type":"Polygon","coordinates":[[[-73.27772924067487,10.458319134047281],[-73.27772338296089,10.458338587839892],[-73.27771372078766,10.458335362472853],[-73.27771076498522,10.458343690897184],[-73.27761564234243,10.458308372817742],[-73.27762513600267,10.4582822275498],[-73.27772924067487,10.458319134047281]]]}},
{"type":"Feature","properties":{"cons":"1127","motivo":"sin_npn"},"geometry":{"type":"Polygon","coordinates":[[[-73.27770289961173,10.458340770564632],[-73.27769139710827,10.45836985047803],[-73.27765933541554,10.458356541895476],[-73.27760347558085,10.458341879723482],[-73.27761564234243,10.458308372817742],[-73.27770289961173,10.458340770564632]]]}},
{"type":"Feature","properties":{"cons":"1129","motivo":"sin_npn"},"geometry":{"type":"Polygon","coordinates":[[[-73.27759312377898,10.458370133633428],[-73.27765655759224,10.4583893551937],[-73.27764920279924,10.45841964996614],[-73.27758224409435,10.458405077324377],[-73.27759312377898,10.458370133633428]]]}},
{"type":"Feature","properties":{"cons":"1128","motivo":"sin_npn"},"geometry":{"type":"Polygon","coordinates":[[[-73.27769736283065,10.458372326806815],[-73.27768770620898,10.458399517109767],[-73.27759312377898,10.458370133633428],[-73.27760347558085,10.458341879723482],[-73.27765933541552,10.458356541895476],[-73.27766299312484,10.45835806018507],[-73.27766179689074,10.458366241283432],[-73.27767099033986,10.458369393243382],[-73.27767353330843,10.458362435341254],[-73.27769736283065,10.458372326806815]]]}},
{"type":"Feature","properties":{"cons":"1130","motivo":"sin_npn"},"geometry":{"type":"Polygon","coordinates":[[[-73.2776815551332,10.458427548549377],[-73.27767267432988,10.45847287449837],[-73.27756852099697,10.45844712641728],[-73.27757783652264,10.458404144734212],[-73.2776815551332,10.458427548549377]]]}},
{"type":"Feature","properties":{"cons":"1132","motivo":"sin_npn"},"geometry":{"type":"Polygon","coordinates":[[[-73.27763261564931,10.458502782533602],[-73.27763037380794,10.458523261439556],[-73.27763559915554,10.458524597481343],[-73.27763008866232,10.45855626971],[-73.27754812414936,10.458541217727191],[-73.27755903025331,10.458491293093719],[-73.27763261564931,10.458502782533602]]]}},
{"type":"Feature","properties":{"cons":"1133","motivo":"sin_npn"},"geometry":{"type":"Polygon","coordinates":[[[-73.2776300886623,10.45855626971],[-73.27762615895419,10.458570377311489],[-73.27761938638821,10.458569808668607],[-73.27761657154707,10.458588453948217],[-73.27754106135673,10.458573548910447],[-73.27754812414933,10.458541217727191],[-73.2776300886623,10.45855626971]]]}},
{"type":"Feature","properties":{"cons":"1134","motivo":"sin_npn"},"geometry":{"type":"Polygon","coordinates":[[[-73.27764811174842,10.458596990438547],[-73.27764347166254,10.458615943291091],[-73.27762483997401,10.458610249076186],[-73.27762032293118,10.458630302027684],[-73.27763889172873,10.458634650444793],[-73.27763329759132,10.458657500201905],[-73.2775303320065,10.458634641996307],[-73.27754106135673,10.458573548910447],[-73.27759315760493,10.458582116862315],[-73.27764811174842,10.458596990438547]]]}},
{"type":"Feature","properties":{"cons":"1135","motivo":"sin_npn"},"geometry":{"type":"Polygon","coordinates":[[[-73.27759929101943,10.45864930938832],[-73.27759466634163,10.458676407182878],[-73.27758529376565,10.458675816863588],[-73.2775786356838,10.458704489190135],[-73.27752143739166,10.458685288053031],[-73.2775303320065,10.458634641996307],[-73.27759929101943,10.45864930938832]]]}},
{"type":"Feature","properties":{"cons":"1136","motivo":"sin_npn"},"geometry":{"type":"Polygon","coordinates":[[[-73.27760382720473,10.458713418474872],[-73.2775951644007,10.458736344855355],[-73.27757869155886,10.458730882602993],[-73.27757155619256,10.458749766566678],[-73.27750573066673,10.458726265072167],[-73.27752143739164,10.458685288053031],[-73.27760382720473,10.458713418474872]]]}},
{"type":"Feature","properties":{"cons":"1137","motivo":"sin_npn"},"geometry":{"type":"Polygon","coordinates":[[[-73.27758787123395,10.458755591475372],[-73.27756575129331,10.458812521145417],[-73.27747518749408,10.458782541346109],[-73.2775057306667,10.458726265072167],[-73.27758787123395,10.458755591475372]],[[-73.2775538442793,10.458754769648742],[-73.2775453818999,10.45875178651517],[-73.27754171737868,10.458765004102805],[-73.27754945908731,10.458767487033883],[-73.2775538442793,10.458754769648742]]]}},
{"type":"Feature","properties":{"cons":"1138","motivo":"sin_npn"},"geometry":{"type":"Polygon","coordinates":[[[-73.27746011450849,10.458810308299809],[-73.27747518749408,10.458782541346109],[-73.27756575129331,10.458812521145417],[-73.27755346030213,10.458842649477923],[-73.27746011450849,10.458810308299809]]]}},
{"type":"Feature","properties":{"cons":"1139","motivo":"sin_npn"},"geometry":{"type":"Polygon","coordinates":[[[-73.27744654265014,10.458836472933585],[-73.27746011450849,10.458810308299809],[-73.27755346030213,10.458842649477923],[-73.27753574051894,10.45887628158927],[-73.27744654265014,10.458836472933585]]]}},
{"type":"Feature","properties":{"cons":"1140","motivo":"sin_npn"},"geometry":{"type":"Polygon","coordinates":[[[-73.27753408318465,10.458875541927883],[-73.27749265344066,10.458934892684248],[-73.27741102120555,10.458904953258923],[-73.2774465426501,10.458836472933585],[-73.27753408318465,10.458875541927883]]]}},
{"type":"Feature","properties":{"cons":"1141","motivo":"sin_npn"},"geometry":{"type":"Polygon","coordinates":[[[-73.27748288126827,10.458931308645337],[-73.27747148168193,10.4589757873322],[-73.2774086574385,10.458960819619817],[-73.27741763269839,10.458931720422305],[-73.27742561618469,10.45893410738945],[-73.2774326651174,10.458912891379162],[-73.27748288126827,10.458931308645337]]]}},
{"type":"Feature","properties":{"cons":"1142","motivo":"sin_npn"},"geometry":{"type":"Polygon","coordinates":[[[-73.27740069933262,10.459014099097852],[-73.27740752200766,10.458985113471618],[-73.27739530523597,10.45898178367266],[-73.27740087062232,10.45895896443012],[-73.27744678350318,10.458969903057092],[-73.27743218496722,10.459022099747635],[-73.27740069933262,10.459014099097852]]]}},
{"type":"Feature","properties":{"cons":"1143","motivo":"sin_npn"},"geometry":{"type":"Polygon","coordinates":[[[-73.27754286316481,10.458919946501192],[-73.27756273858286,10.458927973334971],[-73.27750975226596,10.459066733656142],[-73.27748183562034,10.459055709136234],[-73.27754286316481,10.458919946501192]]]}},
{"type":"Feature","properties":{"cons":"1145","motivo":"sin_npn"},"geometry":{"type":"Polygon","coordinates":[[[-73.27748591175649,10.459111748481465],[-73.27746191382113,10.459187993478263],[-73.27742253351896,10.45917631478596],[-73.27744574447027,10.459099689385685],[-73.27748591175649,10.459111748481465]]]}},
{"type":"Feature","properties":{"cons":"1146","motivo":"sin_npn"},"geometry":{"type":"Polygon","coordinates":[[[-73.27742253351894,10.45917631478596],[-73.27746191382113,10.459187993478263],[-73.27744742088414,10.459234039668454],[-73.27740806392795,10.459223607149637],[-73.27742253351894,10.45917631478596]]]}},
{"type":"Feature","properties":{"cons":"1147","motivo":"sin_npn"},"geometry":{"type":"Polygon","coordinates":[[[-73.27740806392794,10.459223607149637],[-73.27744742088412,10.459234039668454],[-73.27742559313505,10.459303389608502],[-73.27737541090123,10.459289508052164],[-73.27740806392794,10.459223607149637]]]}},
{"type":"Feature","properties":{"cons":"1148","motivo":"sin_npn"},"geometry":{"type":"Polygon","coordinates":[[[-73.2773754109012,10.459289508052164],[-73.27742559313504,10.459303389608502],[-73.27739909076986,10.45938572683274],[-73.27734391834878,10.459368534563142],[-73.27736127996366,10.459309629210404],[-73.2773754109012,10.459289508052164]]]}},
{"type":"Feature","properties":{"cons":"1149","motivo":"sin_npn"},"geometry":{"type":"Polygon","coordinates":[[[-73.27739909076986,10.45938572683274],[-73.27736528173973,10.459490653200907],[-73.27731870928885,10.4594752568587],[-73.27735499073829,10.459371984829659],[-73.27739909076986,10.45938572683274]]]}},
{"type":"Feature","properties":{"cons":"1150","motivo":"sin_npn"},"geometry":{"type":"Polygon","coordinates":[[[-73.27728833129152,10.459519393320576],[-73.27730555349581,10.459470907696085],[-73.27735498533302,10.459487249322347],[-73.27733787119294,10.459535335088079],[-73.27728833129152,10.459519393320576]]]}},
{"type":"Feature","properties":{"cons":"1152","motivo":"sin_npn"},"geometry":{"type":"Polygon","coordinates":[[[-73.27731810761934,10.459623520747058],[-73.2772947343868,10.459689345203358],[-73.27725087272985,10.459674587566258],[-73.27727194416467,10.459610779671738],[-73.27731810761934,10.459623520747058]]]}},
{"type":"Feature","properties":{"cons":"1153","motivo":"sin_npn"},"geometry":{"type":"Polygon","coordinates":[[[-73.27725087272982,10.459674587566301],[-73.27729473438677,10.459689345203358],[-73.27728000239213,10.45973405060098],[-73.27723935808261,10.45972214594331],[-73.27725087272982,10.459674587566301]]]}},
{"type":"Feature","properties":{"cons":"1025","motivo":"sin_npn"},"geometry":{"type":"Polygon","coordinates":[[[-73.27703605799931,10.453178698428783],[-73.27694939999037,10.453195496975106],[-73.27693863923847,10.453154990363092],[-73.27702471923112,10.453131934061233],[-73.27703605799931,10.453178698428783]]]}},
{"type":"Feature","properties":{"cons":"1026","motivo":"sin_npn"},"geometry":{"type":"Polygon","coordinates":[[[-73.27698345478322,10.453188895499228],[-73.27698803534773,10.453220061933626],[-73.27697352786628,10.453224383572977],[-73.27698227070849,10.45326507251481],[-73.27700306769523,10.453262181762504],[-73.27700974949192,10.453294044022684],[-73.27695863736672,10.453300530148148],[-73.27693908321625,10.453197496867123],[-73.27698345478322,10.453188895499228]]]}},
{"type":"Feature","properties":{"cons":"1042","motivo":"sin_npn"},"geometry":{"type":"Polygon","coordinates":[[[-73.2771151841481,10.453956256293084],[-73.27718279346782,10.453935299091373],[-73.27718377192959,10.453947746591398],[-73.27712240064608,10.45396900634508],[-73.2771151841481,10.453956256293084]]]}},
{"type":"Feature","properties":{"cons":"1046","motivo":"sin_npn"},"geometry":{"type":"Polygon","coordinates":[[[-73.27728753544254,10.454163964029107],[-73.27726138903742,10.45418068917758],[-73.27724551312002,10.454159462424158],[-73.27727105369253,10.454142539920214],[-73.27728753544254,10.454163964029107]]]}},
{"type":"Feature","properties":{"cons":"1058","motivo":"sin_npn"},"geometry":{"type":"Polygon","coordinates":[[[-73.27757280046775,10.45456506982924],[-73.27759587266308,10.454597766590318],[-73.2775698014878,10.454613132520217],[-73.27754960594253,10.45458235055683],[-73.27757280046775,10.45456506982924]]]}},
{"type":"Feature","properties":{"cons":"1061","motivo":"sin_npn"},"geometry":{"type":"Polygon","coordinates":[[[-73.27781186610525,10.454810633102374],[-73.27782925183269,10.454839870415835],[-73.27778305924534,10.454856900426616],[-73.27775331924676,10.45486312471258],[-73.27774658003443,10.454831041021812],[-73.27781186610525,10.454810633102374]]]}},
{"type":"Feature","properties":{"cons":"1061","motivo":"sin_npn"},"geometry":{"type":"Polygon","coordinates":[[[-73.27775850709276,10.454782410680542],[-73.27777001944983,10.454807799653963],[-73.27772652189894,10.45482113271773],[-73.27771767123713,10.454800305004252],[-73.27775850709276,10.454782410680542]]]}},
{"type":"Feature","properties":{"cons":"1064","motivo":"sin_npn"},"geometry":{"type":"Polygon","coordinates":[[[-73.2778075699932,10.45490548374475],[-73.27781477637078,10.454937889829289],[-73.27776626639097,10.454949440813099],[-73.27775817794154,10.45491598890461],[-73.2778075699932,10.45490548374475]]]}},
{"type":"Feature","properties":{"cons":"1070","motivo":"sin_npn"},"geometry":{"type":"Polygon","coordinates":[[[-73.27789145214626,10.455127968964314],[-73.27789484551494,10.455165868230203],[-73.27791632356265,10.455167190109673],[-73.27791691508831,10.455179637942788],[-73.27787221983827,10.455179485367287],[-73.277872631717,10.455207242577055],[-73.27783412345673,10.455206549215905],[-73.27782686147388,10.455130477199251],[-73.27789145214626,10.455127968964314]]]}},
{"type":"Feature","properties":{"cons":"1072","motivo":"sin_npn"},"geometry":{"type":"Polygon","coordinates":[[[-73.27783248830508,10.455294068477968],[-73.27781930602397,10.45529329021108],[-73.27781946290516,10.455252114767765],[-73.27783416316736,10.455251216815082],[-73.27783248830508,10.455294068477968]]]}},
{"type":"Feature","properties":{"cons":"1073","motivo":"sin_npn"},"geometry":{"type":"Polygon","coordinates":[[[-73.27784185209156,10.455297710409903],[-73.27787911062201,10.455298488496771],[-73.27787678233682,10.455346624410286],[-73.27783929110187,10.455342766959156],[-73.27784185209156,10.455297710409903]]]}},
{"type":"Feature","properties":{"cons":"1105","motivo":"sin_npn"},"geometry":{"type":"Polygon","coordinates":[[[-73.27784103099938,10.457179603334406],[-73.2778410547276,10.457206155402698],[-73.27777127831708,10.457213962525424],[-73.27777215945595,10.45717927323253],[-73.27784103099938,10.457179603334406]]]}},
{"type":"Feature","properties":{"cons":"1119","motivo":"sin_npn"},"geometry":{"type":"Polygon","coordinates":[[[-73.27785641196206,10.457957243171485],[-73.27784800978036,10.45798718734214],[-73.27786155876241,10.457992681536545],[-73.27785158081365,10.45802446596877],[-73.2778081333551,10.458010709356362],[-73.27781367308717,10.457995356559742],[-73.2778032699713,10.457991774753076],[-73.2777961372972,10.458007444143172],[-73.2777298448746,10.457995824467828],[-73.2777363112738,10.457966041002736],[-73.27774907192165,10.45796740405084],[-73.27775446386235,10.457934488543817],[-73.27780417741958,10.45794255676025],[-73.2778008303118,10.457968077141816],[-73.27781340845182,10.457969741923577],[-73.27781708456587,10.457944651512427],[-73.27785641196206,10.457957243171485]]]}},
{"type":"Feature","properties":{"cons":"1121","motivo":"sin_npn"},"geometry":{"type":"Polygon","coordinates":[[[-73.27784765893338,10.458107572043659],[-73.2777174928178,10.458078017985592],[-73.27772253865204,10.458050930452908],[-73.27785558674096,10.45808342062194],[-73.27784765893338,10.458107572043659]]]}},
{"type":"Feature","properties":{"cons":"1129","motivo":"sin_npn"},"geometry":{"type":"Polygon","coordinates":[[[-73.27767773794561,10.458426616611426],[-73.27768770620898,10.458399517109802],[-73.27770002161512,10.458403534883427],[-73.27768901582535,10.458429398724821],[-73.27767773794561,10.458426616611426]]]}},
{"type":"Feature","properties":{"cons":"1131","motivo":"sin_npn"},"geometry":{"type":"Polygon","coordinates":[[[-73.27756586750074,10.458459482326992],[-73.27762394056558,10.458469068856086],[-73.27762026335085,10.45850085387783],[-73.27755903025331,10.458491293093719],[-73.27756586750074,10.458459482326992]]]}},
{"type":"Feature","properties":{"cons":"1134","motivo":"sin_npn"},"geometry":{"type":"Polygon","coordinates":[[[-73.2775303320065,10.458634641996307],[-73.27751844135074,10.458632186143353],[-73.27752745817052,10.458572629716823],[-73.27754106135673,10.458573548910447],[-73.2775303320065,10.458634641996307]]]}},
{"type":"Feature","properties":{"cons":"1136","motivo":"sin_npn"},"geometry":{"type":"Polygon","coordinates":[[[-73.27750782094198,10.45872095847624],[-73.27749281743853,10.458715097670527],[-73.27750427704528,10.45868276987638],[-73.27752108806068,10.458687277148188],[-73.27750782094198,10.45872095847624]]]}},
{"type":"Feature","properties":{"cons":"1151","motivo":"sin_npn"},"geometry":{"type":"Polygon","coordinates":[[[-73.27727194416467,10.459610779671738],[-73.27728601647397,10.459562670790177],[-73.27733064695722,10.459570890974097],[-73.27731810761935,10.459623520747058],[-73.27727194416467,10.459610779671738]]]}},
{"type":"Feature","properties":{"cons":"1154","motivo":"sin_npn"},"geometry":{"type":"Polygon","coordinates":[[[-73.27724163487169,10.459746115425032],[-73.27727354882273,10.459754986011502],[-73.27726365008644,10.459787097554855],[-73.27723433224317,10.459782117824327],[-73.27724163487169,10.459746115425032]]]}},
{"type":"Feature","properties":{"cons":"1155","motivo":"sin_npn"},"geometry":{"type":"Polygon","coordinates":[[[-73.2771976754254,10.45990281449225],[-73.2772010326677,10.459869045803636],[-73.2772390822777,10.45987305056788],[-73.27723706710454,10.459907310541668],[-73.2771976754254,10.45990281449225]]]}},
{"type":"Feature","properties":{"cons":"1156","motivo":"sin_npn"},"geometry":{"type":"Polygon","coordinates":[[[-73.27720916517437,10.460039329720416],[-73.27720914406787,10.460015546202593],[-73.27718011573968,10.460009826048678],[-73.27718116714914,10.45996817105551],[-73.27719458975368,10.459967441212878],[-73.27719767542537,10.45990281449225],[-73.27723706710452,10.459907310541668],[-73.27723241617194,10.460040943788925],[-73.27720916517437,10.460039329720416]]]}},
{"type":"Feature","properties":{"cons":"1157","motivo":"sin_npn"},"geometry":{"type":"Polygon","coordinates":[[[-73.27723006837742,10.460108401932827],[-73.27722728179619,10.460188467516923],[-73.27719236457254,10.460185408887773],[-73.2772001565226,10.46010819843322],[-73.27723006837742,10.460108401932827]]]}},
{"type":"Feature","properties":{"cons":"1157","motivo":"sin_npn"},"geometry":{"type":"Polygon","coordinates":[[[-73.27715068665634,10.460676855514361],[-73.27715212635049,10.460663927135403],[-73.27714559611017,10.460663932811984],[-73.27715135138197,10.460608269343336],[-73.27718872332288,10.460613264070737],[-73.27718370065045,10.46067682681416],[-73.27715068665634,10.460676855514361]]]}},
{"type":"Feature","properties":{"cons":"1158","motivo":"sin_npn"},"geometry":{"type":"Polygon","coordinates":[[[-73.27725034760851,10.462320836054205],[-73.27727549318334,10.46231171731701],[-73.27729079833085,10.462351826834745],[-73.27725715778845,10.46236368116004],[-73.27725034760851,10.462320836054205]]]}},
{"type":"Feature","properties":{"cons":"1158","motivo":"sin_npn"},"geometry":{"type":"Polygon","coordinates":[[[-73.27714827443575,10.46227555670628],[-73.2771610055063,10.462350119474257],[-73.27711017787406,10.462361611772367],[-73.27710013631136,10.462288938195947],[-73.27714827443575,10.46227555670628]]]}}
]}
