{"type":"FeatureCollection","features":[
{"type":"Feature","properties":{"NOMBRE":"LA SABANA"},"geometry":{"type":"Polygon","coordinates":[[[-73.25860707798161,10.423589089625382,7.84020000000146],[-73.2565402960131,10.422317832596622,11.760300000001735],[-73.25640943129913,10.422328273161934,11.760300000001735],[-73.25640959977368,10.422218271280334,0.0],[-73.25850702018272,10.42206129525026,0.0],[-73.25860707798161,10.423589089625382,7.84020000000146]]]}},
{"type":"Feature","properties":{"NOMBRE":"LORENZO MORALES"},"geometry":{"type":"Polygon","coordinates":[[[-73.2550380192564,10.423437090909127,11.760300000001735],[-73.25521885392462,10.422423257874856,23.52060000000347],[-73.2565402960131,10.422317832596622,11.760300000001735],[-73.25860707798161,10.423589089625382,7.84020000000146],[-73.25863443212965,10.424014466676471,23.52060000000347],[-73.25503586204677,10.424251933449021,5.880225000000792],[-73.2550380192564,10.423437090909127,11.760300000001735]]]}},
{"type":"Feature","properties":{"NOMBRE":"JERICO"},"geometry":{"type":"Polygon","coordinates":[[[-73.25403200919696,10.42334880328151,0.0],[-73.2550695074699,10.423260555871375,11.760300000001735],[-73.2550380192564,10.423437090909127,11.760300000001735],[-73.25503586204677,10.424251933449021,5.880225000000792],[-73.25411800698659,10.424312494820175,0.000149999999849],[-73.25403200919696,10.42334880328151,0.0]]]}},
{"type":"Feature","properties":{"NOMBRE":"CASSIA"},"geometry":{"type":"Polygon","coordinates":[[[-73.25756594725387,10.424084979530587,269.6595000000025],[-73.25849300495192,10.424023378583051,269.6595000000025],[-73.2584898685589,10.425217025251325,515.7983999999997],[-73.25756299203265,10.42521465046436,515.7983999999997],[-73.25756594725387,10.424084979530587,269.6595000000025]]]}},
{"type":"Feature","properties":{"NOMBRE":"CONJ. CER. ALCALA"},"geometry":{"type":"Polygon","coordinates":[[[-73.2549230497963,10.425542774588587,0.0],[-73.2535432593206,10.425537734942806,0.000149999999849],[-73.25354630762807,10.424373685049861,0.000149999999849],[-73.25493210453075,10.424375268449564,6.0000000303e-05],[-73.2549230497963,10.425542774588587,0.0]]]}},
{"type":"Feature","properties":{"NOMBRE":"GUAYACANES"},"geometry":{"type":"Polygon","coordinates":[[[-73.2549230497963,10.425542774588587,0.0],[-73.25493210453075,10.424375268449564,6.0000000303e-05],[-73.25640092550502,10.424376940558089,0.000149999999849],[-73.25640450673916,10.425548302534569,0.0],[-73.2549230497963,10.425542774588587,0.0]]]}},
{"type":"Feature","properties":{"NOMBRE":"CONJ. CER. ARMONIA"},"geometry":{"type":"Polygon","coordinates":[[[-73.25756299203265,10.42521465046436,515.7983999999997],[-73.25908553229674,10.425218550007234,515.7983999999997],[-73.25916328848362,10.425549618457305,515.7983999999997],[-73.25857163954737,10.426151956265086,257.89920000000075],[-73.25756156204125,10.426149368210865,171.9328000000005],[-73.25756299203265,10.42521465046436,515.7983999999997]]]}},
{"type":"Feature","properties":{"NOMBRE":"LOTE 4"},"geometry":{"type":"Polygon","coordinates":[[[-73.25641658046278,10.426148779195824,0.0],[-73.25640074623476,10.424157778011057,11.760450000001583],[-73.25756594725387,10.424084979530587,269.6595000000025],[-73.25756156204125,10.426149368210865,171.9328000000005],[-73.25641658046278,10.426148779195824,0.0]]]}},
{"type":"Feature","properties":{"NOMBRE":null},"geometry":{"type":"Polygon","coordinates":[[[-73.25354697350079,10.426232466852056,0.000100000000202],[-73.25355044335096,10.425529922811872,0.000149999999849],[-73.25491635319888,10.425534911356543,0.0],[-73.2549196849731,10.426240341474827,0.0],[-73.25354697350079,10.426232466852056,0.000100000000202]]]}},
{"type":"Feature","properties":{"NOMBRE":"INST. EDUCATIVA"},"geometry":{"type":"Polygon","coordinates":[[[-73.25641874969207,10.42625669071227,-0.001450000003388],[-73.25490813418229,10.426248082742681,0.0],[-73.25490916920008,10.425542723520756,0.0],[-73.25640450673916,10.425548302534569,0.0],[-73.25641874969207,10.42625669071227,-0.001450000003388]]]}},
{"type":"Feature","properties":{"NOMBRE":"EL PORVENIR"},"geometry":{"type":"Polygon","coordinates":[[[-73.25929374360682,10.42546711823166,0.0],[-73.2607720624447,10.423974010200805,0.0],[-73.26337925885221,10.42391025578713,0.0],[-73.26337291426574,10.426352754516612,0.0],[-73.2596714369274,10.42634331029704,0.0],[-73.25929374360682,10.42546711823166,0.0]]]}},
{"type":"Feature","properties":{"NOMBRE":"44"},"geometry":{"type":"Polygon","coordinates":[[[-73.25353381695736,10.427449286274872,0.000100000000202],[-73.25353978945287,10.426240278981334,0.000100000000202],[-73.2549185443106,10.426248251444308,0.0],[-73.25491164304216,10.42745755869791,-0.000414285715124],[-73.25353381695736,10.427449286274872,0.000100000000202]]]}},
{"type":"Feature","properties":{"NOMBRE":"PARQUE LA PRIMAVERA"},"geometry":{"type":"Polygon","coordinates":[[[-73.25491164304216,10.42745755869791,-0.000414285715124],[-73.2549185443106,10.426248251444308,0.0],[-73.25596871001302,10.426254127454515,-0.000725000001694],[-73.25595986004181,10.42746529313531,-0.001450000003388],[-73.25491164304216,10.42745755869791,-0.000414285715124]]]}},
{"type":"Feature","properties":{"NOMBRE":null},"geometry":{"type":"Polygon","coordinates":[[[-73.25595986004181,10.42746529313531,-0.001450000003388],[-73.25596871001302,10.426254127454515,-0.000725000001694],[-73.25641874969207,10.42625669071227,-0.001450000003388],[-73.25645124687337,10.42746899866548,-0.002900000005866],[-73.25595986004181,10.42746529313531,-0.001450000003388]]]}},
{"type":"Feature","properties":{"NOMBRE":"PREDIO NUEVA YORK."},"geometry":{"type":"Polygon","coordinates":[[[-73.25641657909728,10.426148779405064,1.819e-12],[-73.2575615613256,10.42614936818077,171.93280000000232],[-73.25857163973066,10.426151956237295,257.8992000000044],[-73.25647654178184,10.428295871634207,-0.000966666669228],[-73.25641657909728,10.426148779405064,1.819e-12]]]}},
{"type":"Feature","properties":{"NOMBRE":null},"geometry":{"type":"Polygon","coordinates":[[[-73.25468566221288,10.4274569592236,-0.002900000005866],[-73.25645124687337,10.42746899866548,-0.002900000005866],[-73.25647654141498,10.428295870585394,-0.000966666669228],[-73.25598599104623,10.428792866096282,-0.000966666669228],[-73.25467845278159,10.42879319846792,-0.001450000003388],[-73.25468566221288,10.4274569592236,-0.002900000005866]]]}},
{"type":"Feature","properties":{"NOMBRE":"LA PRIMAVERA II ETAPA"},"geometry":{"type":"Polygon","coordinates":[[[-73.25320114057561,10.428788806578197,0.000299999999697],[-73.25352719728403,10.428789282703951,0.000299999999697],[-73.25353381695736,10.427449286274872,0.000100000000202],[-73.25491164304216,10.42745755869791,-0.000414285715124],[-73.25468566221288,10.4274569592236,-0.002900000005866],[-73.25467845278159,10.42879319846792,-0.001450000003388],[-73.25320114057561,10.428788806578197,0.000299999999697]]]}},
{"type":"Feature","properties":{"NOMBRE":"43"},"geometry":{"type":"Polygon","coordinates":[[[-73.25317042533547,10.428809791850673,1.819e-12],[-73.25230808946645,10.428806132340895,0.386899999997695],[-73.25202220523117,10.428660857966172,0.386899999997695],[-73.25278145740437,10.424429534447112,0.000300000001516],[-73.25354630692996,10.424373685134567,0.000150000001668],[-73.25352719724056,10.428789283784374,0.000300000001516],[-73.25320114103128,10.428788806404569,0.000300000001516],[-73.25317042533547,10.428809791850673,1.819e-12]]]}},
{"type":"Feature","properties":{"NOMBRE":"LA PRIMAVERA I ETAPA"},"geometry":{"type":"Polygon","coordinates":[[[-73.25476097255493,10.43004651464122,0.0],[-73.25230897865086,10.428806582754806,0.386749999997846],[-73.25320115012964,10.428814678622524,0.000299999999697],[-73.25320114214887,10.428793415092265,0.000149999999849],[-73.25598599104623,10.428792866096282,-0.000966666669228],[-73.25476097255493,10.43004651464122,0.0]]]}},
{"type":"Feature","properties":{"NOMBRE":"VILLA HAYDITH"},"geometry":{"type":"Polygon","coordinates":[[[-73.25650101534534,10.430561377556351,0.0],[-73.25647654141498,10.428295870585394,-0.000966666669228],[-73.25820585785888,10.426523145793489,0.0],[-73.25974691018182,10.426519627680117,0.0],[-73.26006893832134,10.427215857166289,0.0],[-73.26015776114423,10.4275081239445,0.0],[-73.26064952745033,10.427983024664105,0.0],[-73.26153043762031,10.428998227758607,0.0],[-73.26183791370269,10.430575039054101,0.0],[-73.25650101534534,10.430561377556351,0.0]]]}},
{"type":"Feature","properties":{"NOMBRE":"MONACO"},"geometry":{"type":"Polygon","coordinates":[[[-73.2558165225849,10.430559618932291,0.0],[-73.25476097255493,10.43004651464122,0.0],[-73.25647654141498,10.428295870585394,-0.000966666669228],[-73.25650101534534,10.430561377556351,0.0],[-73.2558165225849,10.430559618932291,0.0]]]}},
{"type":"Feature","properties":{"NOMBRE":"PARQUE INDUSTRIAL"},"geometry":{"type":"Polygon","coordinates":[[[-73.24183269329593,10.433067733327713,0.0],[-73.24170568233565,10.430415670654773,0.0],[-73.24455829219795,10.43053267394049,0.0],[-73.24469174737848,10.433257530027518,0.0],[-73.24183269329593,10.433067733327713,0.0]]]}},
{"type":"Feature","properties":{"NOMBRE":"EL PARAMO"},"geometry":{"type":"Polygon","coordinates":[[[-73.25288514530551,10.433523500532516,0.773499999996602],[-73.25138323510778,10.43342753755195,0.257833333332201],[-73.250737766666,10.4333132854936,0.154699999999139],[-73.25095369548198,10.43020231458729,0.0],[-73.25116856810759,10.430208707979384,0.0],[-73.25148462408093,10.428387162675502,0.257833333332201],[-73.25320900439415,10.429263931865087,0.386749999997846],[-73.25320894728036,10.429522349071325,0.773499999996602],[-73.25306003517566,10.43182148922479,0.773499999996602],[-73.25293537067827,10.433192763982547,0.773499999996602],[-73.25288514530551,10.433523500532516,0.773499999996602]]]}},
{"type":"Feature","properties":{"NOMBRE":"INVASION CHIRIQUI NORTE"},"geometry":{"type":"Polygon","coordinates":[[[-73.26152323794719,10.433400158896253,0.0],[-73.25928111244994,10.433396184872375,0.0],[-73.25866853039383,10.43340679718926,0.0],[-73.25637656970507,10.433389216578462,0.0],[-73.25650143481604,10.430565791886059,0.0],[-73.26167002518389,10.430574667598078,0.0],[-73.2617298995408,10.430784417594717,0.0],[-73.2617845856861,10.430873633173263,0.0],[-73.26186029638636,10.430946250069534,0.0],[-73.26215417967077,10.431137519279684,0.0],[-73.2618461904522,10.433566520188611,0.0],[-73.26152323794719,10.433400158896253,0.0]]]}},
{"type":"Feature","properties":{"NOMBRE":"TERRAZA 64 (VI ETAPA NANDO MARIN)"},"geometry":{"type":"Polygon","coordinates":[[[-73.25637656970507,10.433389216578462,0.0],[-73.25866853039383,10.43340679718926,0.0],[-73.25928111244994,10.433396184872375,0.0],[-73.26152323794719,10.433400158896253,0.0],[-73.2620835986998,10.433686744079107,-84.04149999999845],[-73.25636090809206,10.433705351186514,0.0],[-73.25637656970507,10.433389216578462,0.0]]]}},
{"type":"Feature","properties":{"NOMBRE":"PARQUE PARAMO"},"geometry":{"type":"Polygon","coordinates":[[[-73.2527877941942,10.434253082259378,0.386749999997846],[-73.25161835868109,10.434148744667972,0.257833333332201],[-73.2516331271174,10.433443505002383,0.386749999997846],[-73.25288514530551,10.433523500532516,0.773499999996602],[-73.2527877941942,10.434253082259378,0.386749999997846]]]}},
{"type":"Feature","properties":{"NOMBRE":"RINCON DE ZIRUMA"},"geometry":{"type":"Polygon","coordinates":[[[-73.25228479759004,10.434727138957207,0.0],[-73.25228613472784,10.43420832463665,0.154699999999139],[-73.2527877941942,10.434253082259378,0.386749999997846],[-73.25276067162186,10.434510556263445,0.0],[-73.25632707910108,10.434444757768297,0.0],[-73.25631754342298,10.434652885585503,0.0],[-73.25228479759004,10.434727138957207,0.0]]]}},
{"type":"Feature","properties":{"NOMBRE":null},"geometry":{"type":"Polygon","coordinates":[[[-73.25069550862372,10.433909694745646,0.0],[-73.250737766666,10.4333132854936,0.154699999999139],[-73.25138323510778,10.43342753755195,0.257833333332201],[-73.2516331271174,10.433443505002383,0.386749999997846],[-73.25161835868109,10.434148744667972,0.257833333332201],[-73.25228613472784,10.43420832463665,0.154699999999139],[-73.25228479759004,10.434727138957207,0.0],[-73.25068049888705,10.434756663644137,0.0],[-73.25069550862372,10.433909694745646,0.0]]]}},
{"type":"Feature","properties":{"NOMBRE":null},"geometry":{"type":"Polygon","coordinates":[[[-73.25925518074689,10.434683928161125,0.0],[-73.2606390882551,10.434684435811823,0.0],[-73.2606401061192,10.43558841542576,0.0],[-73.259259634905,10.435591352332128,0.0],[-73.25925518074689,10.434683928161125,0.0]]]}},
{"type":"Feature","properties":{"NOMBRE":null},"geometry":{"type":"Polygon","coordinates":[[[-73.25628035612932,10.435581686244278,0.0],[-73.25636090809206,10.433705351186514,0.0],[-73.25925555052932,10.433695952251231,0.0],[-73.259259634905,10.435591352332128,0.0],[-73.2570669017953,10.43559613018522,0.0],[-73.25628035612932,10.435581686244278,0.0]]]}},
{"type":"Feature","properties":{"NOMBRE":null},"geometry":{"type":"Polygon","coordinates":[[[-73.259259634905,10.435591352332128,0.0],[-73.26076201515953,10.435588692698518,0.0],[-73.26076089180651,10.435783016801478,0.0],[-73.25926088073018,10.4357806842962,0.0],[-73.259259634905,10.435591352332128,0.0]]]}},
{"type":"Feature","properties":{"NOMBRE":"SAN ANTONIO"},"geometry":{"type":"Polygon","coordinates":[[[-73.2570669017953,10.43559613018522,0.0],[-73.259259634905,10.435591352332128,0.0],[-73.25926088073018,10.4357806842962,0.0],[-73.25706735236072,10.435799179788933,0.0],[-73.2570669017953,10.43559613018522,0.0]]]}},
{"type":"Feature","properties":{"NOMBRE":"CASA CAMPO"},"geometry":{"type":"Polygon","coordinates":[[[-73.22892045034918,10.433721779119843,0.0],[-73.23620328803808,10.429263206228702,0.0],[-73.23965794679954,10.428197374980156,0.0],[-73.2415891297888,10.428097367785215,0.0],[-73.2417385078118,10.43113243378523,0.0],[-73.23778469737158,10.431309836119453,0.0],[-73.23802937600895,10.432263925066314,0.0],[-73.23646124743642,10.432957313784067,0.0],[-73.23188864664613,10.435997043674563,0.0],[-73.22892045034918,10.433721779119843,0.0]]]}},
{"type":"Feature","properties":{"NOMBRE":"EDIFICIO. MIRADOR DEL VALLE"},"geometry":{"type":"Polygon","coordinates":[[[-73.24198543463129,10.436105246382763,0.0],[-73.24195868657769,10.435645120564205,0.0],[-73.24392257294251,10.435560311826064,0.0],[-73.2439655284665,10.43606669151473,0.0],[-73.24198543463129,10.436105246382763,0.0]]]}},
{"type":"Feature","properties":{"NOMBRE":"EL  EDEN"},"geometry":{"type":"Polygon","coordinates":[[[-73.26685871231189,10.436431669978335,-168.0829999999978],[-73.26487480173232,10.435210312701651,-84.04149999999845],[-73.26198389133437,10.433689148288476,-56.02766666666503],[-73.26612274836397,10.433479479843824,-168.0829999999978],[-73.26645582287237,10.433392461392046,-168.0829999999978],[-73.26666930097211,10.433115135682435,-168.0829999999978],[-73.26764328841095,10.435488528055858,-168.0829999999978],[-73.26685871231189,10.436431669978335,-168.0829999999978]]]}},
{"type":"Feature","properties":{"NOMBRE":"MARIAELENA"},"geometry":{"type":"Polygon","coordinates":[[[-73.2315102755392,10.436239765635301,0.0],[-73.2318913168844,10.435999091021692,0.0],[-73.23646124743642,10.432957313784067,0.0],[-73.23802937600895,10.432263925066314,0.0],[-73.23778469737158,10.431309836119453,0.0],[-73.2417385078118,10.43113243378523,0.0],[-73.24184024580177,10.433232641059814,0.0],[-73.23844704251991,10.434329498028507,0.0],[-73.23795462382284,10.434375068021225,0.0],[-73.23199053724898,10.436626841513954,0.0],[-73.2315102755392,10.436239765635301,0.0]]]}},
{"type":"Feature","properties":{"NOMBRE":"CASA CARMELO III"},"geometry":{"type":"Polygon","coordinates":[[[-73.2612496036852,10.43637730974388,0.000100000005659],[-73.2615963681955,10.435719756035905,0.000100000005659],[-73.26325065438304,10.436581851002915,5.0000002375e-05],[-73.2629251415484,10.437196892163072,0.000100000005659],[-73.2612496036852,10.43637730974388,0.000100000005659]]]}},
{"type":"Feature","properties":{"NOMBRE":"NANDO MARIN I ETAPA"},"geometry":{"type":"Polygon","coordinates":[[[-73.26625850342958,10.437214758754171,0.0],[-73.2643606763566,10.436046454672708,0.0],[-73.26178034384806,10.43469498519127,0.0],[-73.26162556449927,10.43468512171872,0.0],[-73.2592551792096,10.434683468028886,0.0],[-73.25925555052932,10.433695952251231,0.0],[-73.26198389133437,10.433689148288476,-56.02766666666503],[-73.26487480173232,10.435210312701651,-84.04149999999845],[-73.26677884559429,10.436382729815243,-112.05533333333096],[-73.26625850342958,10.437214758754171,0.0]]]}},
{"type":"Feature","properties":{"NOMBRE":"CASA CARMELO II"},"geometry":{"type":"Polygon","coordinates":[[[-73.25926088073018,10.4357806842962,0.0],[-73.26076089180651,10.435783016801478,0.0],[-73.26076226779105,10.435961657724716,0.0],[-73.26068235444323,10.43596254727034,0.0],[-73.26068319848225,10.437208890829261,0.0],[-73.259267287929,10.43720982922904,0.0],[-73.25926088073018,10.4357806842962,0.0]]]}},
{"type":"Feature","properties":{"NOMBRE":"CASA CARMELO"},"geometry":{"type":"Polygon","coordinates":[[[-73.25706735236072,10.435799179788933,0.0],[-73.25926088073018,10.4357806842962,0.0],[-73.259267287929,10.43720982922904,0.0],[-73.25707050190452,10.437217578137432,0.0],[-73.25706735236072,10.435799179788933,0.0]]]}},
{"type":"Feature","properties":{"NOMBRE":null},"geometry":{"type":"Polygon","coordinates":[[[-73.23199053724898,10.436626841513954,0.0],[-73.2367051462538,10.434846827290471,0.0],[-73.23547213928283,10.435494720027506,0.0],[-73.23307709352997,10.437502567436212,0.0],[-73.23199053724898,10.436626841513954,0.0]]]}},
{"type":"Feature","properties":{"NOMBRE":"NUTRESA"},"geometry":{"type":"Polygon","coordinates":[[[-73.24206587548326,10.437657670872229,0.0],[-73.24201298109827,10.436659051127183,0.0],[-73.24395150149941,10.436630123775256,0.0],[-73.24396873738387,10.437618453719658,0.0],[-73.24206587548326,10.437657670872229,0.0]]]}},
{"type":"Feature","properties":{"NOMBRE":"MAREIGUA"},"geometry":{"type":"Polygon","coordinates":[[[-73.25281427957566,10.437507981865169,0.0],[-73.25062985215246,10.437547708354568,0.0],[-73.25068049888705,10.434756663644137,0.0],[-73.25631754342298,10.434652885585503,0.0],[-73.25618992261127,10.437840306724958,0.0],[-73.2528189193678,10.437882157067817,0.0],[-73.25281427957566,10.437507981865169,0.0]]]}},
{"type":"Feature","properties":{"NOMBRE":"NANDO MARÍN II ETAPA"},"geometry":{"type":"Polygon","coordinates":[[[-73.26435424956775,10.437190336588262,0.0],[-73.26325183827855,10.436579614847638,0.000100000005659],[-73.26142134810651,10.435617463392246,0.0],[-73.2612963114558,10.435588362043106,0.0],[-73.26064010665321,10.435588910810974,0.0],[-73.2606390882551,10.434684435811823,0.0],[-73.26169851138144,10.434685636097612,0.0],[-73.26181961298077,10.434707580314358,0.0],[-73.2643606763566,10.436046454672708,0.0],[-73.26625850342958,10.437214758754171,0.0],[-73.26573316530832,10.438042705969618,0.0],[-73.26435424956775,10.437190336588262,0.0]]]}},
{"type":"Feature","properties":{"NOMBRE":"73"},"geometry":{"type":"Polygon","coordinates":[[[-73.236183357083,10.43685745278179,0.0],[-73.236762899863,10.43655539294643,0.0],[-73.23817585389916,10.435914032014695,0.0],[-73.23833551739577,10.438928157867256,0.0],[-73.23675159769901,10.43894162148079,0.0],[-73.2362891204499,10.438958997878101,0.0],[-73.236183357083,10.43685745278179,0.0]]]}},
{"type":"Feature","properties":{"NOMBRE":"VILLA DARIANA 2 VI ETAPA"},"geometry":{"type":"Polygon","coordinates":[[[-73.2687644887132,10.439085694927005,0.0],[-73.2680297520391,10.437210525191443,0.0],[-73.26839380598724,10.436755868815208,0.0],[-73.27042702482531,10.438837083532407,0.0],[-73.26997367832891,10.439053773357019,0.0],[-73.26963833918845,10.439150980900576,0.0],[-73.2687644887132,10.439085694927005,0.0]]]}},
{"type":"Feature","properties":{"NOMBRE":"25 DE DICIEMBRE"},"geometry":{"type":"Polygon","coordinates":[[[-73.24493553086872,10.439396422575891,0.0],[-73.2449016393542,10.438510388903264,0.0],[-73.24399275884501,10.438520923987667,0.0],[-73.2439757224509,10.437618565054116,0.0],[-73.24582429772322,10.437602197892165,0.0],[-73.24581022151692,10.436579733341851,0.0],[-73.24717355327546,10.436581592418099,0.0],[-73.2470922615639,10.437160316636247,0.0],[-73.24673031183059,10.439342734476664,0.0],[-73.24493553086872,10.439396422575891,0.0]]]}},
{"type":"Feature","properties":{"NOMBRE":"DON CARMELO V"},"geometry":{"type":"Polygon","coordinates":[[[-73.26117291207736,10.439662585288183,-0.026700000000346],[-73.2592944737711,10.439692576161313,-0.026700000000346],[-73.25927642577764,10.438824637788905,-0.008899999999812],[-73.26410201907966,10.438731926712961,-0.026700000000346],[-73.26412770188415,10.439888236765862,-0.013350000001083],[-73.26117735755356,10.439935416611515,-0.013350000001083],[-73.26117291207736,10.439662585288183,-0.026700000000346]]]}},
{"type":"Feature","properties":{"NOMBRE":"BOSQUES DE RANCHO MIO II ETAPA"},"geometry":{"type":"Polygon","coordinates":[[[-73.23838663465858,10.439901515357597,0.0],[-73.23817705433184,10.43591352532309,0.0],[-73.24090976348096,10.435930766730252,0.0],[-73.24197231119258,10.435879495215827,0.0],[-73.2420434467672,10.43723423541152,0.0],[-73.2409578425529,10.437338115078028,0.0],[-73.24100137559721,10.438273147696172,0.0],[-73.24013767277955,10.438312308020917,0.0],[-73.24019666036419,10.439825428666662,0.0],[-73.23838663465858,10.439901515357597,0.0]]]}},
{"type":"Feature","properties":{"NOMBRE":"DON CARMELO III"},"geometry":{"type":"Polygon","coordinates":[[[-73.25615409106986,10.438884586436988,0.0],[-73.25927642577764,10.438824637788905,-0.008899999999812],[-73.25929864083292,10.44010445668321,0.0],[-73.2561302368899,10.440158634430368,0.0],[-73.25615409106986,10.438884586436988,0.0]]]}},
{"type":"Feature","properties":{"NOMBRE":"VILLA DARIANA V ETAPA"},"geometry":{"type":"Polygon","coordinates":[[[-73.26911519878256,10.439978177492565,0.0],[-73.27085513985921,10.439234366148693,0.0],[-73.27103430577013,10.439602569530239,0.0],[-73.26926360755527,10.440355844562022,0.0],[-73.26911519878256,10.439978177492565,0.0]]]}},
{"type":"Feature","properties":{"NOMBRE":"DON CARMELO IV"},"geometry":{"type":"Polygon","coordinates":[[[-73.26275693102251,10.440326239672347,0.0],[-73.26067725734292,10.440357540209583,0.0],[-73.26067217051623,10.440079381902734,0.0],[-73.25929864083292,10.44010445668321,0.0],[-73.25929154039609,10.439695379135419,0.0],[-73.2611724115946,10.439662593952944,-0.013350000001083],[-73.2611773764627,10.439936570144695,0.0],[-73.26412770188415,10.439888236765862,-0.013350000001083],[-73.26414126220376,10.440704707700847,0.0],[-73.26276200873384,10.440726819358357,0.0],[-73.26275693102251,10.440326239672347,0.0]]]}},
{"type":"Feature","properties":{"NOMBRE":"CENTRAL DE ABASTOS"},"geometry":{"type":"Polygon","coordinates":[[[-73.26553224980641,10.440672227680869,0.0],[-73.26607318571561,10.439703577519705,0.0],[-73.26624557925538,10.439436043201084,0.0],[-73.2680297520391,10.437210525191443,0.0],[-73.26967409188704,10.44140043085002,0.0],[-73.26705393784435,10.441650658377991,0.0],[-73.26553224980641,10.440672227680869,0.0]]]}},
{"type":"Feature","properties":{"NOMBRE":"VIVE ALTO"},"geometry":{"type":"Polygon","coordinates":[[[-73.23306882305664,10.440214686903941,0.0],[-73.23415345931372,10.439307103657748,0.0],[-73.23486738058865,10.440142157498071,0.0],[-73.23303435652822,10.441655926836326,0.0],[-73.23306882305664,10.440214686903941,0.0]]]}},
{"type":"Feature","properties":{"NOMBRE":"DON CARMELO II"},"geometry":{"type":"Polygon","coordinates":[[[-73.26042711579653,10.440761355858122,0.0],[-73.26068515007051,10.440760103043377,0.0],[-73.26067759525982,10.440357534745873,0.0],[-73.26275693102251,10.440326239672347,0.0],[-73.26276200873384,10.440726819358357,0.0],[-73.26414126220376,10.440704707700847,0.0],[-73.26416031113739,10.44172002419569,0.0],[-73.26044705765409,10.441778432225227,0.0],[-73.26042711579653,10.440761355858122,0.0]]]}},
{"type":"Feature","properties":{"NOMBRE":null},"geometry":{"type":"Polygon","coordinates":[[[-73.25933525418367,10.441797586828537,1.819e-12],[-73.2592986409829,10.44010445643905,1.819e-12],[-73.26067216979959,10.440079382581528,1.819e-12],[-73.26068514920388,10.440760104128756,1.819e-12],[-73.2604271161417,10.440761357026938,1.819e-12],[-73.26044705768464,10.44177843228709,1.819e-12],[-73.25933525418367,10.441797586828537,1.819e-12]]]}},
{"type":"Feature","properties":{"NOMBRE":"ALTOS DE ZIRUMA"},"geometry":{"type":"Polygon","coordinates":[[[-73.2561302368899,10.440158634430368,0.0],[-73.25929864083292,10.44010445668321,0.0],[-73.25933525462584,10.441797586073124,0.0],[-73.25610246767461,10.441852689339733,0.0],[-73.2561302368899,10.440158634430368,0.0]]]}},
{"type":"Feature","properties":{"NOMBRE":"24"},"geometry":{"type":"Polygon","coordinates":[[[-73.25040956253609,10.44197638132621,0.0],[-73.25047034763793,10.440628458363456,0.0],[-73.25201832996999,10.440680252950981,0.0],[-73.25184563320971,10.4418028625281,0.0],[-73.25226987889526,10.441826562277262,0.0],[-73.2522605945988,10.441994914157808,0.0],[-73.25224452531613,10.442035304175059,0.0],[-73.25040956253609,10.44197638132621,0.0]]]}},
{"type":"Feature","properties":{"NOMBRE":"CLEMENTE QUINTERO"},"geometry":{"type":"Polygon","coordinates":[[[-73.23823800741918,10.442591661346892,0.0],[-73.23886374228927,10.442262830962425,0.0],[-73.23926378690456,10.442538126273329,0.0],[-73.23843956547256,10.442965355754007,0.0],[-73.23823800741918,10.442591661346892,0.0]]]}},
{"type":"Feature","properties":{"NOMBRE":"DON CARMELO I ETAPA"},"geometry":{"type":"Polygon","coordinates":[[[-73.25614403820444,10.44324106404411,0.0],[-73.25609655196968,10.44224844817615,0.0],[-73.25610246074757,10.441853240752042,0.0],[-73.26416031263257,10.441720151661457,0.0],[-73.2641817662657,10.443110236768012,0.0],[-73.25614403820444,10.44324106404411,0.0]]]}},
{"type":"Feature","properties":{"NOMBRE":"INVASION TIERRA PROMETIDA"},"geometry":{"type":"Polygon","coordinates":[[[-73.25262716486795,10.443236270569336,0.0],[-73.25279297403671,10.438987549569484,0.0],[-73.2528189193678,10.437882157067817,0.0],[-73.25572511840487,10.437846079352493,0.0],[-73.25568761201463,10.44320074898446,0.0],[-73.25262716486795,10.443236270569336,0.0]]]}},
{"type":"Feature","properties":{"NOMBRE":"LA 27"},"geometry":{"type":"Polygon","coordinates":[[[-73.25568726377081,10.443248143950921,0.0],[-73.25572511840487,10.437846079352493,0.0],[-73.25618992261127,10.437840306724958,0.0],[-73.25615411865226,10.438883123861817,0.0],[-73.25609654865129,10.4422483207059,0.0],[-73.25614403820444,10.44324106404411,0.0],[-73.25568726377081,10.443248143950921,0.0]]]}},
{"type":"Feature","properties":{"NOMBRE":"CIUDADELA CLEMENTE QUINTERO ETAPA I"},"geometry":{"type":"Polygon","coordinates":[[[-73.23989609247552,10.442995622909985,0.0],[-73.23886374228927,10.442262830962425,0.0],[-73.23846768310875,10.44196464243193,0.0],[-73.24027763729373,10.441015929220185,0.0],[-73.24063234293243,10.441262769586247,0.0],[-73.2413369645898,10.441225174506084,0.0],[-73.24134762125644,10.441510222089045,0.0],[-73.24150190831614,10.441504093840983,0.0],[-73.24156221282554,10.441607370582506,0.0],[-73.2416216322376,10.441625936581394,0.0],[-73.24165620344901,10.442393736293967,0.0],[-73.24005681288804,10.443228442421491,0.0],[-73.23989609247552,10.442995622909985,0.0]]]}},
{"type":"Feature","properties":{"NOMBRE":"NUEVO MILENIO"},"geometry":{"type":"Polygon","coordinates":[[[-73.25219630102669,10.443261942250212,0.0],[-73.25220862016981,10.44212555002134,0.0],[-73.2522605945988,10.441994914157808,0.0],[-73.25226987889526,10.441826562277262,0.0],[-73.25184563320971,10.4418028625281,0.0],[-73.25201832996999,10.440680252950981,0.0],[-73.25047034763793,10.440628458363456,0.0],[-73.25062985215246,10.437547708354568,0.0],[-73.25281351332931,10.437507996158924,0.0],[-73.2528189193678,10.437882157067817,0.0],[-73.25279297403671,10.438987549569484,0.0],[-73.2526274650128,10.443260291076863,0.0],[-73.25219630102669,10.443261942250212,0.0]]]}},
{"type":"Feature","properties":{"NOMBRE":"DON JOSE"},"geometry":{"type":"Polygon","coordinates":[[[-73.25040956253609,10.44197638132621,0.0],[-73.25224452531613,10.442035304175059,0.0],[-73.25220848686672,10.442125884150538,0.0],[-73.25219773380829,10.443128352647543,0.0],[-73.25209566964087,10.443304019273109,0.0],[-73.25034877645415,10.443324305028831,0.0],[-73.25040956253609,10.44197638132621,0.0]]]}},
{"type":"Feature","properties":{"NOMBRE":null},"geometry":{"type":"Polygon","coordinates":[[[-73.24186005733853,10.443331818924912,0.0],[-73.24183860917611,10.442788312205101,0.0],[-73.24228015388154,10.442809389335231,0.0],[-73.24230274570475,10.443353084389702,0.0],[-73.24186005733853,10.443331818924912,0.0]]]}},
{"type":"Feature","properties":{"NOMBRE":"ETAPA II"},"geometry":{"type":"Polygon","coordinates":[[[-73.23798428575023,10.443382349227798,0.0],[-73.23780081432592,10.442881988562979,0.0],[-73.23763430202453,10.442373643276417,0.0],[-73.23846768310875,10.44196464243193,0.0],[-73.23886374228927,10.442262830962425,0.0],[-73.23823800741918,10.442591661346892,0.0],[-73.23851815100781,10.44311142031141,0.0],[-73.23798428575023,10.443382349227798,0.0]]]}},
{"type":"Feature","properties":{"NOMBRE":"MARIA PAULA"},"geometry":{"type":"Polygon","coordinates":[[[-73.27147785592078,10.442583008181028,0.0],[-73.27265991631273,10.442076150736847,0.0],[-73.27310371375093,10.442483716101957,0.0],[-73.2724317335603,10.442783802554473,0.0],[-73.27261553099784,10.443177055564622,0.0],[-73.27189729150547,10.44350044914405,0.0],[-73.27147785592078,10.442583008181028,0.0]]]}},
{"type":"Feature","properties":{"NOMBRE":"DON CLEMENTE"},"geometry":{"type":"Polygon","coordinates":[[[-73.23652376880071,10.443474355779305,0.0],[-73.23416907839271,10.44113852896037,0.0],[-73.23371373921088,10.441520135170185,0.0],[-73.23350323973467,10.441268711216786,0.0],[-73.23486738058865,10.440142157498071,0.0],[-73.23508878410487,10.440400244563394,0.0],[-73.23545455848232,10.440100668469272,0.0],[-73.2374398029273,10.442090418330963,0.0],[-73.23774991549182,10.442848155250358,0.0],[-73.23652376880071,10.443474355779305,0.0]]]}},
{"type":"Feature","properties":{"NOMBRE":"CONJ. CER. PALMARES"},"geometry":{"type":"Polygon","coordinates":[[[-73.23876511756633,10.443568598895464,0.0],[-73.23844094549165,10.442964639812171,0.0],[-73.23926394642467,10.442538237881621,0.0],[-73.23989609247552,10.442995622909985,0.0],[-73.23876511756633,10.443568598895464,0.0]]]}},
{"type":"Feature","properties":{"NOMBRE":"O.G.B."},"geometry":{"type":"Polygon","coordinates":[[[-73.24377035252282,10.441877654078594,0.0],[-73.24272850557874,10.441938961403364,0.0],[-73.24255754256187,10.439500739037662,0.0],[-73.24445691356844,10.43941073857123,0.0],[-73.2444916476788,10.440098759031583,0.0],[-73.24456477085846,10.440998917465542,0.0],[-73.24461502524834,10.441751992694957,0.0],[-73.24460916457957,10.441866712531503,0.0],[-73.24473700055414,10.443655041427979,0.0],[-73.24384854819213,10.443710877936944,0.0],[-73.24377035252282,10.441877654078594,0.0]]]}},
{"type":"Feature","properties":{"NOMBRE":"CONJUNTO CERRADO"},"geometry":{"type":"Polygon","coordinates":[[[-73.24232389943772,10.443769415629143,0.0],[-73.24224155759245,10.441967614448364,0.0],[-73.24377035252282,10.441877654078594,0.0],[-73.24384854819213,10.443710877936944,0.0],[-73.24232389943772,10.443769415629143,0.0]]]}},
{"type":"Feature","properties":{"NOMBRE":"FLORENCIA I"},"geometry":{"type":"Polygon","coordinates":[[[-73.23835894647694,10.444090892680281,0.0],[-73.23798618522412,10.443386128337648,0.0],[-73.23851815100781,10.44311142031141,0.0],[-73.23876511756633,10.443568598895464,0.0],[-73.23989609247552,10.442995622909985,0.0],[-73.24005681288804,10.443228442421491,0.0],[-73.23835894647694,10.444090892680281,0.0]]]}},
{"type":"Feature","properties":{"NOMBRE":"FIORI"},"geometry":{"type":"Polygon","coordinates":[[[-73.23491185226293,10.44397256681992,0.0],[-73.2359706145131,10.442925637421059,0.0],[-73.23652376880071,10.443474355779305,0.0],[-73.23505808204129,10.444117624599109,0.0],[-73.23491185226293,10.44397256681992,0.0]]]}},
{"type":"Feature","properties":{"NOMBRE":"96"},"geometry":{"type":"Polygon","coordinates":[[[-73.27085203626169,10.443971755192416,0.0],[-73.27261553099784,10.443177055564622,0.0],[-73.27279960588132,10.443567708420739,0.0],[-73.27109730186565,10.44434495290826,0.0],[-73.27085203626169,10.443971755192416,0.0]]]}},
{"type":"Feature","properties":{"NOMBRE":null},"geometry":{"type":"Polygon","coordinates":[[[-73.24154510787105,10.443881660643768,0.0],[-73.24230959501901,10.443487907532997,0.0],[-73.24234839673349,10.444260278874104,0.0],[-73.24218740066333,10.444286151799428,0.0],[-73.24212785670846,10.44433009761462,0.0],[-73.24154510787105,10.443881660643768,0.0]]]}},
{"type":"Feature","properties":{"NOMBRE":"CASA MÍA."},"geometry":{"type":"Polygon","coordinates":[[[-73.2724433164657,10.444686381195446,0.0],[-73.27226307096005,10.4442896376982,0.0],[-73.27298284445719,10.4439552385233,0.0],[-73.27316783410076,10.444352392284017,0.0],[-73.2724433164657,10.444686381195446,0.0]]]}},
{"type":"Feature","properties":{"NOMBRE":"FLORENCIA II"},"geometry":{"type":"Polygon","coordinates":[[[-73.23727643776448,10.44464152994636,0.0],[-73.23689153857588,10.443956480879223,0.0],[-73.23798751818128,10.443388657561872,0.0],[-73.23835822493335,10.444091259607728,0.0],[-73.23727643776448,10.44464152994636,0.0]]]}},
{"type":"Feature","properties":{"NOMBRE":"SAN FERNANDO VI"},"geometry":{"type":"Polygon","coordinates":[[[-73.24000322462945,10.44325449108637,0.0],[-73.2422473734043,10.442094453650277,0.0],[-73.24228015388154,10.442809389335231,0.0],[-73.24183860917611,10.442788312205101,0.0],[-73.24186005733853,10.443331818924912,0.0],[-73.24230402957569,10.4433531465066,0.0],[-73.24230959501901,10.443487907532997,0.0],[-73.24154510787105,10.443881660643768,0.0],[-73.24212785670846,10.44433009761462,0.0],[-73.24218740066333,10.444286151799428,0.0],[-73.24234839673349,10.444260278874104,0.0],[-73.24235568164026,10.444463533587948,0.0],[-73.24131429936514,10.444990094797985,0.0],[-73.24157867589274,10.445513748889669,0.0],[-73.24120400497702,10.445652768873922,0.0],[-73.24000322462945,10.44325449108637,0.0]]]}},
{"type":"Feature","properties":{"NOMBRE":"MONTE VERDE"},"geometry":{"type":"Polygon","coordinates":[[[-73.26531695360387,10.445726390373485,0.0],[-73.26381495667587,10.443774231414045,0.0],[-73.26478367443694,10.442020661375896,0.0],[-73.26691806051385,10.444753818687596,0.0],[-73.26531695360387,10.445726390373485,0.0]]]}},
{"type":"Feature","properties":{"NOMBRE":"94"},"geometry":{"type":"Polygon","coordinates":[[[-73.271690053203,10.445029244358096,0.0],[-73.2724433164657,10.444686381195446,0.0],[-73.2728114522612,10.445472271132374,0.0],[-73.27215400125046,10.445755858258599,0.0],[-73.271690053203,10.445029244358096,0.0]]]}},
{"type":"Feature","properties":{"NOMBRE":"58"},"geometry":{"type":"Polygon","coordinates":[[[-73.2425347125021,10.445394745823306,0.0],[-73.24239819611132,10.445175584743616,0.0],[-73.24237227240361,10.444863577602204,0.0],[-73.24232389943772,10.443769415629143,0.0],[-73.24403573594063,10.443699114048355,0.0],[-73.24395196532461,10.445942716441978,0.0],[-73.2432287449902,10.445931094966175,0.0],[-73.2431538310704,10.445905029961384,0.0],[-73.24260690443003,10.44594063794825,0.0],[-73.2425347125021,10.445394745823306,0.0]]]}},
{"type":"Feature","properties":{"NOMBRE":null},"geometry":{"type":"Polygon","coordinates":[[[-73.24207761265228,10.445913061313425,0.0],[-73.24133176667637,10.445907941043519,0.0],[-73.24120400497702,10.445652768873922,0.0],[-73.24157867589274,10.445513748889669,0.0],[-73.24131429936514,10.444990094797985,0.0],[-73.24235568164026,10.444463533587948,0.0],[-73.24239819611132,10.445175584743616,0.0],[-73.2425347125021,10.445394745823306,0.0],[-73.24260690443003,10.44594063794825,0.0],[-73.24207761265228,10.445913061313425,0.0]]]}},
{"type":"Feature","properties":{"NOMBRE":"57"},"geometry":{"type":"Polygon","coordinates":[[[-73.25022739518896,10.446023521586124,0.0],[-73.2456457450519,10.44597203383566,0.0],[-73.24661469666393,10.439918328994139,0.0],[-73.24673031183059,10.439342734476664,0.0],[-73.2470922615639,10.437160316636247,0.0],[-73.24732510000221,10.435585692007662,0.0],[-73.24733002041843,10.435327405411355,0.0],[-73.24729909080102,10.435157700009018,0.0],[-73.24724159246333,10.434994917878086,0.0],[-73.2471088285264,10.434772511466887,0.0],[-73.24685129707603,10.434488259311843,0.0],[-73.24680041222504,10.434394842404757,0.0],[-73.2467959551409,10.434323781431,0.0],[-73.24696339570315,10.433408266514704,0.0],[-73.24708492128177,10.433419055837463,0.0],[-73.24711864012123,10.433226625939536,0.0],[-73.24718934104874,10.43313920107458,0.0],[-73.24724100649287,10.433114872624898,0.0],[-73.24743394066857,10.43310607358882,0.0],[-73.24782107306099,10.432472068116873,0.0],[-73.24801268432978,10.43194542063199,0.0],[-73.24869813938105,10.429659256082418,0.0],[-73.2486456981591,10.429629135922768,0.0],[-73.24824395918768,10.429014502250821,0.0],[-73.24849478958252,10.428855223675018,0.0],[-73.24862191013952,10.428117121213756,0.0],[-73.24983239290755,10.428127880974277,0.0],[-73.25039703477756,10.42512367031897,0.0],[-73.2505718817604,10.4248569970856,0.0],[-73.25078350518997,10.424616186839582,0.0],[-73.2521595165884,10.424493531570118,0.0],[-73.25116426235654,10.430205909869166,0.773499999996602],[-73.25095079462265,10.430200418666058,0.773499999996602],[-73.25069550862372,10.433909694745646,0.0],[-73.25062985215246,10.437547708354568,0.0],[-73.25047034763793,10.440628458363456,0.0],[-73.25022739518896,10.446023521586124,0.0]]]}},
{"type":"Feature","properties":{"NOMBRE":"MILCIADES CANTILLO"},"geometry":{"type":"Polygon","coordinates":[[[-73.25239155325339,10.446053075404375,0.0],[-73.25022739518896,10.446023521586124,0.0],[-73.25034877645415,10.443324305028831,0.0],[-73.25209566964087,10.443304019273109,0.0],[-73.25239155325339,10.446053075404375,0.0]]]}},
{"type":"Feature","properties":{"NOMBRE":null},"geometry":{"type":"Polygon","coordinates":[[[-73.25239155325339,10.446053075404375,0.0],[-73.25209566964087,10.443304019273109,0.0],[-73.25219773380829,10.443128352647543,0.0],[-73.25219630102669,10.443261942250212,0.0],[-73.2526274650128,10.443260291076863,0.0],[-73.25264517863525,10.446057327792658,0.0],[-73.25239155325339,10.446053075404375,0.0]]]}},
{"type":"Feature","properties":{"NOMBRE":"VILLA FUENTE"},"geometry":{"type":"Polygon","coordinates":[[[-73.25437564506008,10.446083004595263,0.0],[-73.25264517863525,10.446057327792658,0.0],[-73.25262716486795,10.443236270569336,0.0],[-73.25429028915701,10.443221791339603,0.0],[-73.25437564506008,10.446083004595263,0.0]]]}},
{"type":"Feature","properties":{"NOMBRE":"EL OASIS"},"geometry":{"type":"Polygon","coordinates":[[[-73.25628061799965,10.446105034997183,0.0],[-73.25437564506008,10.446083004595263,0.0],[-73.25429028915701,10.443221791339603,0.0],[-73.25568761201463,10.44320074898446,0.0],[-73.25568726377081,10.443248143950921,0.0],[-73.25614380987966,10.443241067976716,0.0],[-73.25628061799965,10.446105034997183,0.0]]]}},
{"type":"Feature","properties":{"NOMBRE":"93"},"geometry":{"type":"Polygon","coordinates":[[[-73.27215400125046,10.445755858258599,0.0],[-73.27327528941726,10.445272197005792,0.0],[-73.27329979410268,10.446326126126188,0.0],[-73.27269509589189,10.446603290532886,0.0],[-73.27215400125046,10.445755858258599,0.0]]]}},
{"type":"Feature","properties":{"NOMBRE":"VERONA"},"geometry":{"type":"Polygon","coordinates":[[[-73.26347270378783,10.445958905099346,0.0],[-73.26295397766711,10.445276583796007,0.0],[-73.26318415030893,10.44490239772484,0.0],[-73.26381343262197,10.44377310930033,0.0],[-73.26509852508597,10.445442515589093,0.0],[-73.26343323336391,10.446689055380347,0.0],[-73.26347270378783,10.445958905099346,0.0]]]}},
{"type":"Feature","properties":{"NOMBRE":null},"geometry":{"type":"Polygon","coordinates":[[[-73.26303668779559,10.446978152524661,0.0],[-73.26242983509418,10.446526523020028,0.0],[-73.26264636787401,10.445809854160915,0.0],[-73.26295397766711,10.445276583796007,0.0],[-73.26347270378783,10.445958905099346,0.0],[-73.26343323336391,10.446689055380347,0.0],[-73.26303668779559,10.446978152524661,0.0]]]}},
{"type":"Feature","properties":{"NOMBRE":"CONJ. CER.LA FONTANA"},"geometry":{"type":"Polygon","coordinates":[[[-73.26701715071957,10.44722176024193,1.819e-12],[-73.26569333756738,10.445497762428646,1.819e-12],[-73.26691805990876,10.444753818651618,1.819e-12],[-73.268173298227,10.446361169656367,1.819e-12],[-73.26701715071957,10.44722176024193,1.819e-12]]]}},
{"type":"Feature","properties":{"NOMBRE":"VALLADOLID"},"geometry":{"type":"Polygon","coordinates":[[[-73.22726069905404,10.447099503984317,-9.920600000001286],[-73.2268210560442,10.446469006289487,3.571899999996276],[-73.2279648991441,10.445687539213997,3.571899999996276],[-73.22807669146755,10.44654392056818,3.571899999996276],[-73.22726069905404,10.447099503984317,-9.920600000001286]]]}},
{"type":"Feature","properties":{"NOMBRE":"METROPOLITANA."},"geometry":{"type":"Polygon","coordinates":[[[-73.23294014833964,10.445846067410002,0.0],[-73.23447668861888,10.444590108622096,0.0],[-73.23510716413767,10.445949853088855,0.0],[-73.23385211640192,10.446977287915741,0.0],[-73.23358124956485,10.447181397196875,0.0],[-73.23294014833964,10.445846067410002,0.0]]]}},
{"type":"Feature","properties":{"NOMBRE":null},"geometry":{"type":"Polygon","coordinates":[[[-73.26701715210342,10.447221759187858,0.0],[-73.2681732990737,10.4463611690335,0.0],[-73.26830926096576,10.446535268885706,0.0],[-73.26715094686274,10.447397464904885,0.0],[-73.26701715210342,10.447221759187858,0.0]]]}},
{"type":"Feature","properties":{"NOMBRE":"31"},"geometry":{"type":"Polygon","coordinates":[[[-73.26664633369488,10.447454212973055,0.0],[-73.2657855327592,10.446335513388274,0.0],[-73.26531695360387,10.445726390373485,0.0],[-73.26569333721366,10.445497762482493,0.0],[-73.26700008858518,10.447199538376726,0.0],[-73.26664633369488,10.447454212973055,0.0]]]}},
{"type":"Feature","properties":{"NOMBRE":"ALTOS DEL VALLE"},"geometry":{"type":"Polygon","coordinates":[[[-73.27462631317164,10.447547119083653,0.0],[-73.27364945565964,10.447445584341432,0.0],[-73.27349339433239,10.447461641132202,0.0],[-73.27332778800297,10.447514421778484,0.0],[-73.27323555765781,10.44359948631914,0.0],[-73.27459173150739,10.443045135412284,0.0],[-73.27465198138748,10.443108401510921,0.0],[-73.28152621768726,10.44084410442481,0.0],[-73.2831323292535,10.44370119239758,0.0],[-73.28296246113096,10.443777044751481,0.0],[-73.28333403094724,10.444622933444414,0.0],[-73.28223281934683,10.445112213761378,0.0],[-73.28244588981002,10.445567346116686,0.0],[-73.28121593653412,10.446092341223446,0.0],[-73.2810177792569,10.445663842530276,0.0],[-73.27817768375392,10.446957703364308,0.0],[-73.27714710134393,10.447403116645695,0.0],[-73.27669982639146,10.447503230608536,0.0],[-73.27656181811062,10.447514880253381,0.0],[-73.27642035224909,10.447505105689919,0.0],[-73.27462631317164,10.447547119083653,0.0]]]}},
{"type":"Feature","properties":{"NOMBRE":"03"},"geometry":{"type":"Polygon","coordinates":[[[-73.24144823165625,10.447634120026732,0.0],[-73.24136935988318,10.445906013688997,0.0],[-73.24207761265228,10.445913061313425,0.0],[-73.24260690443003,10.44594063794825,0.0],[-73.24244783009108,10.446458671954572,0.0],[-73.24250493189658,10.447590562561288,0.0],[-73.24144823165625,10.447634120026732,0.0]]]}},
{"type":"Feature","properties":{"NOMBRE":"TORRES DON JOSÉ"},"geometry":{"type":"Polygon","coordinates":[[[-73.27077776718738,10.447545184239475,0.0],[-73.27163384898131,10.447221558978338,0.0],[-73.2717744759346,10.447583718432252,0.0],[-73.27093250066825,10.447925018236868,0.0],[-73.27077776718738,10.447545184239475,0.0]]]}},
{"type":"Feature","properties":{"NOMBRE":"SAN FERNANDO"},"geometry":{"type":"Polygon","coordinates":[[[-73.23687242756742,10.447845605986075,0.0],[-73.23563390478137,10.44551863705359,0.0],[-73.23622488914556,10.445091107610729,0.0],[-73.23724521025416,10.44458595155164,0.0],[-73.23727629052948,10.44464160458919,0.0],[-73.24000322462945,10.44325449108637,0.0],[-73.24133176667637,10.445907941043519,0.0],[-73.24098985297854,10.445961262411465,0.0],[-73.24066409837093,10.446077081760858,0.0],[-73.23687242756742,10.447845605986075,0.0]]]}},
{"type":"Feature","properties":{"NOMBRE":"RUEDA"},"geometry":{"type":"Polygon","coordinates":[[[-73.25442503485986,10.446808505238893,0.0],[-73.25313711512017,10.44681244525462,0.0],[-73.25282444850724,10.446059579938032,0.0],[-73.25619699549863,10.446104065040098,0.0],[-73.2563074999487,10.447200345358214,0.0],[-73.25616309340649,10.447269343701084,0.0],[-73.25590466074676,10.447470697218712,0.0],[-73.2556139861376,10.447606189128336,0.0],[-73.25497948950782,10.447982652019085,0.0],[-73.25442503485986,10.446808505238893,0.0]]]}},
{"type":"Feature","properties":{"NOMBRE":"URBANIZACION"},"geometry":{"type":"Polygon","coordinates":[[[-73.27198268330422,10.448074131558027,1.819e-12],[-73.27163384848151,10.447221559613562,1.819e-12],[-73.26983637371814,10.447910086739533,1.819e-12],[-73.26954808401517,10.447135788893478,1.819e-12],[-73.26924912011157,10.447353834884185,1.819e-12],[-73.26881048940233,10.446162175581625,1.819e-12],[-73.26732609082948,10.44239129761656,1.819e-12],[-73.26531960667111,10.441055271526864,1.819e-12],[-73.26553224915698,10.440672227900793,1.819e-12],[-73.26705393711032,10.441650658201324,1.819e-12],[-73.26967409103517,10.44140043071897,1.819e-12],[-73.26926372466897,10.440356146947943,1.819e-12],[-73.27103430602318,10.439602569431996,1.819e-12],[-73.27105710458353,10.439649222274515,1.819e-12],[-73.27125157994624,10.439848311745896,1.819e-12],[-73.27164802026269,10.44069604095093,1.819e-12],[-73.2726599158206,10.442076151863816,1.819e-12],[-73.27147785538274,10.442583008437438,1.819e-12],[-73.27189729073214,10.443500448991133,1.819e-12],[-73.27085203673536,10.443971755998716,1.819e-12],[-73.27109730125777,10.444344953954596,1.819e-12],[-73.27279960502061,10.443567708255244,1.819e-12],[-73.27243173312463,10.442783803569471,1.819e-12],[-73.27322556209823,10.44242077379376,1.819e-12],[-73.27323555706111,10.44359948614372,1.819e-12],[-73.27327528891988,10.44527219774343,1.819e-12],[-73.27281145156644,10.445472270935515,1.819e-12],[-73.2724433158692,10.444686381984923,1.819e-12],[-73.27316783338013,10.444352393133212,1.819e-12],[-73.2729828445156,10.443955239202307,1.819e-12],[-73.27226307031533,10.4442896374688,1.819e-12],[-73.2724433158692,10.444686381984923,1.819e-12],[-73.27169005331336,10.445029244249781,1.819e-12],[-73.2726950952231,10.446603290640656,1.819e-12],[-73.27329979434174,10.446326126268913,1.819e-12],[-73.27332778805932,10.447514422915656,1.819e-12],[-73.27198268330422,10.448074131558027,1.819e-12]]]}},
{"type":"Feature","properties":{"NOMBRE":"CONJ. CERRADO"},"geometry":{"type":"Polygon","coordinates":[[[-73.26983637414634,10.447910086891588,0.0],[-73.27077776718738,10.447545184239475,0.0],[-73.27093250066825,10.447925018236868,0.0],[-73.26997962799352,10.448295087432724,0.0],[-73.26983637414634,10.447910086891588,0.0]]]}},
{"type":"Feature","properties":{"NOMBRE":"SAN FRANCISCO DE ASIS"},"geometry":{"type":"Polygon","coordinates":[[[-73.25813284586673,10.448368257371156,0.0],[-73.25733898389451,10.448169158034815,0.0],[-73.25749585918211,10.447321172334584,0.0],[-73.25862877969652,10.447546235767263,0.0],[-73.25847708499583,10.448206485287514,0.0],[-73.25850691170848,10.448212361786293,0.0],[-73.25845563316804,10.448474954152529,0.0],[-73.25813284586673,10.448368257371156,0.0]]]}},
{"type":"Feature","properties":{"NOMBRE":"URBANIZACIÓN LAS TRINITARIAS"},"geometry":{"type":"Polygon","coordinates":[[[-73.28366701357025,10.44867885781929,0.0],[-73.28304367200177,10.447881545966109,0.0],[-73.28294248805761,10.447926536038578,0.0],[-73.28200812805888,10.445754202159,0.0],[-73.28244588981002,10.445567346116686,0.0],[-73.28223281934683,10.445112213761378,0.0],[-73.28251163186415,10.444988334832743,0.0],[-73.28272324986882,10.445449496636183,0.0],[-73.28417846127729,10.444839290952128,0.0],[-73.28538476490813,10.447707174081819,0.0],[-73.28366701357025,10.44867885781929,0.0]]]}},
{"type":"Feature","properties":{"NOMBRE":"MARBELLA"},"geometry":{"type":"Polygon","coordinates":[[[-73.26997962799352,10.448295087432724,0.0],[-73.2717744759346,10.447583718432252,0.0],[-73.27198268303086,10.448074131582066,0.0],[-73.27162049682403,10.448221004668735,0.0],[-73.27014627815464,10.448743177563195,0.0],[-73.26997962799352,10.448295087432724,0.0]]]}},
{"type":"Feature","properties":{"NOMBRE":"GEORGE DANGOND II"},"geometry":{"type":"Polygon","coordinates":[[[-73.23277430131094,10.44776622585984,0.0],[-73.23385211640192,10.446977287915741,0.0],[-73.23563390478137,10.44551863705359,0.0],[-73.23655090547794,10.447248564791085,0.0],[-73.23383654172181,10.448680664404145,0.0],[-73.23277430131094,10.44776622585984,0.0]]]}},
{"type":"Feature","properties":{"NOMBRE":"NUEVA VIENA"},"geometry":{"type":"Polygon","coordinates":[[[-73.22631681442611,10.448722857966164,-27.564066666668623],[-73.2257534165657,10.447911996348704,-41.34610000000157],[-73.22715937130123,10.446954189104817,-23.41309999999976],[-73.22772284843055,10.447762273434115,-36.90559999999732],[-73.22631681442611,10.448722857966164,-27.564066666668623]]]}},
{"type":"Feature","properties":{"NOMBRE":"VALLE MEZA"},"geometry":{"type":"Polygon","coordinates":[[[-73.24308222340869,10.446423857942966,0.0],[-73.24260690443003,10.44594063794825,0.0],[-73.2431538310704,10.445905029961384,0.0],[-73.2432287449902,10.445931094966175,0.0],[-73.24541761468171,10.445966840739555,0.0],[-73.2458812747245,10.446974302240415,0.0],[-73.24611756815668,10.447446890966358,0.0],[-73.24630560523367,10.447750038177995,0.0],[-73.24646990665264,10.44809000413391,0.0],[-73.24554198788921,10.448454595878484,0.0],[-73.24436581020986,10.448877978943552,0.0],[-73.24308222340869,10.446423857942966,0.0]]]}},
{"type":"Feature","properties":{"NOMBRE":"LA FELICIDAD"},"geometry":{"type":"Polygon","coordinates":[[[-73.2501083378859,10.44844042265996,0.0],[-73.25099443411075,10.448018283457033,0.0],[-73.25226965915344,10.447338438910943,0.0],[-73.25239031961172,10.447564367749235,0.0],[-73.25131385233239,10.448584498116945,0.0],[-73.2504386185684,10.449038951980251,0.0],[-73.2501083378859,10.44844042265996,0.0]]]}},
{"type":"Feature","properties":{"NOMBRE":"ALAMOS III"},"geometry":{"type":"Polygon","coordinates":[[[-73.26472857319179,10.449194691452544,0.0],[-73.26304076254979,10.446983161054632,0.0],[-73.26509852508597,10.445442515589093,0.0],[-73.26554053292497,10.446017109552328,0.0],[-73.26461570444418,10.446709531058724,0.0],[-73.26585683962635,10.44833507303804,0.0],[-73.26472857319179,10.449194691452544,0.0]]]}},
{"type":"Feature","properties":{"NOMBRE":null},"geometry":{"type":"Polygon","coordinates":[[[-73.28406164664176,10.449184741559137,0.0],[-73.28499509494569,10.44854223708895,0.0],[-73.28508578620195,10.44867130879889,0.0],[-73.28415888887251,10.449309397540942,0.0],[-73.28406164664176,10.449184741559137,0.0]]]}},
{"type":"Feature","properties":{"NOMBRE":"GEORGE DANGOND"},"geometry":{"type":"Polygon","coordinates":[[[-73.23383654172181,10.448680664404145,0.0],[-73.23655090547794,10.447248564791085,0.0],[-73.23687242756742,10.447845605986075,0.0],[-73.23543695618704,10.448522976619214,0.0],[-73.23523173465271,10.448642664296989,0.0],[-73.23504055648552,10.44878330335622,0.0],[-73.23486559772356,10.448943295907048,0.0],[-73.23470884597486,10.449120820282776,0.0],[-73.23457208573012,10.44931385902291,0.0],[-73.23383654172181,10.448680664404145,0.0]]]}},
{"type":"Feature","properties":{"NOMBRE":"NUEVA HOLANDA"},"geometry":{"type":"Polygon","coordinates":[[[-73.22419965190848,10.447482952805487,-45.78660000000673],[-73.22505109120738,10.446901887130764,-45.78660000000673],[-73.22631681442611,10.448722857966164,-27.564066666668623],[-73.22546774555555,10.449302923341513,-45.78660000000673],[-73.22419965190848,10.447482952805487,-45.78660000000673]]]}},
{"type":"Feature","properties":{"NOMBRE":"MARIA CAMILA SUR"},"geometry":{"type":"Polygon","coordinates":[[[-73.26873534816147,10.449478159156687,0.0],[-73.26715094686274,10.447397464904885,0.0],[-73.26881048943412,10.44616217486047,0.0],[-73.26924911973322,10.447353834802904,0.0],[-73.2695480848501,10.447135789028902,0.0],[-73.27014627815464,10.448743177563195,0.0],[-73.26969094312884,10.448905382941499,0.0],[-73.2694365135046,10.449015180647955,0.0],[-73.26873534816147,10.449478159156687,0.0]]]}},
{"type":"Feature","properties":{"NOMBRE":"LOS ALAMOS"},"geometry":{"type":"Polygon","coordinates":[[[-73.25919754320566,10.44929215503839,0.0],[-73.2581392003062,10.448661423000221,0.0],[-73.25733310453734,10.448201778547123,0.0],[-73.25733897560873,10.44816918332507,0.0],[-73.25813283118814,10.448368282645024,0.0],[-73.25845562579087,10.448474981253113,0.0],[-73.25846063556969,10.448449347180825,0.0],[-73.25856480944068,10.448477437316713,0.0],[-73.259155346901,10.44873006616111,0.0],[-73.25913583658422,10.448774745265798,0.0],[-73.259901314184,10.449138010690854,0.0],[-73.25966356011013,10.449541665027592,0.0],[-73.25919754320566,10.44929215503839,0.0]]]}},
{"type":"Feature","properties":{"NOMBRE":"POPULANDIA"},"geometry":{"type":"Polygon","coordinates":[[[-73.27785128061005,10.449592762153953,0.0],[-73.27757994011708,10.448360111111194,0.0],[-73.27754639394074,10.44818719267047,0.0],[-73.27750106228568,10.447732476155897,0.0],[-73.27740227336326,10.447299798657083,0.0],[-73.2810177792569,10.445663842530276,0.0],[-73.28121593653412,10.446092341223446,0.0],[-73.28200812805888,10.445754202159,0.0],[-73.28294248805761,10.447926536038578,0.0],[-73.28304367200177,10.447881545966109,0.0],[-73.28329352203863,10.448201128585517,0.0],[-73.28116446856951,10.44912853656498,0.0],[-73.28082146480007,10.44835978195311,0.0],[-73.27785128061005,10.449592762153953,0.0]]]}},
{"type":"Feature","properties":{"NOMBRE":"POSTOBON"},"geometry":{"type":"Polygon","coordinates":[[[-73.24153221284601,10.449408512553715,0.0],[-73.24063788943556,10.449450942746088,0.0],[-73.24055056755712,10.447677416660714,0.0],[-73.24250493189658,10.447590562561288,0.0],[-73.2425991110393,10.449457375077253,0.0],[-73.24153716570058,10.449507505943025,0.0],[-73.24153221284601,10.449408512553715,0.0]]]}},
{"type":"Feature","properties":{"NOMBRE":"VILLA LAURA"},"geometry":{"type":"Polygon","coordinates":[[[-73.28415888887251,10.449309397540942,0.0],[-73.28515011477383,10.448627023866367,0.0],[-73.2853954485632,10.448975145413666,0.0],[-73.28442479471863,10.449650264879171,0.0],[-73.28415888887251,10.449309397540942,0.0]]]}},
{"type":"Feature","properties":{"NOMBRE":"37"},"geometry":{"type":"Polygon","coordinates":[[[-73.2703552699165,10.448670210271654,0.0],[-73.27162049682403,10.448221004668735,0.0],[-73.27327660815986,10.44753571822907,0.0],[-73.27331850723864,10.448551448776632,0.0],[-73.27049851396646,10.449645699067474,0.0],[-73.2703552699165,10.448670210271654,0.0]]]}},
{"type":"Feature","properties":{"NOMBRE":"VILLA LUZ"},"geometry":{"type":"Polygon","coordinates":[[[-73.27331851959434,10.448551616045371,0.0],[-73.27327660815986,10.44753571822907,0.0],[-73.27332778800297,10.447514421778484,0.0],[-73.27349339433239,10.447461641132202,0.0],[-73.27364945565964,10.447445584341432,0.0],[-73.27462631317164,10.447547119083653,0.0],[-73.27642035224909,10.447505105689919,0.0],[-73.27650634231314,10.448037890519409,0.0],[-73.27625148827042,10.448114790384121,0.0],[-73.27624416993925,10.448373296220348,0.0],[-73.27625508355356,10.448604989445698,0.0],[-73.27631294393073,10.449273789969816,0.0],[-73.27332044811847,10.449735287064236,0.0],[-73.27331851959434,10.448551616045371,0.0]]]}},
{"type":"Feature","properties":{"NOMBRE":"EL PRADO"},"geometry":{"type":"Polygon","coordinates":[[[-73.25398353420691,10.448571512932912,0.0],[-73.25313711512017,10.44681244525462,0.0],[-73.25442503485986,10.446808505238893,0.0],[-73.25497948950782,10.447982652019085,0.0],[-73.2556139861376,10.447606189128336,0.0],[-73.25590466074676,10.447470697218712,0.0],[-73.25616309340649,10.447269343701084,0.0],[-73.2563074999487,10.447200345358214,0.0],[-73.25619699549863,10.446104065040098,0.0],[-73.2576848529737,10.44612131907768,0.0],[-73.25749585918211,10.447321172334584,0.0],[-73.25733310453734,10.448201778547123,0.0],[-73.25715040528159,10.4486494607251,0.0],[-73.25646314712198,10.448725115135733,0.0],[-73.25647629367415,10.448838515719672,0.0],[-73.25627708858666,10.448852729084907,0.0],[-73.25559174900515,10.449249994838208,0.0],[-73.25460817193746,10.449785359063636,0.0],[-73.25398353420691,10.448571512932912,0.0]]]}},
{"type":"Feature","properties":{"NOMBRE":null},"geometry":{"type":"Polygon","coordinates":[[[-73.25966356011013,10.449541665027592,0.0],[-73.259901314184,10.449138010690854,0.0],[-73.25913583658422,10.448774745265798,0.0],[-73.259155346901,10.44873006616111,0.0],[-73.25856480944068,10.448477437316713,0.0],[-73.25846063556969,10.448449347180825,0.0],[-73.25850691170848,10.448212361786293,0.0],[-73.25847708499583,10.448206485287514,0.0],[-73.25862877969652,10.447546235767263,0.0],[-73.25749585918211,10.447321172334584,0.0],[-73.2576848529737,10.44612131907768,0.0],[-73.25628061799965,10.446105034997183,0.0],[-73.25614380987966,10.443241067976716,0.0],[-73.2641817662657,10.443110236768012,0.0],[-73.26318415030893,10.44490239772484,0.0],[-73.26264636787401,10.445809854160915,0.0],[-73.26242983509418,10.446526523020028,0.0],[-73.26212419681987,10.446884222174834,0.0],[-73.26191941544586,10.447157310798076,0.0],[-73.26038723834739,10.449929127751108,0.0],[-73.25966356011013,10.449541665027592,0.0]]]}},
{"type":"Feature","properties":{"NOMBRE":"OLGA"},"geometry":{"type":"Polygon","coordinates":[[[-73.25747538470098,10.449795830350958,0.0],[-73.2574144655786,10.449836869244246,0.0],[-73.25717661177941,10.44954998347754,0.0],[-73.25705781233296,10.449369167019533,0.0],[-73.2570403036846,10.449263624860992,0.0],[-73.2571202706607,10.448655816917796,0.0],[-73.25715040528159,10.4486494607251,0.0],[-73.25733309533354,10.448201805642986,0.0],[-73.25813918563233,10.44866144646613,0.0],[-73.2591975276162,10.449292179405987,0.0],[-73.25858278418028,10.450253485511636,0.0],[-73.25747538470098,10.449795830350958,0.0]]]}},
{"type":"Feature","properties":{"NOMBRE":"64"},"geometry":{"type":"Polygon","coordinates":[[[-73.2289439020724,10.450192975629697,0.0],[-73.22872044069871,10.448451995983325,0.0],[-73.2303722813272,10.447449204103846,0.0],[-73.23167326621824,10.446621507744242,0.0],[-73.23227488303904,10.447592445452445,0.0],[-73.23099170342499,10.448371444240708,0.0],[-73.23126845865067,10.448821097284922,0.0],[-73.23092252214663,10.449063430367001,0.0],[-73.2289439020724,10.450192975629697,0.0]]]}},
{"type":"Feature","properties":{"NOMBRE":"TOBÍAS DAZA"},"geometry":{"type":"Polygon","coordinates":[[[-73.27801285072985,10.450410389257385,0.0],[-73.27785143664612,10.44959352912672,0.0],[-73.28082326827544,10.448363822764085,0.0],[-73.28116054468379,10.449119741812108,0.0],[-73.27801285072985,10.450410389257385,0.0]]]}},
{"type":"Feature","properties":{"NOMBRE":"ALAMEDAS DEL RIO"},"geometry":{"type":"Polygon","coordinates":[[[-73.22803239316207,10.44913088026579,0.0],[-73.22584112230784,10.449348348628588,0.0],[-73.22582184991545,10.44915946366566,0.0],[-73.22565304289543,10.449176336036226,-22.893300000003364],[-73.22632286694514,10.44871872304602,-18.452799999998206],[-73.22872386339914,10.448478658863076,0.0],[-73.2289439020724,10.450192975629697,0.0],[-73.22871378403984,10.45032212597177,0.0],[-73.22803239316207,10.44913088026579,0.0]]]}},
{"type":"Feature","properties":{"NOMBRE":"ALAMOS II"},"geometry":{"type":"Polygon","coordinates":[[[-73.26746015686953,10.450435385394458,0.0],[-73.26486495039201,10.447035701662653,0.0],[-73.26579120406029,10.446342941395155,0.0],[-73.26665072816702,10.44745992376657,0.0],[-73.26700044265074,10.447200000308532,0.0],[-73.26873534816147,10.449478159156687,0.0],[-73.26746015686953,10.450435385394458,0.0]]]}},
{"type":"Feature","properties":{"NOMBRE":"VILLA LEONOR"},"geometry":{"type":"Polygon","coordinates":[[[-73.24798751607277,10.44881392638411,0.0],[-73.247042627743,10.449235662400385,0.0],[-73.24630560523367,10.447750038177995,0.0],[-73.24611756815668,10.447446890966358,0.0],[-73.2458812747245,10.446974302240415,0.0],[-73.24541761468171,10.445966840739555,0.0],[-73.2520578949944,10.446048062644422,0.0],[-73.2522088503609,10.447203007011291,0.0],[-73.25226965915344,10.447338438910943,0.0],[-73.25099443411075,10.448018283457033,0.0],[-73.2501083378859,10.44844042265996,0.0],[-73.25072099136824,10.449554429201434,0.0],[-73.24887198609684,10.450477532910117,0.0],[-73.24798751607277,10.44881392638411,0.0]]]}},
{"type":"Feature","properties":{"NOMBRE":"27"},"geometry":{"type":"Polygon","coordinates":[[[-73.2608204399838,10.449145587277359,0.0],[-73.26191941544586,10.447157310798076,0.0],[-73.26212419681987,10.446884222174834,0.0],[-73.26242983509418,10.446526523020028,0.0],[-73.26303668779559,10.446978152524661,0.0],[-73.26443065425235,10.448804390002268,0.0],[-73.26200737107327,10.450671572546248,0.0],[-73.2608204399838,10.449145587277359,0.0]]]}},
{"type":"Feature","properties":{"NOMBRE":"LA MANUELITA"},"geometry":{"type":"Polygon","coordinates":[[[-73.25259055077827,10.450880170272718,0.0],[-73.25131385233239,10.448584498116945,0.0],[-73.25239031961172,10.447564367749235,0.0],[-73.2522088503609,10.447203007011291,0.0],[-73.2520578949944,10.446048062644422,0.0],[-73.25282444850724,10.446059579938032,0.0],[-73.25313711512017,10.44681244525462,0.0],[-73.25398353420691,10.448571512932912,0.0],[-73.25460817193746,10.449785359063636,0.0],[-73.25259055077827,10.450880170272718,0.0]]]}},
{"type":"Feature","properties":{"NOMBRE":"77"},"geometry":{"type":"Polygon","coordinates":[[[-73.28249138289138,10.450994764276441,0.0],[-73.28225750390547,10.449700078997264,0.0],[-73.28232797878391,10.449651386778685,0.0],[-73.2830190934148,10.450627795344579,0.0],[-73.28249138289138,10.450994764276441,0.0]]]}},
{"type":"Feature","properties":{"NOMBRE":"SANTORINI"},"geometry":{"type":"Polygon","coordinates":[[[-73.28127188080096,10.449081748339319,0.0],[-73.28329352203863,10.448201128585517,0.0],[-73.28442479471863,10.449650264879171,0.0],[-73.2830190934148,10.450627795344579,0.0],[-73.28232797878391,10.449651386778685,0.0],[-73.28225750390547,10.449700078997264,0.0],[-73.28249138289138,10.450994764276441,0.0],[-73.28241801123922,10.451045787004404,0.0],[-73.28127188080096,10.449081748339319,0.0]]]}},
{"type":"Feature","properties":{"NOMBRE":"PANAMÁ I ETAPA"},"geometry":{"type":"Polygon","coordinates":[[[-73.23754749815627,10.451015778603116,0.0],[-73.23751988608801,10.450812201189224,0.0],[-73.23747955472308,10.450731716792967,0.0],[-73.2373351784699,10.447621832064945,0.0],[-73.24076168616891,10.446035362144965,0.0],[-73.24108072867664,10.445941230575965,0.0],[-73.24136935988318,10.445906013688997,0.0],[-73.24144659488938,10.447634191673815,0.0],[-73.2405503718197,10.447673433210912,0.0],[-73.24063788943556,10.449450942746088,0.0],[-73.24153221284601,10.449408512553715,0.0],[-73.24153698119656,10.449507514499517,0.0],[-73.2425991110393,10.449457375077253,0.0],[-73.24266047323191,10.450802441593272,0.0],[-73.23759910357111,10.451068197896321,0.0],[-73.23754749815627,10.451015778603116,0.0]]]}},
{"type":"Feature","properties":{"NOMBRE":null},"geometry":{"type":"Polygon","coordinates":[[[-73.26472857319179,10.449194691452544,0.0],[-73.26585683962635,10.44833507303804,0.0],[-73.26746087865392,10.450436330083825,0.0],[-73.26630820883813,10.451279077660823,0.0],[-73.26472857319179,10.449194691452544,0.0]]]}},
{"type":"Feature","properties":{"NOMBRE":"LA ARCADIA"},"geometry":{"type":"Polygon","coordinates":[[[-73.26845843486646,10.44969023748625,0.0],[-73.26873570040317,10.449478621986236,0.0],[-73.2694365135046,10.449015180647955,0.0],[-73.26969094312884,10.448905382941499,0.0],[-73.2703552699165,10.448670210271654,0.0],[-73.27049851396646,10.449645699067474,0.0],[-73.27014831399319,10.449781585524153,0.0],[-73.2703986996661,10.45012549414836,0.0],[-73.27050078188358,10.450513896951854,0.0],[-73.27088625804112,10.451031467285237,0.0],[-73.26999928920735,10.45170239169392,0.0],[-73.26845843486646,10.44969023748625,0.0]]]}},
{"type":"Feature","properties":{"NOMBRE":"SAN JERÓNIMO"},"geometry":{"type":"Polygon","coordinates":[[[-73.28247627599559,10.451005269858841,0.0],[-73.28539550316275,10.448975223292276,0.0],[-73.28591530924841,10.449717101981706,0.0],[-73.28290958568816,10.451779154823564,0.0],[-73.28247627599559,10.451005269858841,0.0]]]}},
{"type":"Feature","properties":{"NOMBRE":"TOBIAS DAZA II ETAPA"},"geometry":{"type":"Polygon","coordinates":[[[-73.27828396382853,10.451782413603095,0.0],[-73.27801300310654,10.45041115893289,0.0],[-73.28032653295466,10.4494617095329,0.0],[-73.28038524861198,10.44959716157537,0.0],[-73.27971553105421,10.450087174539565,0.0],[-73.27987969653195,10.450897214930922,0.0],[-73.27828396382853,10.451782413603095,0.0]]]}},
{"type":"Feature","properties":{"NOMBRE":"UNIV. UNAD"},"geometry":{"type":"Polygon","coordinates":[[[-73.2370988058289,10.451725982682998,0.0],[-73.23686605901129,10.45171701497722,0.0],[-73.2363116683624,10.45176371785097,0.0],[-73.2362446490502,10.45085223086733,0.0],[-73.23747955472308,10.450731716792967,0.0],[-73.23751988608801,10.450812201189224,0.0],[-73.23754749815627,10.451015778603116,0.0],[-73.23759910357111,10.451068197896321,0.0],[-73.23743200150433,10.45177027102459,0.0],[-73.23738893580803,10.45181989999437,0.0],[-73.2370988058289,10.451725982682998,0.0]]]}},
{"type":"Feature","properties":{"NOMBRE":"DUSAKAWI"},"geometry":{"type":"Polygon","coordinates":[[[-73.23510151081433,10.450951302247862,0.0],[-73.2362446490502,10.45085223086733,0.0],[-73.23631112034982,10.45175728640351,0.0],[-73.23559411693049,10.45176628188115,0.0],[-73.23531639326268,10.45181521533709,0.0],[-73.23510151081433,10.450951302247862,0.0]]]}},
{"type":"Feature","properties":{"NOMBRE":"PANAMA II"},"geometry":{"type":"Polygon","coordinates":[[[-73.23032194764104,10.450411791026458,0.0],[-73.22940542117742,10.450959321918456,0.0],[-73.2289439020724,10.450192975629697,0.0],[-73.23092252214663,10.449063430367001,0.0],[-73.23277430131094,10.44776622585984,0.0],[-73.23457208573012,10.44931385902291,0.0],[-73.23470884597486,10.449120820282776,0.0],[-73.2349509207285,10.44886098971055,0.0],[-73.2351342505074,10.448710459451657,0.0],[-73.23533273259797,10.448580110611335,0.0],[-73.2373351784699,10.447621832064945,0.0],[-73.23747955472308,10.450731716792967,0.0],[-73.23464413569086,10.450983235196835,0.0],[-73.2330715494575,10.451139303918566,0.0],[-73.23137234952019,10.452077072999202,0.0],[-73.23032194764104,10.450411791026458,0.0]]]}},
{"type":"Feature","properties":{"NOMBRE":"GERIZIM"},"geometry":{"type":"Polygon","coordinates":[[[-73.28333759806094,10.45254279297493,0.0],[-73.28290958568816,10.451779154823564,0.0],[-73.28439055015043,10.450758821362506,0.0],[-73.28487713495296,10.451470310171652,296.5877999999984],[-73.28333759806094,10.45254279297493,0.0]]]}},
{"type":"Feature","properties":{"NOMBRE":"CONJ.CERRA. CASAS DE LA PRADERA II"},"geometry":{"type":"Polygon","coordinates":[[[-73.28512736834945,10.452559920610238,889.7634333333317],[-73.28476813960121,10.451902088405125,889.7634499999995],[-73.2859712629441,10.451254702846255,889.7635000000018],[-73.28633380049054,10.451910814529992,889.7634499999995],[-73.28512736834945,10.452559920610238,889.7634333333317]]]}},
{"type":"Feature","properties":{"NOMBRE":"U.P.C."},"geometry":{"type":"Polygon","coordinates":[[[-73.26187413396676,10.452534953347747,0.0],[-73.25990450423666,10.45079972075928,0.0],[-73.26082037626976,10.449145504851733,0.0],[-73.26287632526251,10.451764945054462,0.0],[-73.26187413396676,10.452534953347747,0.0]]]}},
{"type":"Feature","properties":{"NOMBRE":"TOBIAS DAZA III ETAPA"},"geometry":{"type":"Polygon","coordinates":[[[-73.27845003931755,10.45262287028631,0.0],[-73.27828411620631,10.4517831832785,0.0],[-73.27987969653195,10.450897214930922,0.0],[-73.28021152903597,10.452238474509691,0.0],[-73.27845003931755,10.45262287028631,0.0]]]}},
{"type":"Feature","properties":{"NOMBRE":"MONTECARLO"},"geometry":{"type":"Polygon","coordinates":[[[-73.23258305085172,10.4514019127383,0.0],[-73.2330715494575,10.451139303918566,0.0],[-73.23464413569086,10.450983235196835,0.0],[-73.23510151081433,10.450951302247862,0.0],[-73.23531639326268,10.45181521533709,0.0],[-73.23504251911828,10.451862069614135,2.179166666670426],[-73.23452550481694,10.452012476634726,2.179166666670426],[-73.23395796856234,10.452241673758694,2.179166666670426],[-73.2332176724463,10.452567699725245,1.089583333334303],[-73.23258305085172,10.4514019127383,0.0]]]}},
{"type":"Feature","properties":{"NOMBRE":"SALAMANCA"},"geometry":{"type":"Polygon","coordinates":[[[-73.22128537479799,10.452496387941407,140.91700000000128],[-73.22117771584824,10.452169354287923,140.91700000000128],[-73.2234267568392,10.45180304308583,140.91700000000128],[-73.2235836860777,10.452340900471098,140.91700000000128],[-73.22150561279221,10.452679374099883,140.91700000000128],[-73.22128537479799,10.452496387941407,140.91700000000128]]]}},
{"type":"Feature","properties":{"NOMBRE":"46"},"geometry":{"type":"Polygon","coordinates":[[[-73.23318658104358,10.452579082602133,2.179166666670426],[-73.23395796856234,10.452241673758694,2.179166666670426],[-73.23452550481694,10.452012476634726,2.179166666670426],[-73.23505449319771,10.451861359968175,1.867857142859066],[-73.23505969165187,10.45211921735198,1.634375000002365],[-73.23495620978682,10.452121260994232,3.26875000000382],[-73.23326167591335,10.452768960378801,3.26875000000382],[-73.23318658104358,10.452579082602133,2.179166666670426]]]}},
{"type":"Feature","properties":{"NOMBRE":"73"},"geometry":{"type":"Polygon","coordinates":[[[-73.28531602170222,10.45290539571241,889.7633999999962],[-73.2851273992568,10.452559977638321,889.7634499999995],[-73.28633380049054,10.451910814529992,889.7634499999995],[-73.28652900081802,10.45226408225247,889.7633999999962],[-73.28531602170222,10.45290539571241,889.7633999999962]]]}},
{"type":"Feature","properties":{"NOMBRE":"LA CABAÑA"},"geometry":{"type":"Polygon","coordinates":[[[-73.26080266753164,10.452857963067101,0.0],[-73.25923603346747,10.452005041891333,0.0],[-73.25990450423666,10.45079972075928,0.0],[-73.26140097883788,10.452114072259116,0.0],[-73.26108723385912,10.45248285000317,0.0],[-73.26080266753164,10.452857963067101,0.0]]]}},
{"type":"Feature","properties":{"NOMBRE":null},"geometry":{"type":"Polygon","coordinates":[[[-73.2802162908419,10.452237433262747,0.0],[-73.27987969653195,10.450897214930922,0.0],[-73.27971553105421,10.450087174539565,0.0],[-73.28038524861198,10.44959716157537,0.0],[-73.28032653295466,10.4494617095329,0.0],[-73.28127188080096,10.449081748339319,0.0],[-73.28241801123922,10.451045787004404,0.0],[-73.28247627599559,10.451005269858841,0.0],[-73.2830738792735,10.452072280059642,0.0],[-73.28040481314848,10.453063567456002,0.0],[-73.2802162908419,10.452237433262747,0.0]]]}},
{"type":"Feature","properties":{"NOMBRE":"SENA"},"geometry":{"type":"Polygon","coordinates":[[[-73.23184833875757,10.453069020709869,0.0],[-73.23127128335008,10.45213343374675,0.0],[-73.23258305085172,10.4514019127383,0.0],[-73.2332176724463,10.452567699725245,1.089583333334303],[-73.23184833875757,10.453069020709869,0.0]]]}},
{"type":"Feature","properties":{"NOMBRE":null},"geometry":{"type":"Polygon","coordinates":[[[-73.28363028496037,10.453096184996463,0.0],[-73.28367616576013,10.453071120359175,0.0],[-73.28337739847468,10.452515067264706,0.0],[-73.28469426113551,10.451597705227758,296.5877999999984],[-73.28474047486445,10.451851427006655,444.881699999999],[-73.28479862648393,10.45195884337293,593.1756666666679],[-73.28353871666732,10.452644146161603,444.88175000000047],[-73.28382464205063,10.453176297352398,444.88175000000047],[-73.28360467646452,10.453293137524108,296.58783333333395],[-73.28363028496037,10.453096184996463,0.0]]]}},
{"type":"Feature","properties":{"NOMBRE":"EL HOGAR"},"geometry":{"type":"Polygon","coordinates":[[[-73.27626212051618,10.452853338226603,0.0],[-73.27593507390904,10.450566057656387,0.0],[-73.27371076934863,10.450888823175205,0.0],[-73.27364967026402,10.450371455798388,0.0],[-73.2734013622449,10.45040350932419,0.0],[-73.27330375563307,10.449857609583015,0.0],[-73.27332044811847,10.449735287064236,0.0],[-73.27631210703602,10.449273918947016,0.0],[-73.27638012981056,10.449884553471462,0.0],[-73.27709561850338,10.453249903503682,0.0],[-73.2763133810498,10.453362009613983,0.0],[-73.27626212051618,10.452853338226603,0.0]]]}},
{"type":"Feature","properties":{"NOMBRE":"71"},"geometry":{"type":"Polygon","coordinates":[[[-73.28419770517498,10.453078628970637,889.7634499999995],[-73.28513518545451,10.452574234807319,889.7633999999962],[-73.28531602170222,10.45290539571241,889.7633999999962],[-73.28437355090489,10.453406714321062,593.1756333333342],[-73.28419770517498,10.453078628970637,889.7634499999995]]]}},
{"type":"Feature","properties":{"NOMBRE":"COLEGIO"},"geometry":{"type":"Polygon","coordinates":[[[-73.23090119856903,10.453066345058538,-0.139866666663693],[-73.23048787994138,10.45261021724167,-0.069933333331392],[-73.23127128335008,10.45213343374675,0.0],[-73.23183109584411,10.453041064683541,0.0],[-73.23111880925417,10.453329234215564,-0.052449999998316],[-73.23090119856903,10.453066345058538,-0.139866666663693]]]}},
{"type":"Feature","properties":{"NOMBRE":"VILLA MAGDALA"},"geometry":{"type":"Polygon","coordinates":[[[-73.26044037443597,10.453500254462542,0.0],[-73.25887205892771,10.452654636675964,0.0],[-73.25923603346747,10.452005041891333,0.0],[-73.26080266753164,10.452857963067101,0.0],[-73.26044037443597,10.453500254462542,0.0]]]}},
{"type":"Feature","properties":{"NOMBRE":"CONJ. CER. ARGENTINA"},"geometry":{"type":"Polygon","coordinates":[[[-73.23699977310865,10.453303787308046,0.0],[-73.23646064641548,10.453314384842484,0.0],[-73.2364468229661,10.452752674629725,0.0],[-73.23650190562465,10.452751346350922,0.0],[-73.23647771883658,10.45174945508212,0.0],[-73.23686605901129,10.45171701497722,0.0],[-73.2370988058289,10.451725982682998,0.0],[-73.23739060731351,10.4518266200573,0.0],[-73.23743200150433,10.45177027102459,0.0],[-73.23804163227634,10.453283945522509,0.0],[-73.23714429538133,10.453301147846755,0.0],[-73.23714682857138,10.45350232964344,0.0],[-73.23700629276904,10.453505278819003,0.0],[-73.23699977310865,10.453303787308046,0.0]]]}},
{"type":"Feature","properties":{"NOMBRE":null},"geometry":{"type":"Polygon","coordinates":[[[-73.23646064641548,10.453314384842484,0.0],[-73.23699977310865,10.453303787308046,0.0],[-73.23700629276904,10.453505278819003,0.0],[-73.2364655916206,10.453515390366558,0.0],[-73.23646064641548,10.453314384842484,0.0]]]}},
{"type":"Feature","properties":{"NOMBRE":"FRANCISCO DE PAULA"},"geometry":{"type":"Polygon","coordinates":[[[-73.2724143249648,10.453281204477143,0.0],[-73.27255115831069,10.453187039767048,0.0],[-73.27088625804112,10.451031467285237,0.0],[-73.27050078188358,10.450513896951854,0.0],[-73.2703986996661,10.45012549414836,0.0],[-73.27014831399319,10.449781585524153,0.0],[-73.27331850723864,10.448551448776632,0.0],[-73.27332044811847,10.449735287064236,0.0],[-73.27330375563307,10.449857609583015,0.0],[-73.2734013622449,10.45040350932419,0.0],[-73.27364967026402,10.450371455798388,0.0],[-73.27371659619955,10.450938159384789,0.0],[-73.27384782395842,10.451798318079533,0.0],[-73.27389433350237,10.45224328993577,0.0],[-73.27406376270416,10.453164374959375,0.0],[-73.27383683693859,10.45319758175911,0.0],[-73.27252203527289,10.45361257855775,0.0],[-73.2724143249648,10.453281204477143,0.0]]]}},
{"type":"Feature","properties":{"NOMBRE":"36"},"geometry":{"type":"Polygon","coordinates":[[[-73.23599271699761,10.45331803236275,0.0],[-73.2350846428539,10.453335579319718,3.612050000004274],[-73.23505449319771,10.451861359968175,1.867857142859066],[-73.23559411693049,10.45176628188115,0.0],[-73.2363116683624,10.45176371785097,0.0],[-73.23647771883658,10.45174945508212,0.0],[-73.23650190562465,10.452751346350922,0.0],[-73.23644676203394,10.452750202990567,0.0],[-73.23646559244631,10.453515422911979,0.0],[-73.23599553272749,10.453524240980204,0.0],[-73.23599271699761,10.45331803236275,0.0]]]}},
{"type":"Feature","properties":{"NOMBRE":"ARGENTINA"},"geometry":{"type":"Polygon","coordinates":[[[-73.2350846428539,10.453335579319718,3.612050000004274],[-73.23599271699761,10.45331803236275,0.0],[-73.23599553272749,10.453524240980204,0.0],[-73.23508912574573,10.453540053951368,2.889640000003055],[-73.2350846428539,10.453335579319718,3.612050000004274]]]}},
{"type":"Feature","properties":{"NOMBRE":"VILLA TAXI"},"geometry":{"type":"Polygon","coordinates":[[[-73.27718671696725,10.45367383827039,0.0],[-73.27638089575035,10.449883602591317,0.0],[-73.27625508355356,10.448604989445698,0.0],[-73.27624416993925,10.448373296220348,0.0],[-73.27625148827042,10.448114790384121,0.0],[-73.27650634231314,10.448037890519409,0.0],[-73.27642035224909,10.447505105689919,0.0],[-73.27656181811062,10.447514880253381,0.0],[-73.27669982639146,10.447503230608536,0.0],[-73.27714710134393,10.447403116645695,0.0],[-73.27740227336326,10.447299798657083,0.0],[-73.27750089711837,10.447731709160111,0.0],[-73.27754622877316,10.448186425674708,0.0],[-73.27757977677823,10.448359343216035,0.0],[-73.27785143664612,10.44959352912672,0.0],[-73.27860228172557,10.45339336156679,0.0],[-73.27718671696725,10.45367383827039,0.0]]]}},
{"type":"Feature","properties":{"NOMBRE":"CONJ.CERRA. CASAS DE LA PRADERA I"},"geometry":{"type":"Polygon","coordinates":[[[-73.28360467646452,10.453293137524108,296.58783333333395],[-73.28382464205063,10.453176297352398,444.88175000000047],[-73.28353871666732,10.452644146161603,444.88175000000047],[-73.28479862648393,10.45195884337293,593.1756666666679],[-73.28513505924695,10.452574303197059,889.7634666666672],[-73.28419770517498,10.453078628970637,889.7634499999995],[-73.28437333416437,10.453406828588825,444.881699999999],[-73.28353208061235,10.45385147555378,296.58783333333395],[-73.28360467646452,10.453293137524108,296.58783333333395]]]}},
{"type":"Feature","properties":{"NOMBRE":"SAO PAULO"},"geometry":{"type":"Polygon","coordinates":[[[-73.23143414454562,10.453717866319737,0.0],[-73.23111880925417,10.453329234215564,-0.052449999998316],[-73.23183109584411,10.453041064683541,0.0],[-73.23184833875757,10.453069020709869,0.0],[-73.23318658104358,10.452579082602133,2.179166666670426],[-73.23326167591335,10.452768960378801,3.26875000000382],[-73.23495620978682,10.452121260994232,3.26875000000382],[-73.23505969165187,10.45211921735198,1.634375000002365],[-73.23507931498281,10.453092545956782,4.128057142860598],[-73.23324156016672,10.453128988810715,0.0],[-73.23324512733961,10.453333244905389,0.0],[-73.23240969691884,10.453350138481316,0.0],[-73.23143414454562,10.453717866319737,0.0]]]}},
{"type":"Feature","properties":{"NOMBRE":"CASIMIRO MAESTRE"},"geometry":{"type":"Polygon","coordinates":[[[-73.26290146849995,10.449991919991122,0.0],[-73.26443065425235,10.448804390002268,0.0],[-73.26733122592927,10.452606598849382,0.0],[-73.26580112067766,10.45381387357274,0.0],[-73.26290146849995,10.449991919991122,0.0]]]}},
{"type":"Feature","properties":{"NOMBRE":"09"},"geometry":{"type":"Polygon","coordinates":[[[-73.25855995463924,10.453217502984456,0.0],[-73.25887205892771,10.452654636675964,0.0],[-73.2601328984913,10.453335400934854,0.0],[-73.25981373427845,10.453890849557453,0.0],[-73.25855995463924,10.453217502984456,0.0]]]}},
{"type":"Feature","properties":{"NOMBRE":"VILLAS DE CATALINA I"},"geometry":{"type":"Polygon","coordinates":[[[-73.27780956396295,10.453551229379446,0.0],[-73.27718671696725,10.45367383827039,0.0],[-73.27860228172557,10.45339336156679,0.0],[-73.27845019169598,10.45262363996166,0.0],[-73.27871247649391,10.453950950564753,0.0],[-73.27792383568229,10.454103628126417,0.0],[-73.27780956396295,10.453551229379446,0.0]]]}},
{"type":"Feature","properties":{"NOMBRE":"NIZA"},"geometry":{"type":"Polygon","coordinates":[[[-73.23414004506829,10.453110011507988,3.612050000004274],[-73.23507931498281,10.453092545956782,4.128057142860598],[-73.23510300697272,10.454173247179703,3.612050000004274],[-73.2341637118871,10.454190710680004,4.128057142860598],[-73.23414004506829,10.453110011507988,3.612050000004274]]]}},
{"type":"Feature","properties":{"NOMBRE":"VALPARAISO"},"geometry":{"type":"Polygon","coordinates":[[[-73.23326064600046,10.454207500718013,0.0],[-73.23324156016672,10.453128988810715,0.0],[-73.23414004506829,10.453110011507988,3.612050000004274],[-73.2341637118871,10.454190710680004,4.128057142860598],[-73.23326064600046,10.454207500718013,0.0]]]}},
{"type":"Feature","properties":{"NOMBRE":"JOSÉ EUGENIO MARTÍNEZ"},"geometry":{"type":"Polygon","coordinates":[[[-73.26573928540277,10.453878927911871,0.0],[-73.26580112067766,10.45381387357274,0.0],[-73.26733122592927,10.452606598849382,0.0],[-73.2678854152384,10.45336114507821,0.0],[-73.2662595199857,10.454557520705682,0.0],[-73.26573928540277,10.453878927911871,0.0]]]}},
{"type":"Feature","properties":{"NOMBRE":"TOBIAS DAZA IV ETAPA"},"geometry":{"type":"Polygon","coordinates":[[[-73.27875722244818,10.454173210398979,0.0],[-73.27750992288098,10.454413905627879,0.0],[-73.27723572136168,10.453929282557265,0.0],[-73.27718688393924,10.453674614310628,0.0],[-73.27780956396295,10.453551229379446,0.0],[-73.27792383568229,10.454103628126417,0.0],[-73.27871247649391,10.453950950564753,0.0],[-73.27845019169598,10.45262363996166,0.0],[-73.2802162908419,10.452237433262747,0.0],[-73.28075279691922,10.454588479652536,60.426066666666884],[-73.27887448871398,10.454768561266961,60.426066666666884],[-73.27875722244818,10.454173210398979,0.0]]]}},
{"type":"Feature","properties":{"NOMBRE":"VILLA MIRIAN"},"geometry":{"type":"Polygon","coordinates":[[[-73.2678854152384,10.45336114507821,0.0],[-73.26733229666648,10.452605753629923,0.0],[-73.26630820883813,10.451279077660823,0.0],[-73.26845843486646,10.44969023748625,0.0],[-73.26999928920735,10.45170239169392,0.0],[-73.27088625804112,10.451031467285237,0.0],[-73.27255115831069,10.453187039767048,0.0],[-73.27218368092572,10.453439924656292,0.0],[-73.27184537565309,10.453604816388099,0.0],[-73.27101541893931,10.453921755019584,0.0],[-73.27007080542096,10.454396530929339,0.0],[-73.26897719261756,10.454804536554544,0.0],[-73.2678854152384,10.45336114507821,0.0]]]}},
{"type":"Feature","properties":{"NOMBRE":null},"geometry":{"type":"Polygon","coordinates":[[[-73.27810858191145,10.454298381616805,0.0],[-73.27875722244818,10.454173210398979,0.0],[-73.27887448871398,10.454768561266961,60.426066666666884],[-73.27815450022622,10.454837674747194,0.0],[-73.27810858191145,10.454298381616805,0.0]]]}},
{"type":"Feature","properties":{"NOMBRE":"VILLA SALOMON"},"geometry":{"type":"Polygon","coordinates":[[[-73.27792516084752,10.454859689692785,0.0],[-73.27773338153742,10.45478754618518,0.0],[-73.27757534573504,10.454495305639297,0.0],[-73.27750992288098,10.454413905627879,0.0],[-73.27810858191145,10.454298381616805,0.0],[-73.27815450022622,10.454837674747194,0.0],[-73.27792516084752,10.454859689692785,0.0]]]}},
{"type":"Feature","properties":{"NOMBRE":"34"},"geometry":{"type":"Polygon","coordinates":[[[-73.23826851442233,10.454172421904198,0.0],[-73.23916529721001,10.45445845506248,0.0],[-73.24005781675744,10.45474312498259,0.0],[-73.2382795982965,10.454782807027884,0.0],[-73.23826851442233,10.454172421904198,0.0]]]}},
{"type":"Feature","properties":{"NOMBRE":"SABANAS"},"geometry":{"type":"Polygon","coordinates":[[[-73.26449437460937,10.45486804733489,0.0],[-73.2618751499082,10.452535862641389,0.0],[-73.26287632526251,10.451764945054462,0.0],[-73.26200737107327,10.450671572546248,0.0],[-73.26290146849995,10.449991919991122,0.0],[-73.26580112067766,10.45381387357274,0.0],[-73.26573928540277,10.453878927911871,0.0],[-73.26449437460937,10.45486804733489,0.0]]]}},
{"type":"Feature","properties":{"NOMBRE":"LEONIDAS ACUÑA"},"geometry":{"type":"Polygon","coordinates":[[[-73.24096893840674,10.454820944730118,0.0],[-73.24071942303355,10.454838500029947,0.0],[-73.24078069674533,10.45332413564342,0.0],[-73.24278323923492,10.453342679180782,0.0],[-73.24285655578005,10.4548597164949,0.0],[-73.24096893840674,10.454820944730118,0.0]]]}},
{"type":"Feature","properties":{"NOMBRE":"LOTE IDEMA"},"geometry":{"type":"Polygon","coordinates":[[[-73.24019435461089,10.454860236916508,0.0],[-73.24019197582291,10.45474013064389,0.0],[-73.24005781675744,10.45474312498259,0.0],[-73.23841876923535,10.454220346596484,0.0],[-73.23743200150433,10.45177027102459,0.0],[-73.23759910357111,10.451068197896321,0.0],[-73.24266047323191,10.450802441593272,0.0],[-73.24278323923492,10.453342679180782,0.0],[-73.24078069674533,10.45332413564342,0.0],[-73.24071942303355,10.454838500029947,0.0],[-73.24042237025101,10.454859398954119,0.0],[-73.24019435461089,10.454860236916508,0.0]]]}},
{"type":"Feature","properties":{"NOMBRE":"ALGODONES COSTEÑOS"},"geometry":{"type":"Polygon","coordinates":[[[-73.26029913296411,10.454152195814759,0.0],[-73.26061155455997,10.453591929250267,0.0],[-73.26044037443597,10.453500254462542,0.0],[-73.26080266753164,10.452857963067101,0.0],[-73.26108723385912,10.45248285000317,0.0],[-73.26140097883788,10.452114072259116,0.0],[-73.26267998745591,10.453251470383039,0.0],[-73.26169569321482,10.454929634365271,0.0],[-73.26029913296411,10.454152195814759,0.0]]]}},
{"type":"Feature","properties":{"NOMBRE":"SAN MARTIN"},"geometry":{"type":"Polygon","coordinates":[[[-73.24758256289756,10.455025076503611,0.0],[-73.24436581020986,10.448877978943552,0.0],[-73.24554198788921,10.448454595878484,0.0],[-73.24646990665264,10.44809000413391,0.0],[-73.247042627743,10.449235662400385,0.0],[-73.24798751607277,10.44881392638411,0.0],[-73.24887198609684,10.450477532910117,0.0],[-73.25072099136824,10.449554429201434,0.0],[-73.2504386185684,10.449038951980251,0.0],[-73.25131385233239,10.448584498116945,0.0],[-73.25259055077827,10.450880170272718,0.0],[-73.25370975693143,10.450274866559818,0.0],[-73.25402565447017,10.450894051403008,0.0],[-73.25405038245115,10.450921089162696,0.0],[-73.25434751246478,10.451557240995339,0.0],[-73.25330042970113,10.452132889794493,0.0],[-73.25143264738485,10.453041008163499,0.0],[-73.25001444950291,10.453794072312585,0.0],[-73.24758256289756,10.455025076503611,0.0]]]}},
{"type":"Feature","properties":{"NOMBRE":"CRESCENTIA"},"geometry":{"type":"Polygon","coordinates":[[[-73.28346012924735,10.454520871970411,0.0],[-73.28344547971878,10.45448466691018,0.0],[-73.28350674999751,10.453864929853273,0.0],[-73.28482480863572,10.453168199214256,444.881699999999],[-73.28557356662252,10.454530195651726,0.0],[-73.28424186146198,10.455247453616417,0.0],[-73.28346012924735,10.454520871970411,0.0]]]}},
{"type":"Feature","properties":{"NOMBRE":"RAFAEL ESCALONA"},"geometry":{"type":"Polygon","coordinates":[[[-73.28090245855229,10.45524709250954,90.63910000000124],[-73.28040481314848,10.453063567456002,0.0],[-73.2830738792735,10.452072280059642,0.0],[-73.28333759806094,10.45254279297493,0.0],[-73.28337739847468,10.452515067264706,0.0],[-73.28367616576013,10.453071120359175,0.0],[-73.28363028496037,10.453096184996463,0.0],[-73.28353208061235,10.45385147555378,296.58783333333395],[-73.28090245855229,10.45524709250954,90.63910000000124]]]}},
{"type":"Feature","properties":{"NOMBRE":"MANANTIAL"},"geometry":{"type":"Polygon","coordinates":[[[-73.2662595199857,10.454557520705682,0.0],[-73.2678854152384,10.45336114507821,0.0],[-73.26901825378624,10.454859465563676,0.0],[-73.26676344702742,10.45523581008497,0.0],[-73.2662595199857,10.454557520705682,0.0]]]}},
{"type":"Feature","properties":{"NOMBRE":"LA VICTORIA"},"geometry":{"type":"Polygon","coordinates":[[[-73.2736778501868,10.455276335543678,0.0],[-73.27339852392886,10.4543307420611,0.0],[-73.27330684089732,10.453960631195065,0.0],[-73.27311063855414,10.453426796088818,0.0],[-73.27383683693859,10.45319758175911,0.0],[-73.27406427342551,10.453164300310682,0.0],[-73.27389433350237,10.45224328993577,0.0],[-73.27384936234209,10.451808105805659,0.0],[-73.27371076934863,10.450888823175205,0.0],[-73.27593507390904,10.450566057656387,0.0],[-73.27626212051618,10.452853338226603,0.0],[-73.2763133810498,10.453362009613983,0.0],[-73.27596262174893,10.453412066398295,0.0],[-73.27612652166815,10.454957278618563,0.0],[-73.27396844654098,10.455207454434323,0.0],[-73.2736778501868,10.455276335543678,0.0]]]}},
{"type":"Feature","properties":{"NOMBRE":"33"},"geometry":{"type":"Polygon","coordinates":[[[-73.23615741220272,10.454390708617856,0.0],[-73.23717350039746,10.454367691381467,0.0],[-73.23714429609774,10.45330122107095,0.0],[-73.23804163227634,10.453283945522509,0.0],[-73.23841876923535,10.454220346596484,0.0],[-73.23826851442233,10.454172421904198,0.0],[-73.2382795982965,10.454782807027884,0.0],[-73.24018914537204,10.454740194628377,0.0],[-73.24019846350023,10.455148601849272,0.0],[-73.23617725594724,10.455238847656503,0.0],[-73.23615741220272,10.454390708617856,0.0]]]}},
{"type":"Feature","properties":{"NOMBRE":"41"},"geometry":{"type":"Polygon","coordinates":[[[-73.23327972446843,10.45529205834929,0.0],[-73.23326064600046,10.454207500718013,0.0],[-73.23510300697272,10.454173247179703,3.612050000004274],[-73.2351220436217,10.455261806084252,0.0],[-73.23327972446843,10.45529205834929,0.0]]]}},
{"type":"Feature","properties":{"NOMBRE":"CONJ.CER. BRASIL"},"geometry":{"type":"Polygon","coordinates":[[[-73.23249452145912,10.455337997518875,0.0],[-73.23158723830748,10.45392365156758,0.0],[-73.23143414454562,10.453717866319737,0.0],[-73.23240969691884,10.453350138481316,0.0],[-73.23324512733961,10.453333244905389,0.0],[-73.2332801658281,10.45531833725822,0.0],[-73.23249452145912,10.455337997518875,0.0]]]}},
{"type":"Feature","properties":{"NOMBRE":"MIRAFLORES CLUB HOUSE"},"geometry":{"type":"Polygon","coordinates":[[[-73.2788740474861,10.454768602649686,90.63910000000124],[-73.28075279691922,10.454588479652536,60.426066666666884],[-73.28090245855229,10.45524709250954,90.63910000000124],[-73.28071091481289,10.455348639998784,181.27820000000156],[-73.27907553876032,10.455508247341392,45.31955000000107],[-73.2788740474861,10.454768602649686,90.63910000000124]]]}},
{"type":"Feature","properties":{"NOMBRE":"C.D.V."},"geometry":{"type":"Polygon","coordinates":[[[-73.2652978084711,10.455534174180993,0.0],[-73.26449768819701,10.454870794854761,0.0],[-73.26573928540277,10.453878927911871,0.0],[-73.26676344702742,10.45523581008497,0.0],[-73.26538780072357,10.455502644527634,0.0],[-73.26531318021766,10.455565773248516,0.0],[-73.2652978084711,10.455534174180993,0.0]]]}},
{"type":"Feature","properties":{"NOMBRE":"DOÑA CLARA"},"geometry":{"type":"Polygon","coordinates":[[[-73.22737186974018,10.454602945584188,-0.209799999995994],[-73.23048787994138,10.45261021724167,-0.069933333331392],[-73.23090119856903,10.453066345058538,-0.139866666663693],[-73.23119534410378,10.45342063686848,-0.052449999998316],[-73.22800165308836,10.455528369504847,-0.104899999998452],[-73.22737186974018,10.454602945584188,-0.209799999995994]]]}},
{"type":"Feature","properties":{"NOMBRE":"MAR DE PLATA"},"geometry":{"type":"Polygon","coordinates":[[[-73.23328729328162,10.455723942185426,0.0],[-73.23327972446843,10.45529205834929,0.0],[-73.2351220436217,10.455261806084252,0.0],[-73.23513032483166,10.455694286769003,0.0],[-73.23328729328162,10.455723942185426,0.0]]]}},
{"type":"Feature","properties":{"NOMBRE":null},"geometry":{"type":"Polygon","coordinates":[[[-73.27933508369404,10.455940135336975,0.0],[-73.27921747517146,10.455494394633618,45.31955000000107],[-73.2803897401501,10.455379986047404,45.31955000000107],[-73.27933508369404,10.455940135336975,0.0]]]}},
{"type":"Feature","properties":{"NOMBRE":"EL PROGRESO"},"geometry":{"type":"Polygon","coordinates":[[[-73.26981945313702,10.455931264148811,0.0],[-73.26897719261756,10.454804536554544,0.0],[-73.27007080542096,10.454396530929339,0.0],[-73.27101541893931,10.453921755019584,0.0],[-73.27184537565309,10.453604816388099,0.0],[-73.27218368092572,10.453439924656292,0.0],[-73.2724143249648,10.453281204477143,0.0],[-73.27252203527289,10.45361257855775,0.0],[-73.27311063855414,10.453426796088818,0.0],[-73.27330684089732,10.453960631195065,0.0],[-73.27339998645238,10.454336644261424,0.0],[-73.27185074261716,10.454814154988288,0.0],[-73.2719801007699,10.455256350253526,0.0],[-73.26981945313702,10.455931264148811,0.0]]]}},
{"type":"Feature","properties":{"NOMBRE":"CONJ. CER.LA FORTALEZA"},"geometry":{"type":"Polygon","coordinates":[[[-73.27795519199694,10.455567832289692,0.0],[-73.27799693248089,10.455198370493628,0.0],[-73.27792516084752,10.454859689692785,0.0],[-73.2788740474861,10.454768602649686,90.63910000000124],[-73.27910095894457,10.455631076143158,0.0],[-73.27900783696461,10.455865612287516,0.0],[-73.27795090611168,10.455962869563889,0.0],[-73.27795519199694,10.455567832289692,0.0]]]}},
{"type":"Feature","properties":{"NOMBRE":"BUENOS AIRES"},"geometry":{"type":"Polygon","coordinates":[[[-73.23283900954075,10.455916621542412,0.0],[-73.23267677453725,10.455684229290501,0.0],[-73.23249452145912,10.455337997518875,0.0],[-73.2332801658281,10.45531833725822,0.0],[-73.23328729328162,10.455723942185426,0.0],[-73.23513032483166,10.455694286769003,0.0],[-73.23513378570064,10.455875043703536,0.0],[-73.23283900954075,10.455916621542412,0.0]]]}},
{"type":"Feature","properties":{"NOMBRE":"31"},"geometry":{"type":"Polygon","coordinates":[[[-73.23723086340424,10.455215673581913,0.0],[-73.23828649647041,10.45519154493352,0.0],[-73.23830308539509,10.456136953777964,0.0],[-73.2372510258185,10.456159293640274,0.0],[-73.23723086340424,10.455215673581913,0.0]]]}},
{"type":"Feature","properties":{"NOMBRE":null},"geometry":{"type":"Polygon","coordinates":[[[-73.28032068188078,10.45628790206236,0.0],[-73.28026871477157,10.456279420219456,0.0],[-73.279513998809,10.456160560355912,0.0],[-73.2804890935838,10.455644503514785,0.0],[-73.28032068188078,10.45628790206236,0.0]]]}},
{"type":"Feature","properties":{"NOMBRE":"I ETAPA"},"geometry":{"type":"Polygon","coordinates":[[[-73.23617725594724,10.455238847656503,0.0],[-73.23723086340424,10.455215673581913,0.0],[-73.2372510258185,10.456159293640274,0.0],[-73.23619176696562,10.456183637749268,0.0],[-73.23617725594724,10.455238847656503,0.0]]]}},
{"type":"Feature","properties":{"NOMBRE":"SIETE DE AGOSTO"},"geometry":{"type":"Polygon","coordinates":[[[-73.2565846489417,10.45593757307133,0.0],[-73.25615931618992,10.455264306061173,0.0],[-73.25434751246478,10.451557240995339,0.0],[-73.25405038245115,10.450921089162696,0.0],[-73.25402565447017,10.450894051403008,0.0],[-73.25370975693143,10.450274866559818,0.0],[-73.25559174900515,10.449249994838208,0.0],[-73.25627708858666,10.448852729084907,0.0],[-73.25647629367415,10.448838515719672,0.0],[-73.25646314712198,10.448725115135733,0.0],[-73.2571202706607,10.448655816917796,0.0],[-73.2570403036846,10.449263624860992,0.0],[-73.25705779674333,10.449369191387012,0.0],[-73.25717659618978,10.449550007845026,0.0],[-73.25741444726103,10.44983688908481,0.0],[-73.25747536547013,10.449795850189183,0.0],[-73.2585827685907,10.450253509879195,0.0],[-73.2591975276162,10.449292179405987,0.0],[-73.26038723834739,10.449929127751108,0.0],[-73.2568475690497,10.456302770959496,0.0],[-73.2565846489417,10.45593757307133,0.0]]]}},
{"type":"Feature","properties":{"NOMBRE":"FIORELLA"},"geometry":{"type":"Polygon","coordinates":[[[-73.28303230203863,10.456501221552125,0.0],[-73.28313159109778,10.456473436183844,0.0],[-73.28309286201,10.456337849897487,0.0],[-73.28488881137919,10.45584875741874,0.0],[-73.2850874391235,10.456033370943757,0.0],[-73.28297350414658,10.456624933270394,0.0],[-73.28303230203863,10.456501221552125,0.0]]]}},
{"type":"Feature","properties":{"NOMBRE":null},"geometry":{"type":"Polygon","coordinates":[[[-73.28036009011426,10.456621109324614,0.0],[-73.28026879257457,10.456279710594112,0.0],[-73.28032068188078,10.45628790206236,0.0],[-73.28056186120749,10.455363187037028,90.63910000000124],[-73.28071091481289,10.455348639998784,181.27820000000156],[-73.28201617892353,10.454656646748232,0.0],[-73.28239004569447,10.45593785632076,0.0],[-73.2825789075751,10.455882025775628,0.0],[-73.28261812232465,10.456030156160242,0.0],[-73.28036009011426,10.456621109324614,0.0]]]}},
{"type":"Feature","properties":{"NOMBRE":"FLORES DE MARIA II"},"geometry":{"type":"Polygon","coordinates":[[[-73.28278923743547,10.456676519492158,0.0],[-73.2825789075751,10.455882025775628,0.0],[-73.28239004569447,10.45593785632076,0.0],[-73.28201617892353,10.454656646748232,0.0],[-73.28350659627037,10.453866483427538,0.0],[-73.28344547971878,10.45448466691018,0.0],[-73.28346012924735,10.454520871970411,0.0],[-73.28488881137919,10.45584875741874,0.0],[-73.28309286201,10.456337849897487,0.0],[-73.28313159109778,10.456473436183844,0.0],[-73.28303230203863,10.456501221552125,0.0],[-73.28297350414658,10.456624933270394,0.0],[-73.28278923743547,10.456676519492158,0.0]]]}},
{"type":"Feature","properties":{"NOMBRE":null},"geometry":{"type":"Polygon","coordinates":[[[-73.27795090611168,10.455962869563889,0.0],[-73.27891477713533,10.455874579179033,0.0],[-73.27876806665924,10.456229312671482,0.0],[-73.277943201771,10.45667302290628,0.0],[-73.27795090611168,10.455962869563889,0.0]]]}},
{"type":"Feature","properties":{"NOMBRE":"QUINTAS DE ALEJADRO"},"geometry":{"type":"Polygon","coordinates":[[[-73.27931568583156,10.456262026712979,0.0],[-73.279513998809,10.456160560355912,0.0],[-73.28026879257457,10.456279710594112,0.0],[-73.28036009011426,10.456621109324614,0.0],[-73.27920582605195,10.456941826325787,0.0],[-73.27931568583156,10.456262026712979,0.0]]]}},
{"type":"Feature","properties":{"NOMBRE":"CONJ. CER. MAR DE PLATA"},"geometry":{"type":"Polygon","coordinates":[[[-73.23319283505057,10.456244934958773,0.0],[-73.23300268708228,10.456092162751476,0.0],[-73.23283900954075,10.455916621542412,0.0],[-73.23513378570064,10.455875043703536,0.0],[-73.23508912574573,10.453540053951368,2.889640000003055],[-73.23715537353574,10.453502224691732,0.0],[-73.23717350039746,10.454367691381467,0.0],[-73.23615741220272,10.454390708617856,0.0],[-73.23619176696562,10.456183637749268,0.0],[-73.23580681159143,10.45622750911185,0.0],[-73.23555587030562,10.456288812679764,0.0],[-73.2353125287892,10.456375058799237,0.0],[-73.23496725699718,10.456549170647738,0.0],[-73.2342646652103,10.45702830343036,0.0],[-73.23319283505057,10.456244934958773,0.0]]]}},
{"type":"Feature","properties":{"NOMBRE":"LA VICTORIA SEGUNDA ETAPA"},"geometry":{"type":"Polygon","coordinates":[[[-73.2738965931408,10.457167267684676,0.0],[-73.27389315622192,10.456719561408141,0.0],[-73.27349437950724,10.4568243770085,0.0],[-73.27323979721582,10.455979743356462,0.0],[-73.27383478425541,10.45578680735036,0.0],[-73.2736780674838,10.45527707193652,0.0],[-73.27396844654098,10.455207454434323,0.0],[-73.27612652166815,10.454957278618563,0.0],[-73.27619021557935,10.455600624688456,0.0],[-73.27626448304656,10.456132800541981,0.0],[-73.27611980413248,10.456906728305542,0.0],[-73.27534404268407,10.457004219286251,0.0],[-73.27466213665254,10.457050072963355,0.0],[-73.2738965931408,10.457167267684676,0.0]]]}},
{"type":"Feature","properties":{"NOMBRE":"08"},"geometry":{"type":"Polygon","coordinates":[[[-73.24045043884603,10.456090369337208,0.0],[-73.24043626519702,10.456090470447041,0.0],[-73.24042238743553,10.454860825479225,0.0],[-73.24096893840674,10.454820944730118,0.0],[-73.24285655578005,10.4548597164949,0.0],[-73.24295400766039,10.457027938410999,0.0],[-73.24126632059289,10.457209454372547,0.0],[-73.24126768302192,10.457230005405487,0.0],[-73.24048438931703,10.457304139692186,0.0],[-73.24045043884603,10.456090369337208,0.0]]]}},
{"type":"Feature","properties":{"NOMBRE":"LA RIVIERA"},"geometry":{"type":"Polygon","coordinates":[[[-73.22610443769803,10.456521735720898,0.0],[-73.22696483079537,10.455949425895671,0.0],[-73.22755986647394,10.456835526364873,0.0],[-73.22670774520607,10.457396128826602,0.0],[-73.22610443769803,10.456521735720898,0.0]]]}},
{"type":"Feature","properties":{"NOMBRE":"CICERON MAESTRE"},"geometry":{"type":"Polygon","coordinates":[[[-73.2709958154223,10.45751893497395,0.0],[-73.26981945313702,10.455931264148811,0.0],[-73.2719801007699,10.455256350253526,0.0],[-73.27185074261716,10.454814154988288,0.0],[-73.27339998645238,10.454336644261424,0.0],[-73.27383478425541,10.45578680735036,0.0],[-73.27323979721582,10.455979743356462,0.0],[-73.27349437950724,10.4568243770085,0.0],[-73.27137891427505,10.457402360104524,0.0],[-73.2709958154223,10.45751893497395,0.0]]]}},
{"type":"Feature","properties":{"NOMBRE":"61"},"geometry":{"type":"Polygon","coordinates":[[[-73.27998335076543,10.457650662215402,0.0],[-73.27911035650177,10.457474787357203,0.0],[-73.27920582605195,10.456941826325787,0.0],[-73.28036010006826,10.456621145509013,0.0],[-73.28060216725012,10.457517365824566,0.0],[-73.2805961721953,10.457547132730602,0.0],[-73.27996767035424,10.4577103621391,0.0],[-73.27998335076543,10.457650662215402,0.0]]]}},
{"type":"Feature","properties":{"NOMBRE":null},"geometry":{"type":"Polygon","coordinates":[[[-73.26700771747018,10.457199610376827,0.0],[-73.26639057278308,10.456805194685321,0.0],[-73.26565199407872,10.456394893147905,0.0],[-73.26585100413824,10.456026217591655,0.0],[-73.26535100502345,10.455643530011946,0.0],[-73.26531318021766,10.455565773248516,0.0],[-73.26538780072357,10.455502644527634,0.0],[-73.26676355715078,10.455235958618477,0.0],[-73.26901825378624,10.454859465563676,0.0],[-73.2709508951101,10.457458252490099,0.0],[-73.27047315637476,10.45742865055323,0.0],[-73.26919907945691,10.457587244422657,0.0],[-73.26806395557315,10.457804895174363,0.0],[-73.26797689230776,10.45788311298553,0.0],[-73.26700771747018,10.457199610376827,0.0]]]}},
{"type":"Feature","properties":{"NOMBRE":"BUENA VISTA"},"geometry":{"type":"Polygon","coordinates":[[[-73.27389659383554,10.457167352661175,0.0],[-73.27466229267289,10.457050133019258,0.0],[-73.27534419961553,10.457004280248109,0.0],[-73.27611963328813,10.456906750475913,0.0],[-73.27594415082221,10.457835402123813,0.0],[-73.27388843910283,10.458024072836686,0.0],[-73.27389659383554,10.457167352661175,0.0]]]}},
{"type":"Feature","properties":{"NOMBRE":"ALTOS DE LA POPA"},"geometry":{"type":"Polygon","coordinates":[[[-73.27900576581492,10.458008290472128,0.0],[-73.27911035650177,10.457474787357203,0.0],[-73.27998335076543,10.457650662215402,0.0],[-73.27986221705103,10.458111856829023,0.0],[-73.27900576581492,10.458008290472128,0.0]]]}},
{"type":"Feature","properties":{"NOMBRE":"LOS MAYALES II ETAPA"},"geometry":{"type":"Polygon","coordinates":[[[-73.23873023009021,10.457878086486634,0.0],[-73.23838858217776,10.457487051962765,0.0],[-73.23807977998077,10.457035145562656,0.0],[-73.23673232333981,10.457722695006419,0.0],[-73.23656794675377,10.457377871892168,0.0],[-73.23546854126494,10.458013049524194,0.0],[-73.23423961793509,10.457045636974827,0.0],[-73.2348586328854,10.456618552378414,0.0],[-73.23507931008251,10.456485353785261,0.0],[-73.2353125287892,10.456375058799237,0.0],[-73.23568055172137,10.456254997625065,0.0],[-73.23593432185689,10.456206419495455,0.0],[-73.23619176696562,10.456183637749268,0.0],[-73.23830313683419,10.456139904501402,0.0],[-73.23828649647041,10.45519154493352,0.0],[-73.24020688636048,10.455148412428471,0.0],[-73.24019400651635,10.454863353828658,0.0],[-73.24042238743553,10.454860825479225,0.0],[-73.24043617020806,10.456090472909677,0.0],[-73.24045034751263,10.45609037090546,0.0],[-73.24048429213758,10.457303936945689,0.0],[-73.24028576215808,10.457319135105909,0.0],[-73.23978362830967,10.457563821803346,0.0],[-73.23891893887544,10.458046264614921,0.0],[-73.23873023009021,10.457878086486634,0.0]]]}},
{"type":"Feature","properties":{"NOMBRE":"GALAN"},"geometry":{"type":"Polygon","coordinates":[[[-73.27592284306068,10.457927736948681,0.0],[-73.27597706485855,10.457694646375133,0.0],[-73.27626448304656,10.456132800541981,0.0],[-73.27619021557935,10.455600624688456,0.0],[-73.27596262174893,10.453412066398295,0.0],[-73.27709561850338,10.453249903503682,0.0],[-73.27723572136168,10.453929282557265,0.0],[-73.27750992288098,10.454413905627879,0.0],[-73.27757534573504,10.454495305639297,0.0],[-73.27773338153742,10.45478754618518,0.0],[-73.27792309344613,10.45484993409936,0.0],[-73.27799693248089,10.455198370493628,0.0],[-73.27795519199694,10.455567832289692,0.0],[-73.27792833441497,10.458043290619596,0.0],[-73.2779010698086,10.458109897659886,0.0],[-73.27678106110999,10.458117697342779,0.0],[-73.27669273139449,10.458139180264794,0.0],[-73.27581539432887,10.45818051993575,0.0],[-73.27592284306068,10.457927736948681,0.0]]]}},
{"type":"Feature","properties":{"NOMBRE":"DOÑA MIRYAM"},"geometry":{"type":"Polygon","coordinates":[[[-73.28059022522788,10.457576665623643,0.0],[-73.28060216725012,10.457517365824566,0.0],[-73.28036257961446,10.456620456539726,0.0],[-73.28121272411026,10.45639757672979,0.0],[-73.28165922830361,10.458056153799742,0.0],[-73.28077736697882,10.45828392897678,0.0],[-73.28059022522788,10.457576665623643,0.0]]]}},
{"type":"Feature","properties":{"NOMBRE":"LUIS CARLOS GALÁN S."},"geometry":{"type":"Polygon","coordinates":[[[-73.23256909864968,10.458187406901308,0.0],[-73.23177153243141,10.45721310254336,0.0],[-73.23319283505057,10.456244934958773,0.0],[-73.2342646652103,10.45702830343036,0.0],[-73.23256909864968,10.458187406901308,0.0]]]}},
{"type":"Feature","properties":{"NOMBRE":"LOT. SANTA ROSA"},"geometry":{"type":"Polygon","coordinates":[[[-73.24133401592567,10.45823075114791,0.0],[-73.24126632059289,10.457209454372547,0.0],[-73.24295400766039,10.457027938410999,0.0],[-73.24300185547072,10.458089162733389,0.0],[-73.24133401592567,10.45823075114791,0.0]]]}},
{"type":"Feature","properties":{"NOMBRE":"VILLAS DE CATALINA II"},"geometry":{"type":"Polygon","coordinates":[[[-73.27993731847629,10.457825919845043,0.0],[-73.27996767035424,10.4577103621391,0.0],[-73.2805961721953,10.457547132730602,0.0],[-73.28059022522788,10.457576665623643,0.0],[-73.28077736697882,10.45828392897678,0.0],[-73.28027998735375,10.458412396386219,0.0],[-73.27993731847629,10.457825919845043,0.0]]]}},
{"type":"Feature","properties":{"NOMBRE":"26"},"geometry":{"type":"Polygon","coordinates":[[[-73.2251190514712,10.457992742191713,0.0],[-73.22481277069285,10.457589298694844,0.0],[-73.22469150179613,10.457479571602626,0.0],[-73.22610443769803,10.456521735720898,0.0],[-73.22670774520607,10.457396128826602,0.0],[-73.22755986647394,10.456835526364873,0.0],[-73.2268789126045,10.455821476604026,0.0],[-73.22778884774957,10.455218774515734,0.0],[-73.22800165308836,10.455528369504847,-0.104899999998452],[-73.23119534410378,10.45342063686848,-0.052449999998316],[-73.23146355904355,10.453756520681639,0.0],[-73.23068031433598,10.454283807255225,0.0],[-73.23091784161822,10.454635020160636,0.0],[-73.23028252857324,10.455042171676931,0.0],[-73.23054095534049,10.4554167195991,0.0],[-73.22963634033648,10.456016469951608,0.0],[-73.22987835560033,10.45636931275168,0.0],[-73.22896751110119,10.456966880187295,0.0],[-73.22849581263598,10.456252170856686,0.0],[-73.22539860541988,10.458290048683667,0.0],[-73.2251190514712,10.457992742191713,0.0]]]}},
{"type":"Feature","properties":{"NOMBRE":"URBANIZACION EL ESFUERZO"},"geometry":{"type":"Polygon","coordinates":[[[-73.27581539432887,10.45818051993575,0.0],[-73.27669273139449,10.458139180264794,0.0],[-73.27678106110999,10.458117697342779,0.0],[-73.2779010698086,10.458109897659886,0.0],[-73.27770002639116,10.458615798195611,0.0],[-73.27704752336874,10.458616780629145,0.0],[-73.2757056266862,10.458763813672707,0.0],[-73.27581539432887,10.45818051993575,0.0]]]}},
{"type":"Feature","properties":{"NOMBRE":"FLORES DE MARIA"},"geometry":{"type":"Polygon","coordinates":[[[-73.28480042984455,10.457114336618066,0.0],[-73.28585945792027,10.456799168034038,0.0],[-73.28661940956448,10.457494158428483,0.0],[-73.28577107292828,10.458513578268276,0.0],[-73.28552278561331,10.458749094473722,0.0],[-73.28531132283524,10.458905280188892,0.0],[-73.28480042984455,10.457114336618066,0.0]]]}},
{"type":"Feature","properties":{"NOMBRE":null},"geometry":{"type":"Polygon","coordinates":[[[-73.27752173076665,10.45906578523887,0.0],[-73.2779283199502,10.458044660124388,0.0],[-73.27793974531468,10.456991574939694,0.0],[-73.27857748857014,10.456648521579263,0.0],[-73.2775932210542,10.459062876574315,0.0],[-73.27752173076665,10.45906578523887,0.0]]]}},
{"type":"Feature","properties":{"NOMBRE":"MARUAMAKE"},"geometry":{"type":"Polygon","coordinates":[[[-73.27515876475242,10.45923034169116,0.0],[-73.27474355675938,10.459177965517846,0.0],[-73.27439072300308,10.459173670780862,0.0],[-73.27440701975591,10.459121929661842,0.0],[-73.27439195706937,10.458748371644118,0.0],[-73.27392220671439,10.458743062353873,0.0],[-73.27388843910283,10.458024072836686,0.0],[-73.27594415082221,10.457835402123813,0.0],[-73.27592268612634,10.45792767689105,0.0],[-73.27581523830771,10.458180459880353,0.0],[-73.27561434915819,10.4592479439687,0.0],[-73.27515876475242,10.45923034169116,0.0]]]}},
{"type":"Feature","properties":{"NOMBRE":"LOS GIRASOLES"},"geometry":{"type":"Polygon","coordinates":[[[-73.28278923743547,10.456676519492158,0.0],[-73.28453608396681,10.45618766299803,0.0],[-73.28531132283524,10.458905280188892,0.0],[-73.28497756217061,10.45906901293734,0.0],[-73.28462452856527,10.45918666085021,0.0],[-73.28350191831501,10.45940916837368,0.0],[-73.28278923743547,10.456676519492158,0.0]]]}},
{"type":"Feature","properties":{"NOMBRE":"CIUDADELA"},"geometry":{"type":"Polygon","coordinates":[[[-73.2821244230078,10.45978430006578,0.0],[-73.28121272411026,10.45639757672979,0.0],[-73.28261812232465,10.456030156160242,0.0],[-73.28350191831501,10.45940916837368,0.0],[-73.28244175826941,10.459616161442485,0.0],[-73.28230808169023,10.459670606150992,0.0],[-73.2821244230078,10.45978430006578,0.0]]]}},
{"type":"Feature","properties":{"NOMBRE":"29"},"geometry":{"type":"Polygon","coordinates":[[[-73.22555065535629,10.459686122869059,0.0],[-73.22541995174623,10.458440435167923,0.0],[-73.22548057015709,10.45840083123136,0.0],[-73.22544245253187,10.458328959087686,0.0],[-73.22539860541988,10.458290048683667,0.0],[-73.22849581263598,10.456252170856686,0.0],[-73.22896751110119,10.456966880187295,0.0],[-73.22720115420528,10.458125702891582,0.0],[-73.22745497368763,10.458499542097778,0.0],[-73.22565645155831,10.45967554517916,0.0],[-73.22555065535629,10.459686122869059,0.0]]]}},
{"type":"Feature","properties":{"NOMBRE":null},"geometry":{"type":"Polygon","coordinates":[[[-73.24194405470524,10.459831035841495,0.0],[-73.24235719156812,10.459799776598318,0.0],[-73.24237034402692,10.460025573693907,0.0],[-73.24194626751148,10.46004958779099,0.0],[-73.24194405470524,10.459831035841495,0.0]]]}},
{"type":"Feature","properties":{"NOMBRE":"12"},"geometry":{"type":"Polygon","coordinates":[[[-73.24141223132216,10.459641190751418,0.0],[-73.24193357806023,10.459616681048907,0.0],[-73.24194629590632,10.460038973277753,0.0],[-73.24143419581011,10.460081510854845,0.0],[-73.24141223132216,10.459641190751418,0.0]]]}},
{"type":"Feature","properties":{"NOMBRE":"LOS CACIQUES"},"geometry":{"type":"Polygon","coordinates":[[[-73.25490980177281,10.459795228204463,0.0],[-73.2550391581159,10.459562043328244,0.0],[-73.25576035040872,10.459954413482256,0.0],[-73.25563279712145,10.460170992639151,0.0],[-73.25490980177281,10.459795228204463,0.0]]]}},
{"type":"Feature","properties":{"NOMBRE":"VILLA ALGENIA"},"geometry":{"type":"Polygon","coordinates":[[[-73.27493976187208,10.460092578111723,0.0],[-73.27447971380468,10.4598544070653,0.0],[-73.27433086772987,10.45986267244295,0.0],[-73.27429891637998,10.45976077774384,0.0],[-73.27439072300308,10.459173670780862,0.0],[-73.27474355675938,10.459177965517846,0.0],[-73.27515876475242,10.45923034169116,0.0],[-73.27561434915819,10.4592479439687,0.0],[-73.27551941414934,10.459627234162198,0.0],[-73.27544099992507,10.460285659152428,0.0],[-73.27493976187208,10.460092578111723,0.0]]]}},
{"type":"Feature","properties":{"NOMBRE":"GRANJA ALDEBARAN"},"geometry":{"type":"Polygon","coordinates":[[[-73.27831605850103,10.46029657990187,1.819e-12],[-73.2783884358775,10.459904282667834,1.819e-12],[-73.27723737177298,10.459815722569713,1.819e-12],[-73.27724130481579,10.459771437396974,1.819e-12],[-73.27752173029276,10.459065785159101,1.819e-12],[-73.27759322041831,10.459062876369664,1.819e-12],[-73.27857748778379,10.456648522311772,1.819e-12],[-73.27793974473376,10.45699157486231,1.819e-12],[-73.2779432010464,10.456673023914375,1.819e-12],[-73.27876806618401,10.45622931242398,1.819e-12],[-73.27891477756879,10.45587457933901,1.819e-12],[-73.27900783618725,10.455865612994447,1.819e-12],[-73.27910095830629,10.455631076868977,1.819e-12],[-73.2790755387888,10.455508248219841,45.3195500000038],[-73.27921747381663,10.455494394809424,45.3195500000038],[-73.2793350841395,10.455940136031074,1.819e-12],[-73.28038973953467,10.455379986906587,45.3195500000038],[-73.28056186031714,10.455363186938568,90.63910000000124],[-73.28048851294402,10.45564481138582,1.819e-12],[-73.27931568539678,10.456262026683632,1.819e-12],[-73.27920582631789,10.4569418271192,1.819e-12],[-73.27900576506403,10.458008290589415,1.819e-12],[-73.27986221659921,10.458111857891662,1.819e-12],[-73.27951060745094,10.459564376907064,1.819e-12],[-73.27831605850103,10.46029657990187,1.819e-12]]]}},
{"type":"Feature","properties":{"NOMBRE":"62"},"geometry":{"type":"Polygon","coordinates":[[[-73.28124084315566,10.460101449190871,0.0],[-73.2810134270421,10.459707987146535,0.0],[-73.28027998735375,10.458412396386219,0.0],[-73.28077736697882,10.45828392897678,0.0],[-73.28079704035324,10.458308348745515,0.0],[-73.28105087594028,10.459362889239433,0.0],[-73.28139884006636,10.460342505268043,0.0],[-73.28137252975723,10.460362765740488,0.0],[-73.28124084315566,10.460101449190871,0.0]]]}},
{"type":"Feature","properties":{"NOMBRE":"SANTA ROSA"},"geometry":{"type":"Polygon","coordinates":[[[-73.23811166553648,10.460285996782236,0.0],[-73.23779235697762,10.46016480561202,0.0],[-73.2363009077891,10.458807090977395,0.0],[-73.23546256469322,10.45801676174971,0.0],[-73.23656804301731,10.457378074637253,0.0],[-73.23673242051684,10.457722897753875,0.0],[-73.23807987715853,10.457035348309766,0.0],[-73.23838867844256,10.457487254707399,0.0],[-73.23871619889229,10.45786558189876,0.0],[-73.23891784772032,10.458046857467737,0.0],[-73.23978372548872,10.457564024550024,0.0],[-73.24028585933739,10.457319337852455,0.0],[-73.24126768302192,10.457230005405487,0.0],[-73.24133401592567,10.45823075114791,0.0],[-73.24300185547072,10.458089162733389,0.0],[-73.24309238626327,10.459984685161965,0.0],[-73.24237034402692,10.460025573693907,0.0],[-73.24235719156812,10.459799776598318,0.0],[-73.24194405470524,10.459831035841495,0.0],[-73.24193354966611,10.459627295562392,0.0],[-73.24141220291025,10.459651805263467,0.0],[-73.24143416739774,10.460092125366664,0.0],[-73.23986759116814,10.460222238931275,0.0],[-73.23821947603875,10.460298395737896,0.0],[-73.23811166553648,10.460285996782236,0.0]]]}},
{"type":"Feature","properties":{"NOMBRE":null},"geometry":{"type":"Polygon","coordinates":[[[-73.27542671469836,10.460406983449053,0.0],[-73.27551957108443,10.459627294220082,0.0],[-73.27561451901627,10.459247950723796,0.0],[-73.2757056266862,10.458763813672707,0.0],[-73.27704752336874,10.458616780629145,0.0],[-73.27770002639116,10.458615798195611,0.0],[-73.27724130536946,10.459771437319805,0.0],[-73.27718230529412,10.460434504880583,0.0],[-73.2757962699006,10.46062336288069,0.0],[-73.27542671469836,10.460406983449053,0.0]]]}},
{"type":"Feature","properties":{"NOMBRE":"11"},"geometry":{"type":"Polygon","coordinates":[[[-73.24097045970224,10.460506290327258,0.0],[-73.2409406718158,10.460508501944767,0.0],[-73.24093244611103,10.460400248699445,0.0],[-73.2405817628291,10.460434284287892,0.0],[-73.24055804190665,10.460164897609738,0.0],[-73.24194626751148,10.46004958779099,0.0],[-73.24197676136247,10.46043009403084,0.0],[-73.24128588894087,10.460483714706552,0.0],[-73.24130468615743,10.460733239779646,0.0],[-73.24098796328828,10.46075279723375,0.0],[-73.24097045970224,10.460506290327258,0.0]]]}},
{"type":"Feature","properties":{"NOMBRE":"CAÑAVERAL"},"geometry":{"type":"Polygon","coordinates":[[[-73.2554729472411,10.460442407211177,0.0],[-73.25577943884052,10.459922004275818,0.0],[-73.25588000742401,10.460001229064943,0.0],[-73.25589776471055,10.459966907208802,0.0],[-73.25602957188316,10.460097258553942,0.0],[-73.2560688057179,10.46005836724701,0.0],[-73.25614292590129,10.460141434446031,0.0],[-73.25635520264537,10.460260094747332,0.0],[-73.25600710406819,10.460882891855949,0.0],[-73.2554729472411,10.460442407211177,0.0]]]}},
{"type":"Feature","properties":{"NOMBRE":null},"geometry":{"type":"Polygon","coordinates":[[[-73.27713026440554,10.461021627815981,0.0],[-73.27723737153023,10.459815722821594,0.0],[-73.27838843724543,10.459904282617417,0.0],[-73.27831605913182,10.46029658001381,0.0],[-73.27713026440554,10.461021627815981,0.0]]]}},
{"type":"Feature","properties":{"NOMBRE":"LOS MAYALES"},"geometry":{"type":"Polygon","coordinates":[[[-73.22705435899739,10.460664195564247,0.0],[-73.22634409813334,10.460213199196373,0.0],[-73.2259686440027,10.459896212606322,0.0],[-73.22577315044909,10.459604443729532,0.0],[-73.22745497368763,10.458499542097778,0.0],[-73.22720115420528,10.458125702891582,0.0],[-73.22987835560033,10.45636931275168,0.0],[-73.22963634033648,10.456016469951608,0.0],[-73.23054095534049,10.4554167195991,0.0],[-73.23028252857324,10.455042171676931,0.0],[-73.23091784161822,10.454635020160636,0.0],[-73.23068031433598,10.454283807255225,0.0],[-73.23146355904355,10.453756520681639,0.0],[-73.23158723830748,10.45392365156758,0.0],[-73.23240565803047,10.455185878419101,0.0],[-73.23267677453725,10.455684229290501,0.0],[-73.23277642038612,10.455836736671476,0.0],[-73.23293199369317,10.456023288595219,0.0],[-73.23319283505057,10.456244934958773,0.0],[-73.23177153243141,10.45721310254336,0.0],[-73.23256909864968,10.458187406901308,0.0],[-73.22895389956372,10.460703554948676,0.0],[-73.22871231787485,10.460826658139938,0.0],[-73.22774613689636,10.461080215185488,0.0],[-73.22705435899739,10.460664195564247,0.0]]]}},
{"type":"Feature","properties":{"NOMBRE":"LIMONAR"},"geometry":{"type":"Polygon","coordinates":[[[-73.27471522006292,10.461666190788044,0.0],[-73.27422228649527,10.46019314680705,0.0],[-73.2744152624685,10.460131811120412,0.0],[-73.27433088856154,10.45986274029443,0.0],[-73.27447983328952,10.459854468837335,0.0],[-73.2749396058502,10.460092518055847,0.0],[-73.27544115594715,10.460285719208068,0.0],[-73.27542671469836,10.460406983449053,0.0],[-73.27518510496128,10.46145912234463,0.0],[-73.27513552640406,10.461526726958489,0.0],[-73.27503056235425,10.461601870607234,0.0],[-73.27486796778038,10.461651171488388,0.0],[-73.27471522006292,10.461666190788044,0.0]]]}},
{"type":"Feature","properties":{"NOMBRE":"VILLAS DE CATALINA IV"},"geometry":{"type":"Polygon","coordinates":[[[-73.27907717299841,10.46171690316989,0.0],[-73.2795106072067,10.4595643770433,0.0],[-73.27993731847629,10.457825919845043,0.0],[-73.28124084315566,10.460101449190871,0.0],[-73.28137252975723,10.460362765740488,0.0],[-73.28047222395415,10.461056043639072,0.0],[-73.2803009682012,10.461168414127076,0.0],[-73.28011804490909,10.461261036644473,0.0],[-73.27907717299841,10.46171690316989,0.0]]]}},
{"type":"Feature","properties":{"NOMBRE":"LAS ACACIAS"},"geometry":{"type":"Polygon","coordinates":[[[-73.27534432727926,10.461412015820498,0.0],[-73.27518518094011,10.461459054736851,0.0],[-73.27542671469836,10.460406983449053,0.0],[-73.2757962699006,10.46062336288069,0.0],[-73.27718230529412,10.460434504880583,0.0],[-73.27713015097922,10.461021696234235,0.0],[-73.27711789716955,10.461331339829792,0.0],[-73.27546766905833,10.461820831464127,0.0],[-73.27534432727926,10.461412015820498,0.0]]]}},
{"type":"Feature","properties":{"NOMBRE":"SUBESTACIÓN ELÉCTRICA"},"geometry":{"type":"Polygon","coordinates":[[[-73.27400165786183,10.461481843778659,0.0],[-73.27156803427954,10.45828047761899,0.0],[-73.2709958154223,10.45751893497395,0.0],[-73.27137891427505,10.457402360104524,0.0],[-73.27389315622192,10.456719561408141,0.0],[-73.27388828308219,10.458024012780378,0.0],[-73.27392205328213,10.458743061063217,0.0],[-73.2743918036371,10.458748370353687,0.0],[-73.27440686282131,10.459121869603445,0.0],[-73.27429875944509,10.45976071768537,0.0],[-73.2744152624685,10.460131811120412,0.0],[-73.27422228649527,10.46019314680705,0.0],[-73.27471522006292,10.461666190788044,0.0],[-73.27461046889168,10.46168085811928,0.0],[-73.27443322912491,10.461734452883476,0.0],[-73.27406277272297,10.461948878814315,0.0],[-73.27400165786183,10.461481843778659,0.0]]]}},
{"type":"Feature","properties":{"NOMBRE":"14"},"geometry":{"type":"Polygon","coordinates":[[[-73.23598699785855,10.462086682060184,0.0],[-73.23572146812026,10.46182033157225,0.0],[-73.23509803600687,10.460664747428043,0.0],[-73.23473385970563,10.459871325101142,0.0],[-73.2363009077891,10.458807090977395,0.0],[-73.23765989494534,10.460040553748868,0.0],[-73.23760765491532,10.460096941025926,0.0],[-73.23724481469765,10.460318797641063,0.0],[-73.23709687847649,10.460472977220055,0.0],[-73.2366453252695,10.461106391287093,0.0],[-73.23598699785855,10.462086682060184,0.0]]]}},
{"type":"Feature","properties":{"NOMBRE":"VILLA CORELCA"},"geometry":{"type":"Polygon","coordinates":[[[-73.26879999397258,10.462339059273313,0.0],[-73.26833711508215,10.461889702252115,0.0],[-73.26687086373714,10.460627292627136,0.0],[-73.26756408968528,10.459852419146102,0.0],[-73.26717501336341,10.459618102004809,0.0],[-73.26770789402788,10.458701725480495,0.0],[-73.26821457432229,10.458049038044274,0.0],[-73.26797689230776,10.45788311298553,0.0],[-73.26806395557315,10.457804895174363,0.0],[-73.26919907945691,10.457587244422657,0.0],[-73.27000832243596,10.457490335246588,0.0],[-73.2699104734593,10.457584863150027,0.0],[-73.26991621421726,10.457990568455825,0.0],[-73.26984994158263,10.458217235963126,0.0],[-73.26988811310885,10.458575829908526,0.0],[-73.27010622225602,10.458824992820984,0.0],[-73.2705675277262,10.459155967181026,0.0],[-73.27068649755974,10.458990607397208,0.0],[-73.2707376394099,10.459027971077399,0.0],[-73.2707579218975,10.459001185764583,0.0],[-73.27081669567,10.459044792685926,0.0],[-73.27101625892972,10.458779410816415,0.0],[-73.27098764083064,10.45875840121209,0.0],[-73.2710408370734,10.45869338367891,0.0],[-73.27106705616332,10.458712882074309,0.0],[-73.27114660022957,10.458604036305356,0.0],[-73.27136792461589,10.458762508730336,0.0],[-73.27123990868353,10.459075161304634,0.0],[-73.27119468737885,10.459143729100377,0.0],[-73.27131537441977,10.459233320973617,0.0],[-73.27123693880128,10.45937833082544,0.0],[-73.27120777856584,10.45958678315752,0.0],[-73.27116841645717,10.459681727798445,0.0],[-73.27023990961824,10.460831754005616,0.0],[-73.26988161281336,10.461197250903112,0.0],[-73.26959785660321,10.461459156899103,0.0],[-73.26911520606949,10.462068048485644,0.0],[-73.26879999397258,10.462339059273313,0.0]]]}},
{"type":"Feature","properties":{"NOMBRE":"UNIVERSIDAD ANTONIO NARIÑO"},"geometry":{"type":"Polygon","coordinates":[[[-73.27708653634286,10.46179187326772,0.0],[-73.27713013651217,10.461023064834485,0.0],[-73.27811778783735,10.460429451819376,0.0],[-73.2795106072067,10.4595643770433,0.0],[-73.27907717299841,10.46171690316989,0.0],[-73.27815665848625,10.462090516685029,0.0],[-73.27724279200633,10.462426273333497,0.0],[-73.27708653634286,10.46179187326772,0.0]]]}},
{"type":"Feature","properties":{"NOMBRE":"(VILLA OLIMPICA)"},"geometry":{"type":"Polygon","coordinates":[[[-73.27107343571153,10.461519081250767,0.0],[-73.27095931587607,10.46094627026215,0.0],[-73.2709272204265,10.460866980009538,0.0],[-73.27084634802625,10.460767416494303,0.0],[-73.27050822763209,10.460505629796758,0.0],[-73.27116841645717,10.459681727798445,0.0],[-73.27122215133699,10.45952697472538,0.0],[-73.27123693880128,10.45937833082544,0.0],[-73.27131537441977,10.459233320973617,0.0],[-73.27119468737885,10.459143729100377,0.0],[-73.27123990868353,10.459075161304634,0.0],[-73.27136792461589,10.458762508730336,0.0],[-73.27114660022957,10.458604036305356,0.0],[-73.27106705616332,10.458712882074309,0.0],[-73.2710408370734,10.45869338367891,0.0],[-73.27098764083064,10.45875840121209,0.0],[-73.27101625892972,10.458779410816415,0.0],[-73.27081669567,10.459044792685926,0.0],[-73.2707579218975,10.459001185764583,0.0],[-73.2707376394099,10.459027971077399,0.0],[-73.27068649755974,10.458990607397208,0.0],[-73.2705675277262,10.459155967181026,0.0],[-73.27010622225602,10.458824992820984,0.0],[-73.26988811310885,10.458575829908526,0.0],[-73.26984994158263,10.458217235963126,0.0],[-73.26991621421726,10.457990568455825,0.0],[-73.2699104734593,10.457584863150027,0.0],[-73.27000832243596,10.457490335246588,0.0],[-73.27047315637476,10.45742865055323,0.0],[-73.2709508951101,10.457458252490099,0.0],[-73.27400165786183,10.461481843778659,0.0],[-73.27406277272297,10.461948878814315,0.0],[-73.27376346004726,10.462130470083697,0.0],[-73.27345539948945,10.462198471175657,0.0],[-73.2729378658565,10.46222217862337,0.0],[-73.27203294529843,10.462302868355968,0.0],[-73.27129103192034,10.462451651945447,0.0],[-73.27107343571153,10.461519081250767,0.0]]]}},
{"type":"Feature","properties":{"NOMBRE":"MERCADO EL CERRITO"},"geometry":{"type":"Polygon","coordinates":[[[-73.27570268305361,10.462506154714452,0.0],[-73.27473889161195,10.462398715498942,0.0],[-73.27406277272297,10.461948878814315,0.0],[-73.27443322912491,10.461734452883476,0.0],[-73.27461046889168,10.46168085811928,0.0],[-73.27482373151024,10.461658211543414,0.0],[-73.27497076814521,10.46162688797326,0.0],[-73.2751013497106,10.461556400177267,0.0],[-73.27518518094011,10.461459054736851,0.0],[-73.27534432727926,10.461412015820498,0.0],[-73.27546766905833,10.461820831464127,0.0],[-73.2756346527242,10.46177130085723,0.0],[-73.27570268305361,10.462506154714452,0.0]]]}},
{"type":"Feature","properties":{"NOMBRE":null},"geometry":{"type":"Polygon","coordinates":[[[-73.27580157372843,10.462518519586705,0.0],[-73.27473889161195,10.462398715498942,0.0],[-73.27570268305361,10.462506154714452,0.0],[-73.2756346527242,10.46177130085723,0.0],[-73.27711789716955,10.461331339829792,0.0],[-73.27708653634286,10.46179187326772,0.0],[-73.27724279200633,10.462426273333497,0.0],[-73.27735594342745,10.462389401709501,0.0],[-73.27721667731561,10.462434895989563,0.0],[-73.27712244617094,10.462457513994673,0.0],[-73.276930749908,10.46248595837245,0.0],[-73.2760003771066,10.462524391933046,0.0],[-73.27580157372843,10.462518519586705,0.0]]]}},
{"type":"Feature","properties":{"NOMBRE":"VILLA OLIMPICA"},"geometry":{"type":"Polygon","coordinates":[[[-73.27078724449964,10.461748735209955,0.0],[-73.27107038550349,10.461503770861594,0.0],[-73.27129103192034,10.462451651945447,0.0],[-73.27101727937102,10.462541606614687,0.0],[-73.27078724449964,10.461748735209955,0.0]]]}},
{"type":"Feature","properties":{"NOMBRE":"SAN FRANCISCO DE ASIS"},"geometry":{"type":"Polygon","coordinates":[[[-73.23451590665559,10.462529153206978,0.0],[-73.23352460696357,10.461564366747753,0.0],[-73.23509803600687,10.460664747428043,0.0],[-73.23572146812026,10.46182033157225,0.0],[-73.23451590665559,10.462529153206978,0.0]]]}},
{"type":"Feature","properties":{"NOMBRE":null},"geometry":{"type":"Polygon","coordinates":[[[-73.27077466313344,10.462630348666838,1.819e-12],[-73.27023990872364,10.4608317538259,1.819e-12],[-73.27050822799697,10.46050562991685,1.819e-12],[-73.27084634837092,10.460767417183751,1.819e-12],[-73.27092721905848,10.460866980793526,1.819e-12],[-73.27095931637284,10.460946271114414,1.819e-12],[-73.27107038588045,10.461503770789266,1.819e-12],[-73.27078724496586,10.461748736153067,1.819e-12],[-73.27101727937833,10.462541607393325,1.819e-12],[-73.27077466313344,10.462630348666838,1.819e-12]]]}},
{"type":"Feature","properties":{"NOMBRE":null},"geometry":{"type":"Polygon","coordinates":[[[-73.27048787161294,10.462751056277186,0.0],[-73.26945816012334,10.461629155289295,0.0],[-73.26959785660321,10.461459156899103,0.0],[-73.26988161281336,10.461197250903112,0.0],[-73.27023990961824,10.460831754005616,0.0],[-73.2707746629848,10.462630348045865,0.0],[-73.27048787161294,10.462751056277186,0.0]]]}},
{"type":"Feature","properties":{"NOMBRE":"LA FLORESTA"},"geometry":{"type":"Polygon","coordinates":[[[-73.2689140543523,10.462510852735475,0.0],[-73.2688612364232,10.462399009658743,0.0],[-73.26879999397258,10.462339059273313,0.0],[-73.26911520606949,10.462068048485644,0.0],[-73.26945811981146,10.461629204002332,0.0],[-73.27048787161294,10.462751056277186,0.0],[-73.26948215577156,10.463181460459916,0.0],[-73.2689140543523,10.462510852735475,0.0]]]}},
{"type":"Feature","properties":{"NOMBRE":"SANTA"},"geometry":{"type":"Polygon","coordinates":[[[-73.23612030564875,10.46312648522855,0.0],[-73.23602071732117,10.46211985668408,0.0],[-73.23598699785855,10.462086682060184,0.0],[-73.23692218419106,10.46071196524205,0.0],[-73.23709687847649,10.460472977220055,0.0],[-73.23724481469765,10.460318797641063,0.0],[-73.23760765491532,10.460096941025926,0.0],[-73.23765989494534,10.460040553748868,0.0],[-73.23779235697762,10.46016480561202,0.0],[-73.23811166553648,10.460285996782236,0.0],[-73.23821947603875,10.460298395737896,0.0],[-73.2391760150395,10.460250679180886,0.0],[-73.23894919357245,10.460497884137498,0.0],[-73.23857716882114,10.460868241891488,0.0],[-73.23727882266341,10.461988612757311,0.0],[-73.23691584132618,10.462441787488851,0.0],[-73.23629710478443,10.462949076967929,0.0],[-73.23612030564875,10.46312648522855,0.0]]]}},
{"type":"Feature","properties":{"NOMBRE":"CINCO DE"},"geometry":{"type":"Polygon","coordinates":[[[-73.23954986621226,10.46346065238529,0.0],[-73.23944068640523,10.462246997607398,0.0],[-73.24009899040254,10.462188980098865,0.0],[-73.239983105342,10.46152685887654,0.0],[-73.23986759116814,10.460222238931275,0.0],[-73.24055804190665,10.460164897609738,0.0],[-73.2405817628291,10.460434284287892,0.0],[-73.24093244611103,10.460400248699445,0.0],[-73.2409406718158,10.460508501944767,0.0],[-73.24097045970224,10.460506290327258,0.0],[-73.24098796328828,10.46075279723375,0.0],[-73.24130468615743,10.460733239779646,0.0],[-73.24128588894087,10.460483714706552,0.0],[-73.24197676136247,10.46043009403084,0.0],[-73.24211052141057,10.462047777304274,0.0],[-73.24142855782623,10.462103309778895,0.0],[-73.24152425779492,10.463335311528626,0.0],[-73.23954986621226,10.46346065238529,0.0]]]}},
{"type":"Feature","properties":{"NOMBRE":"MIRADOR"},"geometry":{"type":"Polygon","coordinates":[[[-73.2682769825877,10.463296569177977,0.0],[-73.26900933170977,10.462623681274547,0.0],[-73.26948215577156,10.463181460459916,0.0],[-73.26853471006683,10.463578312208025,0.0],[-73.2682769825877,10.463296569177977,0.0]]]}},
{"type":"Feature","properties":{"NOMBRE":"15"},"geometry":{"type":"Polygon","coordinates":[[[-73.23561141224208,10.463601678092045,0.0],[-73.23451590665559,10.462529153206978,0.0],[-73.23572146812026,10.46182033157225,0.0],[-73.23602071732117,10.46211985668408,0.0],[-73.23612030564875,10.46312648522855,0.0],[-73.23561141224208,10.463601678092045,0.0]]]}},
{"type":"Feature","properties":{"NOMBRE":"SAN MARINO"},"geometry":{"type":"Polygon","coordinates":[[[-73.25532139329363,10.463567844266498,0.0],[-73.25598669398411,10.4623596477659,0.0],[-73.25648983268219,10.462948235459008,0.0],[-73.25671888025411,10.463265844885624,0.0],[-73.25561437886242,10.463967266149941,0.0],[-73.25532139329363,10.463567844266498,0.0]]]}},
{"type":"Feature","properties":{"NOMBRE":"SIMON BOLIVAR"},"geometry":{"type":"Polygon","coordinates":[[[-73.24608269783037,10.452176049349948,0.0],[-73.24828998995025,10.456359228522352,0.0],[-73.25207985815109,10.463626440935597,0.0],[-73.24699100551189,10.464000783856303,0.0],[-73.24608269783037,10.452176049349948,0.0]]]}},
{"type":"Feature","properties":{"NOMBRE":"EL CERRITO"},"geometry":{"type":"Polygon","coordinates":[[[-73.26662907867673,10.462889973080575,0.0],[-73.26581241982251,10.461684964689834,0.0],[-73.26641210788647,10.461124844364464,0.0],[-73.26687086373714,10.460627292627136,0.0],[-73.26833711508215,10.461889702252115,0.0],[-73.26853008289282,10.462074844584258,0.0],[-73.2688612364232,10.462399009658743,0.0],[-73.2689140543523,10.462510852735475,0.0],[-73.26948215577156,10.463181460459916,0.0],[-73.26900933170977,10.462623681274547,0.0],[-73.2682769825877,10.463296569177977,0.0],[-73.26853471006683,10.463578312208025,0.0],[-73.26739865905887,10.464067574201033,0.0],[-73.26662907867673,10.462889973080575,0.0]]]}},
{"type":"Feature","properties":{"NOMBRE":"31"},"geometry":{"type":"Polygon","coordinates":[[[-73.28054932283092,10.463917741948801,0.0],[-73.28183921944606,10.463342616764754,0.0],[-73.28071386133351,10.460869971457079,0.0],[-73.28167309447583,10.460131315045846,0.0],[-73.28290082746175,10.462834477447615,0.0],[-73.28267979263578,10.462935760621265,0.0],[-73.28278674239513,10.46316440545777,0.0],[-73.28064453870438,10.4641256287191,0.0],[-73.28054932283092,10.463917741948801,0.0]]]}},
{"type":"Feature","properties":{"NOMBRE":"DON ALBERTO  VII ETAPA"},"geometry":{"type":"Polygon","coordinates":[[[-73.28325535922808,10.46416628585977,0.0],[-73.28267979263578,10.462935760621265,0.0],[-73.28493054961375,10.461904402515332,0.0],[-73.28504688603358,10.463345171541972,0.0],[-73.28325535922808,10.46416628585977,0.0]]]}},
{"type":"Feature","properties":{"NOMBRE":"DOCE DE OCTUBRE"},"geometry":{"type":"Polygon","coordinates":[[[-73.24324083026526,10.463404518837478,0.0],[-73.24285655578005,10.4548597164949,0.0],[-73.24244783009108,10.446458671954572,0.0],[-73.24260690443003,10.44594063794825,0.0],[-73.24308222340869,10.446423857942966,0.0],[-73.24608269783037,10.452176049349948,0.0],[-73.24699100551189,10.464000783856303,0.0],[-73.24329118986633,10.464269225113776,0.0],[-73.24324083026526,10.463404518837478,0.0]]]}},
{"type":"Feature","properties":{"NOMBRE":"DON LUCAS II"},"geometry":{"type":"Polygon","coordinates":[[[-73.2339874831677,10.463497785900387,0.0],[-73.23377666806184,10.463328721009837,0.0],[-73.23459388717869,10.462605497883374,0.0],[-73.23561141224208,10.463601678092045,0.0],[-73.23486750993263,10.4642906551574,0.0],[-73.2339874831677,10.463497785900387,0.0]]]}},
{"type":"Feature","properties":{"NOMBRE":"PORTAL"},"geometry":{"type":"Polygon","coordinates":[[[-73.26649404583418,10.464474660208648,0.0],[-73.26608004093642,10.46374917204191,0.0],[-73.26591352338072,10.463840590190655,0.0],[-73.26583471469665,10.463705370349865,0.0],[-73.26585329362206,10.46369476239644,0.0],[-73.26572948968557,10.463509903146976,0.0],[-73.26662907867673,10.462889973080575,0.0],[-73.26739865905887,10.464067574201033,0.0],[-73.26649404583418,10.464474660208648,0.0]]]}},
{"type":"Feature","properties":{"NOMBRE":"DON ALBERTO I ETAPA"},"geometry":{"type":"Polygon","coordinates":[[[-73.27919040380225,10.464534234115227,0.0],[-73.27850429350333,10.462881588005354,0.0],[-73.27815665848625,10.462090516685029,0.0],[-73.27896157199761,10.461767532512049,0.0],[-73.28021082345964,10.46121727251515,0.0],[-73.28038819378781,10.461114613542675,0.0],[-73.28071386133351,10.460869971457079,0.0],[-73.28183790976924,10.46333973881344,0.0],[-73.27919040380225,10.464534234115227,0.0]]]}},
{"type":"Feature","properties":{"NOMBRE":"PABLO VI"},"geometry":{"type":"Polygon","coordinates":[[[-73.24978846482911,10.464506880044205,0.0],[-73.24974081175591,10.463798515012902,0.0],[-73.25113242296233,10.463696141654692,0.0],[-73.25115156862,10.464404327032964,0.0],[-73.24978846482911,10.464506880044205,0.0]]]}},
{"type":"Feature","properties":{"NOMBRE":"SAN JORGE"},"geometry":{"type":"Polygon","coordinates":[[[-73.23954986621226,10.46346065238529,0.0],[-73.24152425779492,10.463335311528626,0.0],[-73.24142855782623,10.462103309778895,0.0],[-73.24211052141057,10.462047777304274,0.0],[-73.24194626751148,10.46004958779099,0.0],[-73.24309212045263,10.459984699833957,0.0],[-73.24324083026526,10.463404518837478,0.0],[-73.24329118986633,10.464269225113776,0.0],[-73.24032903175495,10.464489484706432,0.0],[-73.23964094391744,10.464553390281115,0.0],[-73.23954986621226,10.46346065238529,0.0]]]}},
{"type":"Feature","properties":{"NOMBRE":"VILLA DEL"},"geometry":{"type":"Polygon","coordinates":[[[-73.22944962524265,10.464631000277638,0.0],[-73.22868298286141,10.463656371692982,0.0],[-73.22772010621314,10.462475012378995,0.0],[-73.22730640196686,10.461937779734606,0.0],[-73.2268716349363,10.46147857230659,0.0],[-73.22689943929878,10.461452522484214,0.0],[-73.22624439538059,10.460793743206088,0.0],[-73.22601157102461,10.460606735995285,0.0],[-73.22634199349693,10.460212002136702,0.0],[-73.22705435899739,10.460664195564247,0.0],[-73.22774613689636,10.461080215185488,0.0],[-73.22871231787485,10.460826658139938,0.0],[-73.22895389956372,10.460703554948676,0.0],[-73.23256909864968,10.458187406901308,0.0],[-73.23423959389442,10.457045746292632,0.0],[-73.23505536898067,10.457680011949655,0.0],[-73.23546256469322,10.45801676174971,0.0],[-73.2363009077891,10.458807090977395,0.0],[-73.23473385970563,10.459871325101142,0.0],[-73.23509803600687,10.460664747428043,0.0],[-73.23352460696357,10.461564366747753,0.0],[-73.23202998623378,10.46238899918648,0.0],[-73.23159657661702,10.462685011978747,0.0],[-73.23065785354045,10.463128241561893,0.0],[-73.23053942766094,10.463006899724173,0.0],[-73.23033216172462,10.46313694194561,0.0],[-73.23055142468662,10.463523158578598,0.0],[-73.23021479721757,10.463741264953253,0.0],[-73.23038439337913,10.463960226909487,0.0],[-73.22944962524265,10.464631000277638,0.0]]]}},
{"type":"Feature","properties":{"NOMBRE":"FUNDADORES"},"geometry":{"type":"Polygon","coordinates":[[[-73.2655700730513,10.46490190904555,0.0],[-73.26549583815253,10.464760039311885,0.0],[-73.26488392980015,10.46409243291404,0.0],[-73.26478391161407,10.464165934870286,0.0],[-73.26439273076527,10.463659536617996,0.0],[-73.26392812680778,10.46313911688466,0.0],[-73.26385863827278,10.463119363726703,0.0],[-73.26356383711979,10.462726428332754,0.0],[-73.26371206236135,10.462482361317358,0.0],[-73.2632206842176,10.462164569133103,0.0],[-73.26082287041314,10.46085031979454,0.0],[-73.25970171487715,10.460315135923402,0.0],[-73.25580377367118,10.458193371650456,0.0],[-73.25855995463924,10.453217502984456,0.0],[-73.25981373427845,10.453890849557453,0.0],[-73.2601328984913,10.453335400934854,0.0],[-73.26061155455997,10.453591929250267,0.0],[-73.26029913296411,10.454152195814759,0.0],[-73.26169569321482,10.454929634365271,0.0],[-73.26267998745591,10.453251470383039,0.0],[-73.26449754908333,10.454870907498295,0.0],[-73.2652978084711,10.455534174180993,0.0],[-73.26535100502345,10.455643530011946,0.0],[-73.26585100413824,10.456026217591655,0.0],[-73.26565199407872,10.456394893147905,0.0],[-73.26639057278308,10.456805194685321,0.0],[-73.26700771747018,10.457199610376827,0.0],[-73.26821457432229,10.458049038044274,0.0],[-73.26770789402788,10.458701725480495,0.0],[-73.26717501336341,10.459618102004809,0.0],[-73.26756408968528,10.459852419146102,0.0],[-73.26641210788647,10.461124844364464,0.0],[-73.26581241982251,10.461684964689834,0.0],[-73.26662907867673,10.462889973080575,0.0],[-73.26572948968557,10.463509903146976,0.0],[-73.26585329362206,10.46369476239644,0.0],[-73.26583471469665,10.463705370349865,0.0],[-73.26591352338072,10.463840590190655,0.0],[-73.26608004093642,10.46374917204191,0.0],[-73.26649404583418,10.464474660208648,0.0],[-73.2655700730513,10.46490190904555,0.0]]]}},
{"type":"Feature","properties":{"NOMBRE":"VILLA CLARA"},"geometry":{"type":"Polygon","coordinates":[[[-73.23432274764232,10.464802401677082,0.0],[-73.23629710478443,10.462949076967929,0.0],[-73.23691584132618,10.462441787488851,0.0],[-73.23727882266341,10.461988612757311,0.0],[-73.23857716882114,10.460868241891488,0.0],[-73.23894919357245,10.460497884137498,0.0],[-73.2391760150395,10.460250679180886,0.0],[-73.23986759116814,10.460222238931275,0.0],[-73.239983105342,10.46152685887654,0.0],[-73.24009899040254,10.462188980098865,0.0],[-73.23944068640523,10.462246997607398,0.0],[-73.23964094391744,10.464553390281115,0.0],[-73.23695459213228,10.46473558141755,0.0],[-73.23595926582779,10.464850629106751,0.0],[-73.23478759852094,10.464922725823651,0.0],[-73.23407645965591,10.464991879077226,0.0],[-73.23432274764232,10.464802401677082,0.0]]]}},
{"type":"Feature","properties":{"NOMBRE":"PRIMERO"},"geometry":{"type":"Polygon","coordinates":[[[-73.25274562633366,10.46488335592,0.0],[-73.24758256289756,10.455025076503611,0.0],[-73.250014431995,10.45379413102599,0.0],[-73.25143264738485,10.453041008163499,0.0],[-73.25330042970113,10.452132889794493,0.0],[-73.25434751246478,10.451557240995339,0.0],[-73.25615931618992,10.455264306061173,0.0],[-73.2565846489417,10.45593757307133,0.0],[-73.2568475690497,10.456302770959496,0.0],[-73.25428769990218,10.46090094043286,0.0],[-73.25394934878297,10.461555294602412,0.0],[-73.25377489079112,10.461972568607534,0.0],[-73.25367080833631,10.462278107759973,0.0],[-73.25308338034554,10.464245597369565,0.0],[-73.25300975577262,10.464626774273961,0.0],[-73.25293908706092,10.46512046565691,0.0],[-73.25274562633366,10.46488335592,0.0]]]}},
{"type":"Feature","properties":{"NOMBRE":"CANDELARIA SUR"},"geometry":{"type":"Polygon","coordinates":[[[-73.23261229743893,10.46511369144205,0.0],[-73.23065785354045,10.463128241561893,0.0],[-73.23159657661702,10.462685011978747,0.0],[-73.23202998623378,10.46238899918648,0.0],[-73.23352460696357,10.461564366747753,0.0],[-73.23459388717869,10.462605497883374,0.0],[-73.23377666806184,10.463328721009837,0.0],[-73.2339874831677,10.463497785900387,0.0],[-73.23486750993263,10.4642906551574,0.0],[-73.23432274764232,10.464802401677082,0.0],[-73.23407645965591,10.464991879077226,0.0],[-73.23261229743893,10.46511369144205,0.0]]]}},
{"type":"Feature","properties":{"NOMBRE":"LOS CACIQUES"},"geometry":{"type":"Polygon","coordinates":[[[-73.25546090861414,10.465467096953063,0.0],[-73.25394934878297,10.461555294602412,0.0],[-73.25428769990218,10.46090094043286,0.0],[-73.25490980177281,10.459795228204463,0.0],[-73.25563279712145,10.460170992639151,0.0],[-73.2554729472411,10.460442407211177,0.0],[-73.25600710406819,10.460882891855949,0.0],[-73.25635520264537,10.460260094747332,0.0],[-73.25614292590129,10.460141434446031,0.0],[-73.2560688057179,10.46005836724701,0.0],[-73.25602957188316,10.460097258553942,0.0],[-73.25589776471055,10.459966907208802,0.0],[-73.25588000742401,10.460001229064943,0.0],[-73.25577943884052,10.459922004275818,0.0],[-73.25576035040872,10.459954413482256,0.0],[-73.2550391581159,10.459562043328244,0.0],[-73.25580377367118,10.458193371650456,0.0],[-73.25970171487715,10.460315135923402,0.0],[-73.26082287041314,10.46085031979454,0.0],[-73.2632206842176,10.462164569133103,0.0],[-73.26371206236135,10.462482361317358,0.0],[-73.26356383711979,10.462726428332754,0.0],[-73.26313118931778,10.46302437566077,0.0],[-73.2628755771096,10.462767881415452,0.0],[-73.26252808391496,10.462487954048456,0.0],[-73.2624015272894,10.462411452619952,0.0],[-73.26217306934855,10.46210516084806,0.0],[-73.26209885954859,10.462111912719523,0.0],[-73.2616035580063,10.462424532039606,0.0],[-73.26168679339968,10.462466670949262,0.0],[-73.26179776688355,10.462592113330567,0.0],[-73.26193783621152,10.462804883555954,0.0],[-73.2613111843358,10.46314523850637,0.0],[-73.2610326554578,10.463385914099003,0.0],[-73.26086850031618,10.463552827243891,0.0],[-73.26115942160885,10.463728461717137,0.0],[-73.26126558978459,10.463815672456649,0.0],[-73.26130681654598,10.463888870543004,0.0],[-73.26063366450813,10.46424569745673,0.0],[-73.2603301728216,10.464510884922433,0.0],[-73.26054604692001,10.464679220427595,0.0],[-73.2607066356612,10.464943006749317,0.0],[-73.2597490656699,10.465410975782257,0.0],[-73.25942650296827,10.464825320438793,0.0],[-73.25924794446146,10.464537311288483,0.0],[-73.25859070478018,10.46358021693467,0.0],[-73.25817337225948,10.463858382029263,0.0],[-73.25546090861414,10.465467096953063,0.0]],[[-73.25671888025411,10.463265844885624,0.0],[-73.25648983268219,10.462948235459008,0.0],[-73.25598669398411,10.4623596477659,0.0],[-73.25532139329363,10.463567844266498,0.0],[-73.25561437886242,10.463967266149941,0.0],[-73.25671888025411,10.463265844885624,0.0]]]}},
{"type":"Feature","properties":{"NOMBRE":"37"},"geometry":{"type":"Polygon","coordinates":[[[-73.28667969865754,10.46592090378304,0.0],[-73.28526156062468,10.465625368430706,0.0],[-73.28511532112785,10.464187021120523,0.0],[-73.28696644413101,10.464572736297448,0.0],[-73.28667969865754,10.46592090378304,0.0]]]}},
{"type":"Feature","properties":{"NOMBRE":"GUATAPURI"},"geometry":{"type":"Polygon","coordinates":[[[-73.25234681535771,10.466174472271968,0.0],[-73.25102991654087,10.466178570521379,0.0],[-73.25104357574445,10.465372869239399,0.0],[-73.25107780584912,10.465294998653098,0.0],[-73.25109446844223,10.464408622945278,0.0],[-73.25115156862,10.464404327032964,0.0],[-73.25113242296233,10.463696141654692,0.0],[-73.25207985815109,10.463626440935597,0.0],[-73.25274562633366,10.46488335592,0.0],[-73.25293908706092,10.46512046565691,0.0],[-73.25269801698256,10.465534905946203,0.0],[-73.25249345972009,10.466218309097156,0.0],[-73.25234681535771,10.466174472271968,0.0]]]}},
{"type":"Feature","properties":{"NOMBRE":"ETAPA III"},"geometry":{"type":"Polygon","coordinates":[[[-73.28869497401473,10.464478978061315,0.0],[-73.2896706755117,10.46429189905163,0.0],[-73.2896196564253,10.464031211496746,0.0],[-73.29002718486473,10.464422027158994,0.0],[-73.28997093068156,10.464432385282162,0.0],[-73.29016106272769,10.465399620441985,0.0],[-73.28934771418523,10.465555597372555,0.0],[-73.28953190275156,10.466496342009968,0.0],[-73.28909528918898,10.466581075891275,0.0],[-73.28869497401473,10.464478978061315,0.0]]]}},
{"type":"Feature","properties":{"NOMBRE":"DON ALBERTO"},"geometry":{"type":"Polygon","coordinates":[[[-73.28212513951638,10.46569550447614,0.0],[-73.28148810238439,10.465979644449055,0.0],[-73.28073574491916,10.464327183856788,0.0],[-73.27936361580059,10.464932614067202,0.0],[-73.27919040380225,10.464534234115227,0.0],[-73.28054932283092,10.463917741948801,0.0],[-73.2806445432456,10.464125638674318,0.0],[-73.28278674239513,10.46316440545777,0.0],[-73.28325535922808,10.46416628585977,0.0],[-73.28256625070021,10.466664321632383,0.0],[-73.28212513951638,10.46569550447614,0.0]]]}},
{"type":"Feature","properties":{"NOMBRE":"ETAPA II"},"geometry":{"type":"Polygon","coordinates":[[[-73.28909528918898,10.466581075891275,0.0],[-73.28953227785567,10.466498260299126,0.0],[-73.28934774616756,10.465555591123733,0.0],[-73.29016106272769,10.465399620441985,0.0],[-73.2904261770569,10.466753927490574,0.0],[-73.28917539176928,10.466993856617284,0.0],[-73.28909528918898,10.466581075891275,0.0]]]}},
{"type":"Feature","properties":{"NOMBRE":"LAS PALMAS"},"geometry":{"type":"Polygon","coordinates":[[[-73.23427860634077,10.467199559810782,0.0],[-73.2329243182634,10.46546415805782,0.0],[-73.23261555232585,10.465116455394885,0.0],[-73.2333420932449,10.4650464648704,0.0],[-73.23595707752847,10.464855031125829,0.0],[-73.23646979763588,10.465308098091645,0.0],[-73.23591712916222,10.466026867326917,0.0],[-73.23567042299892,10.46587486169965,0.0],[-73.23529980921937,10.466301957540635,0.0],[-73.23494140729652,10.466668169702086,0.0],[-73.23427860634077,10.467199559810782,0.0]]]}},
{"type":"Feature","properties":{"NOMBRE":"LAS DELICIAS"},"geometry":{"type":"Polygon","coordinates":[[[-73.25386586165739,10.467301147027516,0.0],[-73.25398859737437,10.466602560566097,0.0],[-73.25438682549347,10.466736313099759,0.0],[-73.25420098008134,10.467307644061334,0.0],[-73.25386586165739,10.467301147027516,0.0]]]}},
{"type":"Feature","properties":{"NOMBRE":"LAS DELICIAS"},"geometry":{"type":"Polygon","coordinates":[[[-73.25420098008134,10.467307644061334,0.0],[-73.25438682549347,10.466736313099759,0.0],[-73.25398859737437,10.466602560566097,0.0],[-73.25386586165739,10.467301147027516,0.0],[-73.25218424970276,10.467259255854817,0.0],[-73.25269801698256,10.465534905946203,0.0],[-73.25293908706092,10.46512046565691,0.0],[-73.25300975577262,10.464626774273961,0.0],[-73.25308338034554,10.464245597369565,0.0],[-73.25367080833631,10.462278107759973,0.0],[-73.25377489079112,10.461972568607534,0.0],[-73.25394934878297,10.461555294602412,0.0],[-73.25617694843179,10.467345944446995,0.0],[-73.25420098008134,10.467307644061334,0.0]]]}},
{"type":"Feature","properties":{"NOMBRE":"34"},"geometry":{"type":"Polygon","coordinates":[[[-73.28238621228498,10.467323563928716,0.0],[-73.28325535922808,10.46416628585977,0.0],[-73.28464414618219,10.463529760619716,0.0],[-73.28356275956352,10.467462652972047,0.0],[-73.28238621228498,10.467323563928716,0.0]]]}},
{"type":"Feature","properties":{"NOMBRE":"DON ALBERTO  V ETAPA"},"geometry":{"type":"Polygon","coordinates":[[[-73.28402169470786,10.467523333827522,0.0],[-73.28356275956352,10.467462652972047,0.0],[-73.28464414618219,10.463529760619716,0.0],[-73.28503049200097,10.463352685414373,0.0],[-73.28527177338731,10.465725813393268,0.0],[-73.2847697382349,10.467548344356779,0.0],[-73.28402169470786,10.467523333827522,0.0]]]}},
{"type":"Feature","properties":{"NOMBRE":"DON ALBERTO  VI ETAPA"},"geometry":{"type":"Polygon","coordinates":[[[-73.28476971702857,10.467548422951003,0.0],[-73.28529738529257,10.465632834040901,0.0],[-73.28739682840056,10.46607034841981,0.0],[-73.287157031881,10.467193837752163,0.0],[-73.28694562610536,10.467532048744909,0.0],[-73.28574373899895,10.467589679394557,0.0],[-73.28476971702857,10.467548422951003,0.0]]]}},
{"type":"Feature","properties":{"NOMBRE":"ALTOS DE DON ALBERTO"},"geometry":{"type":"Polygon","coordinates":[[[-73.28929481801795,10.467543051680591,0.0],[-73.28917539176928,10.466993856617284,0.0],[-73.2904261770569,10.466753927490574,0.0],[-73.2901231854084,10.465206129128344,0.0],[-73.29201988658312,10.464842363398537,0.0],[-73.29197285692543,10.466106452137522,0.0],[-73.29194693633814,10.467885518061584,0.0],[-73.28929481801795,10.467543051680591,0.0]]]}},
{"type":"Feature","properties":{"NOMBRE":"09"},"geometry":{"type":"Polygon","coordinates":[[[-73.26686749464285,10.467978834142407,0.0],[-73.26630816677515,10.466552538266242,0.0],[-73.26627976311849,10.466332560851209,0.0],[-73.2663573958722,10.464997593930953,0.0],[-73.26631894797204,10.464790093953058,0.0],[-73.26624099390982,10.464590497287759,0.0],[-73.2666260006599,10.464415279646117,0.0],[-73.2667190508404,10.46461784716718,0.0],[-73.26663795952857,10.464737112384,0.0],[-73.26666819206588,10.465527735727818,0.0],[-73.26682515153169,10.465804543777082,0.0],[-73.2669458869218,10.465963857312616,0.0],[-73.26728594709222,10.466240654474698,0.0],[-73.26769039252358,10.466485581345461,0.0],[-73.26785740837263,10.466542244481309,0.0],[-73.2679809763455,10.466479866180302,0.0],[-73.2688733784492,10.466962209722539,0.0],[-73.26686749464285,10.467978834142407,0.0]]]}},
{"type":"Feature","properties":{"NOMBRE":"SAN JORGE"},"geometry":{"type":"Polygon","coordinates":[[[-73.24072433916984,10.468033116878697,0.0],[-73.24061605657401,10.466789960668205,0.0],[-73.24053318464031,10.46557685340971,0.0],[-73.24099402972064,10.465504804109209,0.0],[-73.2409185666154,10.464449277098629,0.0],[-73.24329118986633,10.464269225113776,0.0],[-73.24342737133287,10.46725322735197,0.0],[-73.24258261861546,10.467510319524775,0.0],[-73.24072433916984,10.468033116878697,0.0]]]}},
{"type":"Feature","properties":{"NOMBRE":"29"},"geometry":{"type":"Polygon","coordinates":[[[-73.28283957090842,10.468035712266966,0.0],[-73.28290524344314,10.467768794626481,0.0],[-73.28400992719351,10.468047164785647,0.0],[-73.28394638932227,10.468302487149268,0.0],[-73.28283957090842,10.468035712266966,0.0]]]}},
{"type":"Feature","properties":{"NOMBRE":null},"geometry":{"type":"Polygon","coordinates":[[[-73.26702842200439,10.468428313317284,0.0],[-73.26686749464285,10.467978834142407,0.0],[-73.2688733784492,10.466962209722539,0.0],[-73.26941586856044,10.467147608504144,0.0],[-73.26702842200439,10.468428313317284,0.0]]]}},
{"type":"Feature","properties":{"NOMBRE":"VIÑA DEL SOL"},"geometry":{"type":"Polygon","coordinates":[[[-73.25753310329712,10.46804228237268,0.0],[-73.25796581697773,10.467818117841174,0.0],[-73.25831528911816,10.468470529685215,0.0],[-73.25785926459312,10.46869610182377,0.0],[-73.25753310329712,10.46804228237268,0.0]]]}},
{"type":"Feature","properties":{"NOMBRE":"JORGE DANGOND"},"geometry":{"type":"Polygon","coordinates":[[[-73.25687823130683,10.469182709412683,0.0],[-73.25546090861414,10.465467096953063,0.0],[-73.25817337225948,10.463858382029263,0.0],[-73.25859070478018,10.46358021693467,0.0],[-73.25924794446146,10.464537311288483,0.0],[-73.25942650296827,10.464825320438793,0.0],[-73.2597490656699,10.465410975782257,0.0],[-73.2607066356612,10.464943006749317,0.0],[-73.26054604692001,10.464679220427595,0.0],[-73.2603301728216,10.464510884922433,0.0],[-73.26063366450813,10.46424569745673,0.0],[-73.26130681654598,10.463888870543004,0.0],[-73.26126558978459,10.463815672456649,0.0],[-73.26115942160885,10.463728461717137,0.0],[-73.26086850031618,10.463552827243891,0.0],[-73.2610326554578,10.463385914099003,0.0],[-73.2613111843358,10.46314523850637,0.0],[-73.26193783621152,10.462804883555954,0.0],[-73.26179776688355,10.462592113330567,0.0],[-73.26168679339968,10.462466670949262,0.0],[-73.2616035580063,10.462424532039606,0.0],[-73.26209885954859,10.462111912719523,0.0],[-73.26217306934855,10.46210516084806,0.0],[-73.2624015272894,10.462411452619952,0.0],[-73.26252808391496,10.462487954048456,0.0],[-73.2628755771096,10.462767881415452,0.0],[-73.26313118931778,10.46302437566077,0.0],[-73.26356383711979,10.462726428332754,0.0],[-73.26385863827278,10.463119363726703,0.0],[-73.26392812680778,10.46313911688466,0.0],[-73.26439273076527,10.463659536617996,0.0],[-73.26478391161407,10.464165934870286,0.0],[-73.26488392980015,10.46409243291404,0.0],[-73.26549583815253,10.464760039311885,0.0],[-73.2655700730513,10.46490190904555,0.0],[-73.26257873167971,10.466363277353704,0.0],[-73.25831528911816,10.468470529685215,0.0],[-73.25796581697773,10.467818117841174,0.0],[-73.25753310329712,10.46804228237268,0.0],[-73.25785926459312,10.46869610182377,0.0],[-73.25687823130683,10.469182709412683,0.0]]]}},
{"type":"Feature","properties":{"NOMBRE":"SAN ANTONIO"},"geometry":{"type":"Polygon","coordinates":[[[-73.23427860634077,10.467199559810782,0.0],[-73.23494140729652,10.466668169702086,0.0],[-73.23529980921937,10.466301957540635,0.0],[-73.23567042299892,10.46587486169965,0.0],[-73.23591712916222,10.466026867326917,0.0],[-73.23646979763588,10.465308098091645,0.0],[-73.23595707752847,10.464855031125829,0.0],[-73.23695459213228,10.46473558141755,0.0],[-73.2399801703824,10.464523209476729,0.0],[-73.23942540770642,10.46475817502697,0.0],[-73.23902266864535,10.464968685578127,0.0],[-73.23876859329094,10.465192200103887,0.0],[-73.23853389138196,10.465435584232381,0.0],[-73.23815132450758,10.465881075349504,0.0],[-73.23789638900514,10.466212329290535,0.0],[-73.23766026970648,10.466556976202119,0.0],[-73.23746808320848,10.466801595992559,0.0],[-73.23631944552866,10.468407348378413,0.0],[-73.23649036777631,10.468646485116585,0.0],[-73.23578884207595,10.46917220925167,0.0],[-73.23427860634077,10.467199559810782,0.0]]]}},
{"type":"Feature","properties":{"NOMBRE":"ANA MARIA"},"geometry":{"type":"Polygon","coordinates":[[[-73.28608126283238,10.469026827519796,0.0],[-73.28641592987904,10.467677315745211,0.0],[-73.28702690090194,10.467662666159006,0.0],[-73.28738106293544,10.467629253649449,0.0],[-73.28766772235815,10.467559288754131,0.0],[-73.28723757011059,10.469306315039349,0.0],[-73.28608126283238,10.469026827519796,0.0]]]}},
{"type":"Feature","properties":{"NOMBRE":"17"},"geometry":{"type":"Polygon","coordinates":[[[-73.26700270534052,10.469176651338694,0.0],[-73.26706509671456,10.468744933225176,0.0],[-73.26705881024088,10.468585255464793,0.0],[-73.26702842200439,10.468428313317284,0.0],[-73.26951227500955,10.467096510252386,0.0],[-73.2697612078866,10.467282468355815,0.0],[-73.26991048257177,10.46741736519681,0.0],[-73.27000913380054,10.467589108484646,0.0],[-73.26948084963036,10.46789011692242,0.0],[-73.26948861356485,10.467900466452006,0.0],[-73.26775137002603,10.468862528519141,0.0],[-73.26777434974414,10.468915251274662,0.0],[-73.26700155957735,10.469268956099054,0.0],[-73.26700270534052,10.469176651338694,0.0]]]}},
{"type":"Feature","properties":{"NOMBRE":null},"geometry":{"type":"Polygon","coordinates":[[[-73.27017141732587,10.46923866828077,0.0],[-73.26975826971237,10.469143990691757,0.0],[-73.2690611994628,10.469014261537483,0.0],[-73.2683706559681,10.468803400366427,0.0],[-73.26798768287492,10.468731491736202,0.0],[-73.26905625520294,10.468138955505326,0.0],[-73.26923479977724,10.468432109869543,0.0],[-73.26953663813103,10.468649217249258,0.0],[-73.26977017296076,10.468847678255631,0.0],[-73.26995289839667,10.468961739001836,0.0],[-73.27017897698518,10.46902755625553,0.0],[-73.27046124764082,10.469189141997129,0.0],[-73.27054342830668,10.469265966558128,0.0],[-73.27061991741495,10.469367394013133,0.0],[-73.27017141732587,10.46923866828077,0.0]]]}},
{"type":"Feature","properties":{"NOMBRE":"HOSPITAL"},"geometry":{"type":"Polygon","coordinates":[[[-73.2562501150361,10.469513523898785,0.0],[-73.25300601543672,10.469424683944785,0.0],[-73.25306276815795,10.467285577127011,0.0],[-73.25617694843179,10.467345944446995,0.0],[-73.25687839550902,10.469183131995491,0.0],[-73.2562501150361,10.469513523898785,0.0]]]}},
{"type":"Feature","properties":{"NOMBRE":"ALTA VISTA"},"geometry":{"type":"Polygon","coordinates":[[[-73.2824448003343,10.469619001280618,0.0],[-73.28283957090842,10.468035712266966,0.0],[-73.28394638932227,10.468302487149268,0.0],[-73.28355191318977,10.469887636312954,0.0],[-73.2824448003343,10.469619001280618,0.0]]]}},
{"type":"Feature","properties":{"NOMBRE":"SICARARE"},"geometry":{"type":"Polygon","coordinates":[[[-73.23854842776203,10.469583018551816,0.0],[-73.23807461308333,10.46915640326924,0.0],[-73.23790774170054,10.469262531708342,0.0],[-73.23789856114577,10.469250222445384,0.0],[-73.23728424755666,10.469669720989389,0.0],[-73.23649036777631,10.468646485116585,0.0],[-73.23631944552866,10.468407348378413,0.0],[-73.23802155125647,10.466044963802627,0.0],[-73.23853389138196,10.465435584232381,0.0],[-73.23889331355115,10.465077862240054,0.0],[-73.23902266864535,10.464968685578127,0.0],[-73.23942540770642,10.46475817502697,0.0],[-73.2399801703824,10.464523209476729,0.0],[-73.24091881133778,10.464452702918608,0.0],[-73.24099402972064,10.465504804109209,0.0],[-73.24053318464031,10.46557685340971,0.0],[-73.24061605657401,10.466789960668205,0.0],[-73.24072433916984,10.468033116878697,0.0],[-73.24021045912885,10.46816872589571,0.0],[-73.23996525182133,10.468286124731344,0.0],[-73.24003583721051,10.469365448623009,0.0],[-73.23935880372157,10.469454107446285,0.0],[-73.23936250645642,10.469529565057718,0.0],[-73.23856862932095,10.469861065032617,0.0],[-73.23854842776203,10.469583018551816,0.0]]]}},
{"type":"Feature","properties":{"NOMBRE":"29"},"geometry":{"type":"Polygon","coordinates":[[[-73.28239668247107,10.46981234450727,0.0],[-73.28244458583193,10.469618949217939,0.0],[-73.28355191318977,10.469887636312954,0.0],[-73.28350379777049,10.470080980659555,0.0],[-73.28239668247107,10.46981234450727,0.0]]]}},
{"type":"Feature","properties":{"NOMBRE":"VILLA"},"geometry":{"type":"Polygon","coordinates":[[[-73.23460322502436,10.470030339929291,0.0],[-73.23002555913769,10.465457819871622,0.0],[-73.22921189504777,10.46458760495252,0.0],[-73.22933879734899,10.464490106214521,0.0],[-73.22944962524265,10.464631000277638,0.0],[-73.23038439337913,10.463960226909487,0.0],[-73.23021479721757,10.463741264953253,0.0],[-73.23055142468662,10.463523158578598,0.0],[-73.23033216172462,10.46313694194561,0.0],[-73.23053942766094,10.463006899724173,0.0],[-73.23261952457541,10.4651214305705,0.0],[-73.23420463819926,10.467106908820394,0.0],[-73.2357867380777,10.46917378655768,0.0],[-73.23460322502436,10.470030339929291,0.0]]]}},
{"type":"Feature","properties":{"NOMBRE":"ALMACÉN EXITO"},"geometry":{"type":"Polygon","coordinates":[[[-73.25687841001766,10.469183171808094,0.0],[-73.25826107287227,10.468497298221852,0.0],[-73.25871962284248,10.469751303307834,0.0],[-73.25725625781011,10.470155833943252,0.0],[-73.25687841001766,10.469183171808094,0.0]]]}},
{"type":"Feature","properties":{"NOMBRE":"LA POPA"},"geometry":{"type":"Polygon","coordinates":[[[-73.26357843540394,10.470223042476452,0.0],[-73.26247183130117,10.4678795741062,0.0],[-73.26218756557526,10.46800773857004,0.0],[-73.2616245698297,10.466832678937466,0.0],[-73.26511064231583,10.4651195105567,0.0],[-73.26624099390982,10.464590497287759,0.0],[-73.26633716166553,10.46485820945798,0.0],[-73.2663592952458,10.465068029117273,0.0],[-73.26627976311849,10.466332560851209,0.0],[-73.26629187929036,10.46648018074427,0.0],[-73.26633110977309,10.46662310656997,0.0],[-73.26695763837186,10.46820017904345,0.0],[-73.26704713854274,10.468509715934665,0.0],[-73.26588042996995,10.469101585523479,0.0],[-73.26434875157011,10.469825526724419,0.0],[-73.26357843540394,10.470223042476452,0.0]]]}},
{"type":"Feature","properties":{"NOMBRE":"BELLAVISTA II"},"geometry":{"type":"Polygon","coordinates":[[[-73.28350379777049,10.470080980659555,0.0],[-73.2838964824454,10.468503033739852,0.0],[-73.28498836822774,10.468762459229476,0.0],[-73.28459680077712,10.470344449639104,0.0],[-73.28350379777049,10.470080980659555,0.0]]]}},
{"type":"Feature","properties":{"NOMBRE":"ENEAL"},"geometry":{"type":"Polygon","coordinates":[[[-73.26873779112657,10.46996460727236,0.0],[-73.26830763014473,10.470138754970597,0.0],[-73.26775137002603,10.468862528519141,0.0],[-73.26798768287492,10.468731491736202,0.0],[-73.2683706559681,10.468803400366427,0.0],[-73.2690611994628,10.469014261537483,0.0],[-73.26975826971237,10.469143990691757,0.0],[-73.27017141732587,10.46923866828077,0.0],[-73.27061991741495,10.469367394013133,0.0],[-73.27086202286866,10.469562505950375,0.0],[-73.27087036783921,10.46954244233434,0.0],[-73.27102895363856,10.469673831355818,0.0],[-73.27089725156253,10.4699538798066,0.0],[-73.27094197879971,10.470067971155737,0.0],[-73.27057036559458,10.47021068498843,0.0],[-73.27043453421273,10.469863361476664,0.0],[-73.26977916735115,10.470083459634251,0.0],[-73.26893034462462,10.470417612895709,0.0],[-73.26873779112657,10.46996460727236,0.0]]]}},
{"type":"Feature","properties":{"NOMBRE":"GARZON FORERO HERMANOS"},"geometry":{"type":"Polygon","coordinates":[[[-73.27476929557055,10.470467724746307,1.819e-12],[-73.27395664308766,10.470452146782312,1.819e-12],[-73.27304934813444,10.47034730080552,1.819e-12],[-73.27178992098929,10.46996040868671,1.819e-12],[-73.27110159416286,10.46963919100731,1.819e-12],[-73.27107268777017,10.46969052924161,1.819e-12],[-73.27100489035226,10.4696646444431,1.819e-12],[-73.27087036786968,10.46954244346351,1.819e-12],[-73.2708620232737,10.469562507096379,1.819e-12],[-73.27061991737209,10.469367394180745,1.819e-12],[-73.27054342843438,10.46926596665025,1.819e-12],[-73.27046124783905,10.469189142063826,1.819e-12],[-73.2701789774378,10.469027557287776,1.819e-12],[-73.26995289747411,10.46896173996527,1.819e-12],[-73.26977017318949,10.468847678261495,1.819e-12],[-73.26953663750447,10.468649217906224,1.819e-12],[-73.26923479973362,10.468432111017947,1.819e-12],[-73.26905625538923,10.468138956398297,1.819e-12],[-73.26948861295918,10.467900466276545,1.819e-12],[-73.2694808487721,10.467890117848055,1.819e-12],[-73.27000913241996,10.467589108251609,1.819e-12],[-73.2699104816149,10.467417365288835,1.819e-12],[-73.26976120746792,10.467282468311486,1.819e-12],[-73.26951179307429,10.46709615036261,1.819e-12],[-73.26941586774544,10.467147609262152,1.819e-12],[-73.26889484995895,10.46697381628145,1.819e-12],[-73.267980976599,10.466479867284432,1.819e-12],[-73.26785740789987,10.466542244657541,1.819e-12],[-73.26769039193822,10.466485581599098,1.819e-12],[-73.26728594619753,10.466240654657799,1.819e-12],[-73.26694588632436,10.465963857063903,1.819e-12],[-73.26682515104592,10.465804544835192,1.819e-12],[-73.26666819138993,10.46552773549038,1.819e-12],[-73.26663795909488,10.464737113305414,1.819e-12],[-73.26671905029548,10.464617847306151,1.819e-12],[-73.26662599930413,10.464415280514864,1.819e-12],[-73.2685347094947,10.463578313206774,1.819e-12],[-73.27077466313344,10.462630348666838,1.819e-12],[-73.27130185090854,10.462451176649855,1.819e-12],[-73.2718106487213,10.462338721652818,1.819e-12],[-73.27203294525053,10.462302869102682,1.819e-12],[-73.27242025328755,10.462266288873263,1.819e-12],[-73.27293786489732,10.462222179621149,1.819e-12],[-73.2734553988083,10.46219847191372,1.819e-12],[-73.27376346042264,10.462130469934555,1.819e-12],[-73.27406277185548,10.461948879533367,1.819e-12],[-73.27474582779358,10.462403331400397,1.819e-12],[-73.275801573737,10.462518520572806,1.819e-12],[-73.27600037710731,10.462524391809449,1.819e-12],[-73.27693074940909,10.462485958312035,1.819e-12],[-73.27712244527885,10.462457514221953,1.819e-12],[-73.27755802522054,10.462319140149406,1.819e-12],[-73.27815665880941,10.462090517425617,1.819e-12],[-73.2785042925757,10.46288158781763,1.819e-12],[-73.27909961818386,10.464326870658196,1.819e-12],[-73.28021622743174,10.466893566500278,1.819e-12],[-73.28025857721592,10.46708430877379,1.819e-12],[-73.28028676579399,10.468147911386819,1.819e-12],[-73.27562100863999,10.468345019287515,1.819e-12],[-73.27520979223375,10.469029294350294,1.819e-12],[-73.27476929557055,10.470467724746307,1.819e-12]]]}},
{"type":"Feature","properties":{"NOMBRE":"SANTA LUCIA"},"geometry":{"type":"Polygon","coordinates":[[[-73.25438105718897,10.469469251815127,0.0],[-73.25516010221352,10.469492068133926,0.0],[-73.2562501150361,10.469513523898785,0.0],[-73.25579204713392,10.469725272013253,0.0],[-73.25478860105069,10.470226701615443,0.0],[-73.2543494484224,10.47047647353338,0.0],[-73.25438105718897,10.469469251815127,0.0]]]}},
{"type":"Feature","properties":{"NOMBRE":"SENA"},"geometry":{"type":"Polygon","coordinates":[[[-73.25759185023215,10.471019722848723,0.0],[-73.25725625781011,10.470155833943252,0.0],[-73.25871962284248,10.469751303307834,0.0],[-73.25904117765742,10.470616493685078,0.0],[-73.25759185023215,10.471019722848723,0.0]]]}},
{"type":"Feature","properties":{"NOMBRE":"LAS FLORES"},"geometry":{"type":"Polygon","coordinates":[[[-73.26051307183572,10.468784472416758,0.0],[-73.26036810519491,10.468844672004717,0.0],[-73.25980850317926,10.467733270482977,0.0],[-73.2616245698297,10.466832678937466,0.0],[-73.26218756557526,10.46800773857004,0.0],[-73.26247183130117,10.4678795741062,0.0],[-73.26357843540394,10.470223042476452,0.0],[-73.26269885451912,10.470603098318085,0.0],[-73.2626843392036,10.470644921051099,0.0],[-73.2616214221484,10.4711406484487,0.0],[-73.26051307183572,10.468784472416758,0.0]]]}},
{"type":"Feature","properties":{"NOMBRE":"VEINTE DE JULIO"},"geometry":{"type":"Polygon","coordinates":[[[-73.27213636253086,10.470837091198804,0.0],[-73.27095615145673,10.470062527986768,0.0],[-73.27094197879971,10.470067971155737,0.0],[-73.27089725156253,10.4699538798066,0.0],[-73.27102895363856,10.469673831355818,0.0],[-73.27107268861783,10.46969052930733,0.0],[-73.2711015950986,10.469639190122479,0.0],[-73.27178992054515,10.46996040851875,0.0],[-73.27304934887628,10.470347301091664,0.0],[-73.27393481968262,10.470455232018846,0.0],[-73.2743081385088,10.470458884664316,0.0],[-73.27429265028908,10.470567370941843,0.0],[-73.27234750061906,10.471326970492852,0.0],[-73.27213636253086,10.470837091198804,0.0]]]}},
{"type":"Feature","properties":{"NOMBRE":"20"},"geometry":{"type":"Polygon","coordinates":[[[-73.24822445315175,10.471277331289139,0.0],[-73.24605683930639,10.468076410425747,0.0],[-73.24592123753445,10.467973547866134,0.0],[-73.24540259746036,10.467277244541476,0.0],[-73.24420253985,10.46792165243005,0.0],[-73.24339904441834,10.466670198382653,0.0],[-73.24329118986633,10.464269225113776,0.0],[-73.24698890683234,10.464009321908414,0.0],[-73.24974087765874,10.463799494195747,0.0],[-73.24978846482911,10.464506880044205,0.0],[-73.25109446844223,10.464408622945278,0.0],[-73.25107780584912,10.465294998653098,0.0],[-73.25104357574445,10.465372869239399,0.0],[-73.25102991654087,10.466178570521379,0.0],[-73.25234681535771,10.466174472271968,0.0],[-73.25249345972009,10.466218309097156,0.0],[-73.25164453582958,10.469060483962583,0.0],[-73.24822445315175,10.471277331289139,0.0]]]}},
{"type":"Feature","properties":{"NOMBRE":"SANTA ROSA"},"geometry":{"type":"Polygon","coordinates":[[[-73.26074510373374,10.469968332681049,0.0],[-73.26013161206644,10.470203890977709,0.0],[-73.26022268298223,10.470419315128119,0.0],[-73.25899794073737,10.470911194883643,0.0],[-73.2589038502665,10.47066091866288,0.0],[-73.25904133455184,10.47061691805619,0.0],[-73.25826107287227,10.468497298221852,0.0],[-73.25980850317926,10.467733270482977,0.0],[-73.26036810519491,10.468844672004717,0.0],[-73.26051307183572,10.468784472416758,0.0],[-73.2616214221484,10.4711406484487,0.0],[-73.26158694537266,10.471383731650532,0.0],[-73.26074510373374,10.469968332681049,0.0]]]}},
{"type":"Feature","properties":{"NOMBRE":"LA SABANA II ETAPA"},"geometry":{"type":"Polygon","coordinates":[[[-73.28782854092728,10.47154599818507,0.0],[-73.28559340717554,10.471004056163983,0.0],[-73.28608126283238,10.469026827519796,0.0],[-73.28723757011059,10.469306315039349,0.0],[-73.287138559332,10.469708436604735,0.0],[-73.28824565538638,10.46997831845667,0.0],[-73.28782854092728,10.47154599818507,0.0]]]}},
{"type":"Feature","properties":{"NOMBRE":"CASA DE LOS ABUELOS"},"geometry":{"type":"Polygon","coordinates":[[[-73.26078310464577,10.471796135890353,0.0],[-73.26013161206644,10.470203890977709,0.0],[-73.26074510373374,10.469968332681049,0.0],[-73.26158694537266,10.471383731650532,0.0],[-73.26155177997191,10.471631664755327,0.0],[-73.26112574250226,10.471664814960171,0.0],[-73.26078310464577,10.471796135890353,0.0]]]}},
{"type":"Feature","properties":{"NOMBRE":"HERNANDO DE SANTANA"},"geometry":{"type":"Polygon","coordinates":[[[-73.25126789932466,10.470289257188542,0.0],[-73.25218424970276,10.467259255854817,0.0],[-73.25306276815795,10.467285577127011,0.0],[-73.25300601543672,10.469424683944785,0.0],[-73.25438105718897,10.469469251815127,0.0],[-73.2543494484224,10.47047647353338,0.0],[-73.25229859679898,10.47180368517902,0.0],[-73.25126789932466,10.470289257188542,0.0]]]}},
{"type":"Feature","properties":{"NOMBRE":"KENNEDY"},"geometry":{"type":"Polygon","coordinates":[[[-73.23858769583798,10.470387362705402,0.0],[-73.23856862932095,10.469861065032617,0.0],[-73.23936250645642,10.469529565057718,0.0],[-73.23935880372157,10.469454107446285,0.0],[-73.24003583721051,10.469365448623009,0.0],[-73.23996525182133,10.468286124731344,0.0],[-73.24021045912885,10.46816872589571,0.0],[-73.24258261861546,10.467510319524775,0.0],[-73.24342737133287,10.46725322735197,0.0],[-73.24359860168447,10.471586991297208,0.0],[-73.2387281086282,10.47183242204755,0.0],[-73.23858769583798,10.470387362705402,0.0]]]}},
{"type":"Feature","properties":{"NOMBRE":"CIUDAD TAYRONA"},"geometry":{"type":"Polygon","coordinates":[[[-73.28075066475961,10.471790389396464,0.0],[-73.28079294876248,10.471632771082147,0.0],[-73.28074558152915,10.471620686507439,0.0],[-73.28117680850758,10.469944870074341,0.0],[-73.28343326098951,10.470516443853562,0.0],[-73.28311953577769,10.471709597201615,0.0],[-73.28200174043278,10.471437585211774,0.0],[-73.28184496929791,10.472063574713093,0.0],[-73.28075066475961,10.471790389396464,0.0]]]}},
{"type":"Feature","properties":{"NOMBRE":"SAN VICENTE"},"geometry":{"type":"Polygon","coordinates":[[[-73.25589947904298,10.472066902699737,0.0],[-73.25498209811653,10.470810042816128,0.0],[-73.25450474938724,10.470379912839022,0.0],[-73.25579204713392,10.469725272013253,0.0],[-73.25619446616781,10.469542787873191,0.0],[-73.25687839550902,10.469183131995491,0.0],[-73.25757783121824,10.470983640457266,0.0],[-73.25589947904298,10.472066902699737,0.0]]]}},
{"type":"Feature","properties":{"NOMBRE":"SANTO"},"geometry":{"type":"Polygon","coordinates":[[[-73.23708108624687,10.471679503127145,0.0],[-73.23731169446513,10.471631760498642,0.0],[-73.23723385374153,10.47151026930025,0.0],[-73.23712374113789,10.471418324433055,0.0],[-73.23708760592393,10.471314223693012,0.0],[-73.23683108571232,10.471117212621262,0.0],[-73.23679327759835,10.471137436060012,0.0],[-73.23686635296147,10.471206807668842,0.0],[-73.23670163947597,10.47138603580236,0.0],[-73.23621198908829,10.470897620723573,0.0],[-73.23604109603353,10.470695088646442,0.0],[-73.23592361173463,10.470450053358306,0.0],[-73.23593623689715,10.47043035287839,0.0],[-73.23555946409485,10.470006275673676,0.0],[-73.23545991260895,10.47008079860842,0.0],[-73.23516608466362,10.469617593720685,0.0],[-73.23578695832646,10.46917407460462,0.0],[-73.23649036777631,10.468646485116585,0.0],[-73.23728424755666,10.469669720989389,0.0],[-73.23789856114577,10.469250222445384,0.0],[-73.23790774170054,10.469262531708342,0.0],[-73.23807461308333,10.46915640326924,0.0],[-73.23854842776203,10.469583018551816,0.0],[-73.23858769583798,10.470387362705402,0.0],[-73.2387281086282,10.47183242204755,0.0],[-73.23780927424002,10.47186174038496,0.0],[-73.237234525411,10.47206696428736,0.0],[-73.23708108624687,10.471679503127145,0.0]]]}},
{"type":"Feature","properties":{"NOMBRE":"AZUCAR BUENA"},"geometry":{"type":"Polygon","coordinates":[[[-73.25899794073737,10.470911194883643,0.0],[-73.26022268298223,10.470419315128119,0.0],[-73.26078310464577,10.471796135890353,0.0],[-73.25953103347842,10.472276009240069,0.0],[-73.25899794073737,10.470911194883643,0.0]]]}},
{"type":"Feature","properties":{"NOMBRE":"ALTOS DE TAYRONA"},"geometry":{"type":"Polygon","coordinates":[[[-73.28066014268686,10.472133443961564,0.0],[-73.28074851245968,10.471789852467491,0.0],[-73.28184580447994,10.472063782908808,0.0],[-73.28200174043278,10.471437585211774,0.0],[-73.28311873891896,10.471709403568632,0.0],[-73.28292190169019,10.472491553499424,0.0],[-73.28293841537173,10.472495726829338,0.0],[-73.28288174053168,10.472700717408538,0.0],[-73.28066014268686,10.472133443961564,0.0]]]}},
{"type":"Feature","properties":{"NOMBRE":"INST EDUCATIVA C.A.S.D"},"geometry":{"type":"Polygon","coordinates":[[[-73.25825027780162,10.472716975718862,0.0],[-73.25759185023215,10.471019722848723,0.0],[-73.25890369885701,10.470660492497846,0.0],[-73.2591888956653,10.47142054562367,0.0],[-73.259530857386,10.472275591147703,0.0],[-73.25825027780162,10.472716975718862,0.0]]]}},
{"type":"Feature","properties":{"NOMBRE":"MARIA DANIELA"},"geometry":{"type":"Polygon","coordinates":[[[-73.25590256301246,10.472783895000564,0.0],[-73.25557332432838,10.472291303603106,0.0],[-73.2560227407098,10.4719837460544,0.0],[-73.25643389846863,10.472362536199554,0.0],[-73.2564727215674,10.47233873228964,0.0],[-73.25651106925505,10.472400483641255,0.0],[-73.25590256301246,10.472783895000564,0.0]]]}},
{"type":"Feature","properties":{"NOMBRE":"BELLAVISTA I"},"geometry":{"type":"Polygon","coordinates":[[[-73.28398158905033,10.472829961234321,0.0],[-73.28498838576012,10.468762388761997,0.0],[-73.2838964824454,10.468503033739852,0.0],[-73.28400992719351,10.468047164785647,0.0],[-73.28290526097591,10.467768724159148,0.0],[-73.28296968170937,10.467509858808258,0.0],[-73.28411455927538,10.467642846338927,0.0],[-73.28524932485628,10.467708144756486,0.0],[-73.28641592987904,10.467677315745211,0.0],[-73.28507770488957,10.473095869618522,0.0],[-73.28398158905033,10.472829961234321,0.0]]]}},
{"type":"Feature","properties":{"NOMBRE":"COMPLEJO DE TENIS"},"geometry":{"type":"Polygon","coordinates":[[[-73.26092913306037,10.473097838362184,0.0],[-73.26056142204794,10.472373665414155,0.0],[-73.26046623037699,10.471917583231718,0.0],[-73.26112574250226,10.471664814960171,0.0],[-73.26155177997191,10.471631664755327,0.0],[-73.26170586074527,10.471871291427176,0.0],[-73.26219780851036,10.47284203814458,0.0],[-73.26164212121817,10.47311846779729,0.0],[-73.26092913306037,10.473097838362184,0.0]]]}},
{"type":"Feature","properties":{"NOMBRE":"GAITAN"},"geometry":{"type":"Polygon","coordinates":[[[-73.24356605502089,10.470669094782192,0.0],[-73.24339904441834,10.466670198382653,0.0],[-73.24420253985,10.46792165243005,0.0],[-73.24540259746036,10.467277244541476,0.0],[-73.24592123753445,10.467973547866134,0.0],[-73.24605683930639,10.468076410425747,0.0],[-73.24822445315175,10.471277331289139,0.0],[-73.24693532025287,10.472107666061476,0.0],[-73.24546046979255,10.473093158924673,0.0],[-73.24356605502089,10.470669094782192,0.0]]]}},
{"type":"Feature","properties":{"NOMBRE":"INST EDUCATIVA ALFONSO LOPEZ"},"geometry":{"type":"Polygon","coordinates":[[[-73.25999540758419,10.473203056421472,0.0],[-73.25949384413958,10.47320176840529,0.0],[-73.25949624018172,10.472288001603864,0.0],[-73.26046623037699,10.471917583231718,0.0],[-73.26056142204794,10.472373665414155,0.0],[-73.26091005298274,10.473060261480834,0.0],[-73.26065390234191,10.473067588506717,0.0],[-73.26065431715686,10.473518868750661,0.0],[-73.25999457837592,10.47351946186525,0.0],[-73.25999540758419,10.473203056421472,0.0]]]}},
{"type":"Feature","properties":{"NOMBRE":"PRIMERA ETAPA URBANIZACION"},"geometry":{"type":"Polygon","coordinates":[[[-73.28507768735919,10.473095939181988,0.0],[-73.2855932613628,10.471004648817813,0.0],[-73.28781100537599,10.471541745734728,0.0],[-73.2872753206105,10.473628829643161,0.0],[-73.28507768735919,10.473095939181988,0.0]]]}},
{"type":"Feature","properties":{"NOMBRE":"ALTOS DE GARUPAL"},"geometry":{"type":"Polygon","coordinates":[[[-73.26467999107346,10.47356392370241,0.0],[-73.26507275651836,10.473404335989546,0.0],[-73.26508008511887,10.47342331303873,0.0],[-73.26595937355104,10.473072240174305,0.0],[-73.26588482950652,10.472878574984259,0.0],[-73.26653221198285,10.472626455990609,0.0],[-73.26690275324027,10.473511697675688,0.0],[-73.26495516977653,10.47420815858759,0.0],[-73.26467999107346,10.47356392370241,0.0]]]}},
{"type":"Feature","properties":{"NOMBRE":"ALFONSO LOPEZ"},"geometry":{"type":"Polygon","coordinates":[[[-73.25186781114391,10.473105928813233,0.0],[-73.25183734599368,10.473013657304069,0.0],[-73.25141719662815,10.47238254255532,0.0],[-73.25450464875874,10.470379974049784,0.0],[-73.25498209811653,10.470810042816128,0.0],[-73.25589947904298,10.472066902699737,0.0],[-73.25261045657635,10.474242695278061,0.0],[-73.25186781114391,10.473105928813233,0.0]]]}},
{"type":"Feature","properties":{"NOMBRE":"SAN VICENTE"},"geometry":{"type":"Polygon","coordinates":[[[-73.25529782704643,10.472474035705387,0.0],[-73.25557332432838,10.472291303603106,0.0],[-73.25590256301246,10.472783895000564,0.0],[-73.25651106925505,10.472400483641255,0.0],[-73.2564727215674,10.47233873228964,0.0],[-73.25643389846863,10.472362536199554,0.0],[-73.2560227407098,10.4719837460544,0.0],[-73.25757783121824,10.470983640457266,0.0],[-73.25853030112263,10.473436034903413,0.0],[-73.25669791755313,10.474536850095577,0.0],[-73.25529782704643,10.472474035705387,0.0]]]}},
{"type":"Feature","properties":{"NOMBRE":"GARUPAL"},"geometry":{"type":"Polygon","coordinates":[[[-73.26314221645823,10.474705592205442,0.0],[-73.26170586074527,10.471871291427176,0.0],[-73.26155177997191,10.471631664755327,0.0],[-73.2616214221484,10.4711406484487,0.0],[-73.2626843392036,10.470644921051099,0.0],[-73.26269885451912,10.470603098318085,0.0],[-73.26357843540394,10.470223042476452,0.0],[-73.26434875157011,10.469825526724419,0.0],[-73.26588042996995,10.469101585523479,0.0],[-73.26704713854274,10.468509715934665,0.0],[-73.26706504468093,10.468745626449024,0.0],[-73.2670107194294,10.469084681351008,0.0],[-73.26700155957735,10.469268956099054,0.0],[-73.26777434974414,10.468915251274662,0.0],[-73.26830763014473,10.470138754970597,0.0],[-73.26873779112657,10.46996460727236,0.0],[-73.26893034462462,10.470417612895709,0.0],[-73.26977916394416,10.470084775827969,0.0],[-73.27043453421273,10.469863361476664,0.0],[-73.27057036559458,10.47021068498843,0.0],[-73.27095615145673,10.470062527986768,0.0],[-73.27213636253086,10.470837091198804,0.0],[-73.27234750061906,10.471326970492852,0.0],[-73.27339625884728,10.470917422363469,0.0],[-73.2740910976345,10.47275155167362,0.0],[-73.27306408367252,10.473141505758347,0.0],[-73.27197821758787,10.473575983328216,0.0],[-73.2713955510832,10.47276251851048,0.0],[-73.27138256347062,10.472767394274847,0.0],[-73.27136254089287,10.472715151997734,0.0],[-73.27083089642707,10.471949224985105,0.0],[-73.26690275324027,10.473511697675688,0.0],[-73.26653200956292,10.472625972747508,0.0],[-73.26588482950652,10.472878574984259,0.0],[-73.26595937355104,10.473072240174305,0.0],[-73.26508008511887,10.47342331303873,0.0],[-73.26507275651836,10.473404335989546,0.0],[-73.26467999107346,10.47356392370241,0.0],[-73.26495516977653,10.47420815858759,0.0],[-73.26426565996022,10.474468019331104,0.0],[-73.2634255614302,10.474697337517178,0.0],[-73.26314221645823,10.474705592205442,0.0]]]}},
{"type":"Feature","properties":{"NOMBRE":null},"geometry":{"type":"Polygon","coordinates":[[[-73.26248852130995,10.474740037340668,0.0],[-73.26263655052585,10.474606284977238,0.0],[-73.2627409532361,10.474436940457268,0.0],[-73.26279342297951,10.47424547723654,0.0],[-73.26279730723391,10.474113032809388,0.0],[-73.2627763104546,10.473983570239913,0.0],[-73.26314221645823,10.474705592205442,0.0],[-73.2624314365009,10.474774773217888,0.0],[-73.26248852130995,10.474740037340668,0.0]]]}},
{"type":"Feature","properties":{"NOMBRE":"COLISEO CUBIERTO"},"geometry":{"type":"Polygon","coordinates":[[[-73.26183727888895,10.474876301226267,0.0],[-73.26148100717866,10.474255151025725,0.0],[-73.26143413270609,10.474075887647102,0.0],[-73.26144701197559,10.47389115734373,0.0],[-73.26148839347609,10.473774388312435,0.0],[-73.26128932978504,10.473373108033464,0.0],[-73.26223105546055,10.472907643978498,0.0],[-73.2627763104546,10.473983570239913,0.0],[-73.26279730723391,10.474113032809388,0.0],[-73.26279342297951,10.47424547723654,0.0],[-73.2627409532361,10.474436940457268,0.0],[-73.26263655052585,10.474606284977238,0.0],[-73.26254204749388,10.47470013331067,0.0],[-73.2624314365009,10.474774773217888,0.0],[-73.26183727888895,10.474876301226267,0.0]]]}},
{"type":"Feature","properties":{"NOMBRE":"INST EDUCATIVA INTSPECAM"},"geometry":{"type":"Polygon","coordinates":[[[-73.26118859629327,10.474986674801299,0.0],[-73.26113047112074,10.474653924189074,0.0],[-73.2610330087589,10.47439104370245,0.0],[-73.25999230107092,10.474388373383904,0.0],[-73.25999457837592,10.47351946186525,0.0],[-73.26065431715686,10.473518868750661,0.0],[-73.26065390234191,10.473067588506717,0.0],[-73.26091005298274,10.473060261480834,0.0],[-73.26092913306037,10.473097838362184,0.0],[-73.26164212121817,10.47311846779729,0.0],[-73.26219780851036,10.47284203814458,0.0],[-73.26223105546055,10.472907643978498,0.0],[-73.26128932978504,10.473373108033464,0.0],[-73.26148839347609,10.473774388312435,0.0],[-73.26143603376912,10.473952158016022,0.0],[-73.26143413270609,10.474075887647102,0.0],[-73.26145891696576,10.474197175307525,0.0],[-73.2615092485074,10.474310449540594,0.0],[-73.26183727888895,10.474876301226267,0.0],[-73.26118859629327,10.474986674801299,0.0]]]}},
{"type":"Feature","properties":{"NOMBRE":"CHIMILA"},"geometry":{"type":"Polygon","coordinates":[[[-73.25669791755313,10.474536850095577,0.0],[-73.25853030112263,10.473436034903413,0.0],[-73.25880061400645,10.474148127254757,0.0],[-73.25810263400443,10.474552403474364,0.0],[-73.2571140455045,10.47517074354098,0.0],[-73.25669791755313,10.474536850095577,0.0]]]}},
{"type":"Feature","properties":{"NOMBRE":"IRACAL"},"geometry":{"type":"Polygon","coordinates":[[[-73.26762904191538,10.475262713096667,0.0],[-73.2668429783885,10.473533072990442,0.0],[-73.26823698469141,10.472975989204988,0.0],[-73.26881855658112,10.47426834777425,0.0],[-73.26906513426488,10.474731995812316,0.0],[-73.26768049529056,10.47527518607447,0.0],[-73.26762904191538,10.475262713096667,0.0]]]}},
{"type":"Feature","properties":{"NOMBRE":"PARQUE DE LA VIDA"},"geometry":{"type":"Polygon","coordinates":[[[-73.25926251179142,10.475316212430368,0.0],[-73.2582504392672,10.4727173982941,0.0],[-73.25949624018172,10.472288001603864,0.0],[-73.25949384413958,10.47320176840529,0.0],[-73.2599942887425,10.473203053549165,0.0],[-73.25999230107092,10.474388373383904,0.0],[-73.2610330087589,10.47439104370245,0.0],[-73.26113047112074,10.474653924189074,0.0],[-73.2611885716211,10.474986679257958,0.0],[-73.25926251179142,10.475316212430368,0.0]]]}},
{"type":"Feature","properties":{"NOMBRE":"ROSANIA DEL COLISEO"},"geometry":{"type":"Polygon","coordinates":[[[-73.26070873825603,10.47506878684751,0.0],[-73.26252961930929,10.474765231692308,0.0],[-73.26263552718798,10.475047966825088,0.0],[-73.26136136536182,10.475260531014301,0.0],[-73.26083362357923,10.47537365364319,0.0],[-73.26070873825603,10.47506878684751,0.0]]]}},
{"type":"Feature","properties":{"NOMBRE":"CONJ. CER.VILLA ERIKA"},"geometry":{"type":"Polygon","coordinates":[[[-73.26202020476642,10.475147444071803,0.0],[-73.26263552718798,10.475047966825088,0.0],[-73.2627921077801,10.475438153413501,0.0],[-73.26222655631175,10.475654551189942,0.0],[-73.26202020476642,10.475147444071803,0.0]]]}},
{"type":"Feature","properties":{"NOMBRE":"5 DE ENERO"},"geometry":{"type":"Polygon","coordinates":[[[-73.27358559945309,10.475656491471488,0.0],[-73.27354838912996,10.475666129818732,136.230266666671],[-73.27275528263058,10.47469975526758,102.1727000000028],[-73.27197821758787,10.473575983328216,0.0],[-73.2740910976345,10.47275155167362,0.0],[-73.27339625884728,10.470917422363469,0.0],[-73.27429265028908,10.470567370941843,0.0],[-73.2743081385088,10.470458884664316,0.0],[-73.27476929651111,10.470467724755748,0.0],[-73.27461027510847,10.47093962143814,0.0],[-73.27450991441273,10.471107428483727,0.0],[-73.2744747067219,10.471199747884413,0.0],[-73.2743972829679,10.47157749566535,0.0],[-73.27456696371883,10.47162272594128,-0.074950000001081],[-73.2744758071373,10.472103271132799,-0.149900000003981],[-73.2744589856571,10.472462504388481,-0.149900000003981],[-73.27452626410467,10.47267136100492,-0.149900000003981],[-73.27457244851631,10.473338102020655,-0.149900000003981],[-73.2745634723897,10.473554798266116,-0.149900000003981],[-73.27450966383984,10.473809677009369,-0.149900000003981],[-73.27453109373627,10.474170178255141,-0.149900000003981],[-73.27450185100109,10.474521736938492,-0.149900000003981],[-73.27445947805174,10.474732006565768,-0.149900000003981],[-73.27445040640227,10.474938193704675,-0.149900000003981],[-73.2745395441879,10.475251857530198,-0.049966666667387],[-73.27431889695004,10.475261697720455,0.0],[-73.27375784866932,10.475345223074175,0.0],[-73.27371942870428,10.475791270120043,0.0],[-73.27370219329235,10.475797437890506,0.0],[-73.27358559945309,10.475656491471488,0.0]]]}},
{"type":"Feature","properties":{"NOMBRE":"CONJ. CER. CORTIJOS I"},"geometry":{"type":"Polygon","coordinates":[[[-73.26083362357923,10.47537365364319,0.0],[-73.26142908970057,10.475250348581746,0.0],[-73.26158808801797,10.475658795079235,0.0],[-73.26103121309285,10.475866876344108,0.0],[-73.26083362357923,10.47537365364319,0.0]]]}},
{"type":"Feature","properties":{"NOMBRE":"65"},"geometry":{"type":"Polygon","coordinates":[[[-73.27289488219137,10.476023881827084,204.3454000000056],[-73.27231028450524,10.47493310325175,204.3454000000056],[-73.27275528263058,10.47469975526758,102.1727000000028],[-73.27354838912996,10.475666129818732,136.230266666671],[-73.27289488219137,10.476023881827084,204.3454000000056]]]}},
{"type":"Feature","properties":{"NOMBRE":"NORMANDIA"},"geometry":{"type":"Polygon","coordinates":[[[-73.25566206989116,10.476103471649754,0.0],[-73.25526892506933,10.475400182000584,0.0],[-73.25563564916752,10.475198586322632,0.0],[-73.25669791755313,10.474536850095577,0.0],[-73.2571140455045,10.47517074354098,0.0],[-73.25607209081132,10.475855916751069,0.0],[-73.25566206989116,10.476103471649754,0.0]]]}},
{"type":"Feature","properties":{"NOMBRE":"LOPERENA"},"geometry":{"type":"Polygon","coordinates":[[[-73.2489839880612,10.475138393766228,0.0],[-73.24846604092207,10.475501355912892,0.0],[-73.2479089039654,10.474679150279279,0.0],[-73.24709279477933,10.475212560511032,0.0],[-73.24546046979255,10.473093158924673,0.0],[-73.24693532025287,10.472107666061476,0.0],[-73.25164453582958,10.469060483962583,0.0],[-73.25126789932466,10.470289257188542,0.0],[-73.25229859679898,10.47180368517902,0.0],[-73.25141719662815,10.47238254255532,0.0],[-73.25183734599368,10.473013657304069,0.0],[-73.25186757689154,10.473106093634437,0.0],[-73.25022505494269,10.474262719322054,0.0],[-73.25092759672502,10.475298184528661,0.0],[-73.2496773115149,10.476140834101768,0.0],[-73.2489839880612,10.475138393766228,0.0]]]}},
{"type":"Feature","properties":{"NOMBRE":"EL AMPARO"},"geometry":{"type":"Polygon","coordinates":[[[-73.26426565996022,10.474468019331104,0.0],[-73.26495516977653,10.47420815858759,0.0],[-73.2668429783885,10.473533072990442,0.0],[-73.26761111411784,10.475222803589105,0.0],[-73.26705352946993,10.475453545977484,0.0],[-73.26710934442278,10.475623371325247,0.0],[-73.26597490244482,10.476177104390159,0.0],[-73.26586084133979,10.475958569281055,0.0],[-73.26518515276372,10.476295550604373,0.0],[-73.26426565996022,10.474468019331104,0.0]]]}},
{"type":"Feature","properties":{"NOMBRE":"CONJ.RES.ALEMANIA"},"geometry":{"type":"Polygon","coordinates":[[[-73.25484523982833,10.475633089505012,0.0],[-73.25526892506933,10.475400182000584,0.0],[-73.25566206989116,10.476103471649754,0.0],[-73.25530096510732,10.476321490859494,0.0],[-73.25484523982833,10.475633089505012,0.0]]]}},
{"type":"Feature","properties":{"NOMBRE":"EL CARMEN"},"geometry":{"type":"Polygon","coordinates":[[[-73.24012535465819,10.476083149462994,0.0],[-73.23992897356861,10.475799789753275,0.0],[-73.23975535207333,10.475473088924355,0.0],[-73.23974033989629,10.475364765460716,0.0],[-73.23957390799681,10.475089653635763,0.0],[-73.23967306348209,10.47502888608954,0.0],[-73.23956884858676,10.474964009918887,0.0],[-73.2394762714106,10.47486147296869,0.0],[-73.2395195822482,10.474830901414803,0.0],[-73.23944248169393,10.474732135005427,0.0],[-73.23940416925991,10.474756038402235,0.0],[-73.23925578282466,10.47443474268312,0.0],[-73.2392075656244,10.474376922936372,0.0],[-73.23913816161294,10.474325546099998,0.0],[-73.23896588154557,10.47412081684063,0.0],[-73.23881381635738,10.474004548018888,0.0],[-73.23879233159481,10.473933958520796,0.0],[-73.23866193952944,10.473903187134356,0.0],[-73.23863847892912,10.473876865664023,0.0],[-73.23855028587748,10.47387844397982,0.0],[-73.23842638441864,10.473781339406115,0.0],[-73.2383872989889,10.473739170686537,0.0],[-73.23827174135232,10.473497325878524,0.0],[-73.23805010216296,10.47334773171252,0.0],[-73.23797957318128,10.473203765337251,0.0],[-73.23791983828144,10.473186319266441,0.0],[-73.23779844065683,10.473261958648168,0.0],[-73.23762414185565,10.473170831788666,0.0],[-73.23765402421341,10.473007443334497,0.0],[-73.23766459595264,10.472772406166841,0.0],[-73.23761908854307,10.472561143977241,0.0],[-73.23768835831842,10.472529488547018,0.0],[-73.23760076001801,10.472243471166344,0.0],[-73.2374205898513,10.472295524309045,0.0],[-73.23732578549833,10.472043125792732,0.0],[-73.23780927424002,10.47186174038496,0.0],[-73.2387281086282,10.47183242204755,0.0],[-73.24359860168447,10.471586991297208,0.0],[-73.24376040247188,10.474194708590483,0.0],[-73.24301021831648,10.474730838820507,0.0],[-73.24298536979428,10.47473049797976,0.0],[-73.24058367287991,10.476452457440578,0.0],[-73.24012535465819,10.476083149462994,0.0]]]}},
{"type":"Feature","properties":{"NOMBRE":"URBANIZACION VILLA"},"geometry":{"type":"Polygon","coordinates":[[[-73.27068288498,10.475711037226398,0.0],[-73.27150441385959,10.475296526475287,0.0],[-73.2719534468809,10.476169092962014,0.0],[-73.2711290838757,10.476577923234345,0.0],[-73.27068288498,10.475711037226398,0.0]]]}},
{"type":"Feature","properties":{"NOMBRE":"CONJ. CER. LOS CORTIJOS NORTE"},"geometry":{"type":"Polygon","coordinates":[[[-73.26222655631175,10.475654551189942,0.0],[-73.2627921077801,10.475438153413501,0.0],[-73.2631698329689,10.476410343287405,0.0],[-73.26261326691817,10.476617810659588,0.0],[-73.26222655631175,10.475654551189942,0.0]]]}},
{"type":"Feature","properties":{"NOMBRE":"DIVINO NINO"},"geometry":{"type":"Polygon","coordinates":[[[-73.28093995922117,10.47656046854511,-0.074950000001081],[-73.28052901077179,10.476502992343805,-0.074950000001081],[-73.28023995397993,10.476548438794751,-0.074950000001081],[-73.28019117481998,10.476428857466212,-0.074950000001081],[-73.27959153350118,10.476334427048792,-0.074950000001081],[-73.27941275678477,10.47628028842786,-0.074950000001081],[-73.2787348544634,10.476179619790706,-0.074950000001081],[-73.27869877474747,10.476040635329623,-0.074950000001081],[-73.27846964009767,10.476097826872659,-0.074950000001081],[-73.2776707569736,10.4759811492048,-0.037475000000995],[-73.27765793028618,10.475926105788256,-0.074950000001081],[-73.27677876306018,10.475780239710366,-0.074950000001081],[-73.276561728515,10.475718291413216,-0.074950000001081],[-73.27638651733281,10.475641510748796,-0.074950000001081],[-73.27602605751383,10.475588153342466,-0.074950000001081],[-73.27592025698901,10.475552628810869,-0.074950000001081],[-73.27583767883475,10.475498171780407,0.0],[-73.27575939653697,10.475471661430236,0.0],[-73.2745395441879,10.475251857530198,-0.049966666667387],[-73.274453174037,10.474941674702812,0.0],[-73.27446224568493,10.474735487563748,0.0],[-73.2745046186331,10.47452521793604,0.0],[-73.2745338613658,10.474173659252305,0.0],[-73.27451243146622,10.473813158006545,0.0],[-73.27456624001469,10.473558279262754,0.0],[-73.27457521613965,10.473341583017126,0.0],[-73.27452903172211,10.472674842001458,0.0],[-73.27446175235873,10.472465985383154,0.0],[-73.2744785747496,10.472106752129484,0.0],[-73.27456696371883,10.47162272594128,-0.074950000001081],[-73.27814986399422,10.472577750796665,-0.149900000003981],[-73.28189511592461,10.473614178666356,-0.074950000001081],[-73.28188953442232,10.473943982731347,-0.074950000001081],[-73.28211618978263,10.474641552236617,-0.074950000001081],[-73.2812897208774,10.47488929081333,-0.074950000001081],[-73.2816062565272,10.475730248019316,-0.074950000001081],[-73.28181739282115,10.476366446987587,-0.074950000001081],[-73.28154059060368,10.476419490740652,-0.074950000001081],[-73.28151192752857,10.476676411789938,-0.074950000001081],[-73.28127135718924,10.476637138503325,-0.074950000001081],[-73.28098802498118,10.476688064552398,-0.074950000001081],[-73.28093995922117,10.47656046854511,-0.074950000001081]]]}},
{"type":"Feature","properties":{"NOMBRE":"OBRERO"},"geometry":{"type":"Polygon","coordinates":[[[-73.2477308677602,10.476019033114492,0.0],[-73.2489839880612,10.475138393766228,0.0],[-73.2496773115149,10.476140834101768,0.0],[-73.25092759672502,10.475298184528661,0.0],[-73.25022861950436,10.47426797257572,0.0],[-73.25186757689154,10.473106093634437,0.0],[-73.25261045657635,10.474242695278061,0.0],[-73.24848677483759,10.476971202289704,0.0],[-73.2477308677602,10.476019033114492,0.0]]]}},
{"type":"Feature","properties":{"NOMBRE":"62"},"geometry":{"type":"Polygon","coordinates":[[[-73.26979618830492,10.476160633053155,0.0],[-73.27068288498,10.475711037226398,0.0],[-73.27114372410642,10.476606531669848,0.0],[-73.27025396980137,10.477055210553676,0.0],[-73.26979618830492,10.476160633053155,0.0]]]}},
{"type":"Feature","properties":{"NOMBRE":"URBANIZACION NILDA ROJAS"},"geometry":{"type":"Polygon","coordinates":[[[-73.27452831404302,10.477140941638073,0.0],[-73.27419140232469,10.476386558069493,0.0],[-73.27370219329235,10.475797437890506,0.0],[-73.27371942870428,10.475791270120043,0.0],[-73.27375784866932,10.475345223074175,0.0],[-73.27431889695004,10.475261697720455,0.0],[-73.2745684763241,10.475256910553965,-0.049966666667387],[-73.27481668071589,10.475656125481116,0.0],[-73.27484493477183,10.475776675432675,0.0],[-73.27484191321477,10.475948501968707,0.0],[-73.27475945165423,10.476332425659956,0.0],[-73.27485321708559,10.477068728923612,0.0],[-73.27452831404302,10.477140941638073,0.0]]]}},
{"type":"Feature","properties":{"NOMBRE":"RINCON DEL AMPARO"},"geometry":{"type":"Polygon","coordinates":[[[-73.26351996777036,10.475808957027812,0.0],[-73.26389807686353,10.475652681013722,0.0],[-73.2634255614302,10.474697337517178,0.0],[-73.26426565996022,10.474468019331104,0.0],[-73.2652948063323,10.476509253734816,0.0],[-73.26402779235839,10.477148120860033,0.0],[-73.26351996777036,10.475808957027812,0.0]]]}},
{"type":"Feature","properties":{"NOMBRE":"VILLA CHURRO"},"geometry":{"type":"Polygon","coordinates":[[[-73.274892309122,10.477348986250048,0.0],[-73.27475945165423,10.476332425659956,0.0],[-73.27484191321477,10.475948501968707,0.0],[-73.27483772155274,10.47572645348734,0.0],[-73.27481668071589,10.475656125481116,0.0],[-73.2745684763241,10.475256910553965,-0.049966666667387],[-73.27571837731463,10.47546577442904,-0.074950000001081],[-73.27587374371814,10.475518389839813,-0.049966666667387],[-73.27597076872351,10.475577358868465,0.0],[-73.27638651733281,10.475641510748796,-0.074950000001081],[-73.276561728515,10.475718291413216,-0.074950000001081],[-73.27677876306018,10.475780239710366,-0.074950000001081],[-73.27765793028618,10.475926105788256,-0.074950000001081],[-73.27796506436395,10.477244150999182,0.0],[-73.27675622406744,10.477278127075222,0.0],[-73.27610957377975,10.477312697173769,0.0],[-73.2755869896805,10.477324635356203,0.0],[-73.27549652693818,10.477307492969652,0.0],[-73.27518391289337,10.477344259478084,0.0],[-73.274892309122,10.477348986250048,0.0]]]}},
{"type":"Feature","properties":{"NOMBRE":"64"},"geometry":{"type":"Polygon","coordinates":[[[-73.27154371437963,10.477383480215806,0.0],[-73.2711290838757,10.476577923234345,0.0],[-73.2719534468809,10.476169092962014,0.0],[-73.27236695446919,10.47697229580192,0.0],[-73.27154371437963,10.477383480215806,0.0]]]}},
{"type":"Feature","properties":{"NOMBRE":"LA  GARITA"},"geometry":{"type":"Polygon","coordinates":[[[-73.24205074835947,10.477048165794566,0.0],[-73.24113472147194,10.476064984182752,0.0],[-73.24298536979428,10.47473049797976,0.0],[-73.24301021831648,10.474730838820507,0.0],[-73.24368555679928,10.474248250559686,0.0],[-73.24491305827837,10.475750205641189,0.0],[-73.24429096058402,10.476113981968032,0.0],[-73.24348363712357,10.476732927008724,0.0],[-73.24347738207975,10.476779862395285,0.0],[-73.24253811653631,10.47754654615175,0.0],[-73.24205074835947,10.477048165794566,0.0]]]}},
{"type":"Feature","properties":{"NOMBRE":"FUTURO DE LOS NIÑOS"},"geometry":{"type":"Polygon","coordinates":[[[-73.28790352207427,10.475135247036526,0.0],[-73.28968072085202,10.475554121234516,0.0],[-73.29009364867764,10.475669583252268,0.0],[-73.29012242241566,10.475940119793522,0.0],[-73.29008783921765,10.475952666602375,0.0],[-73.29058302345399,10.477241113544862,0.0],[-73.28887810092195,10.477712434839646,0.0],[-73.28790352207427,10.475135247036526,0.0]]]}},
{"type":"Feature","properties":{"NOMBRE":"ALFONSO LOPEZ"},"geometry":{"type":"Polygon","coordinates":[[[-73.25475634793567,10.477626717775498,0.0],[-73.25402387027246,10.476568781749355,0.0],[-73.25353720083454,10.475804200614396,0.0],[-73.25342737335306,10.475761873080403,0.0],[-73.25308116508953,10.475111349566344,0.0],[-73.2530379983083,10.47505745541958,0.0],[-73.25261045657635,10.474242695278061,0.0],[-73.25529782704643,10.472474035705387,0.0],[-73.25669791755313,10.474536850095577,0.0],[-73.25563564916752,10.475198586322632,0.0],[-73.25484523982833,10.475633089505012,0.0],[-73.25530096510732,10.476321490859494,0.0],[-73.25607209081132,10.475855916751069,0.0],[-73.2571140455045,10.47517074354098,0.0],[-73.25810263400443,10.474552403474364,0.0],[-73.25880061400645,10.474148127254757,0.0],[-73.25904390433594,10.474777521442293,0.0],[-73.25475634793567,10.477626717775498,0.0]]]}},
{"type":"Feature","properties":{"NOMBRE":"LOTIFICACION"},"geometry":{"type":"Polygon","coordinates":[[[-73.27239827086382,10.476969103483894,0.0],[-73.27322989999085,10.476599664949955,0.0],[-73.2736276945569,10.47747683419388,0.0],[-73.2729159695161,10.477744383884879,0.0],[-73.27278287097798,10.47781718255185,0.0],[-73.27239827086382,10.476969103483894,0.0]]]}},
{"type":"Feature","properties":{"NOMBRE":"VILLA CONCHA"},"geometry":{"type":"Polygon","coordinates":[[[-73.27064980542495,10.477829957383722,0.0],[-73.27025396980137,10.477055210553676,0.0],[-73.27114372410642,10.476606531669848,0.0],[-73.27154371437963,10.477383480215806,0.0],[-73.27064980542495,10.477829957383722,0.0]]]}},
{"type":"Feature","properties":{"NOMBRE":"VILLA MONICA"},"geometry":{"type":"Polygon","coordinates":[[[-73.26665388556579,10.477109905574938,0.0],[-73.26589452752732,10.477709431602136,0.0],[-73.2652948063323,10.476509253734816,0.0],[-73.26710934442278,10.475623371325247,0.0],[-73.26756226180204,10.476570714335121,0.0],[-73.26805900164167,10.477541793914293,0.0],[-73.26763505593844,10.47774724525187,0.0],[-73.2672333894338,10.477970937241418,0.0],[-73.26665388556579,10.477109905574938,0.0]]]}},
{"type":"Feature","properties":{"NOMBRE":"VILLA CONCHA II"},"geometry":{"type":"Polygon","coordinates":[[[-73.27064980542495,10.477829957383722,0.0],[-73.27213934932254,10.477085978365801,0.0],[-73.27237915210651,10.477566693356785,0.0],[-73.27089998713402,10.478319680743112,0.0],[-73.27064980542495,10.477829957383722,0.0]]]}},
{"type":"Feature","properties":{"NOMBRE":"74"},"geometry":{"type":"Polygon","coordinates":[[[-73.2718013318178,10.478336665117684,0.0],[-73.2729159695161,10.477744383884879,0.0],[-73.27452831404302,10.477140941638073,0.0],[-73.27485321708559,10.477068728923612,0.0],[-73.274892309122,10.477348986250048,0.0],[-73.27506163199317,10.478169085993244,0.0],[-73.27467283788155,10.478327184475207,0.0],[-73.27458416685657,10.47811358131546,0.0],[-73.27427673908342,10.478235031761,0.0],[-73.27420066093525,10.478041622787167,0.0],[-73.27408400023357,10.47808503876284,0.0],[-73.27392691861552,10.477642558942017,0.0],[-73.27182246471719,10.478397658958738,0.0],[-73.2718013318178,10.478336665117684,0.0]]]}},
{"type":"Feature","properties":{"NOMBRE":"VILLA MONICA II"},"geometry":{"type":"Polygon","coordinates":[[[-73.26589452752732,10.477709431602136,0.0],[-73.26665388556579,10.477109905574938,0.0],[-73.2672333894338,10.477970937241418,0.0],[-73.26714904977793,10.47799547181411,0.0],[-73.26640170847136,10.478492784420686,0.0],[-73.26589452752732,10.477709431602136,0.0]]]}},
{"type":"Feature","properties":{"NOMBRE":"LOS CORTIJOS"},"geometry":{"type":"Polygon","coordinates":[[[-73.26047795123381,10.478503717171328,0.0],[-73.25925091066215,10.475318197592394,0.0],[-73.26070873825603,10.47506878684751,0.0],[-73.26103121309285,10.475866876344108,0.0],[-73.26158808801797,10.475658795079235,0.0],[-73.26142908970057,10.475250348581746,0.0],[-73.26202020476642,10.475147444071803,0.0],[-73.26261326691817,10.476617810659588,0.0],[-73.2631698329689,10.476410343287405,0.0],[-73.26252961930929,10.474765231692308,0.0],[-73.26314221645823,10.474705592205442,0.0],[-73.2634255614302,10.474697337517178,0.0],[-73.26389807686353,10.475652681013722,0.0],[-73.26351996777036,10.475808957027812,0.0],[-73.26403125363431,10.477157359377095,0.0],[-73.26047795123381,10.478503717171328,0.0]]]}},
{"type":"Feature","properties":{"NOMBRE":"BELLO HORIZONTE"},"geometry":{"type":"Polygon","coordinates":[[[-73.29114422573952,10.478701341721244,0.0],[-73.29008783921765,10.475952666602375,0.0],[-73.29012242241566,10.475940119793522,0.0],[-73.29011259413423,10.475847715944965,0.0],[-73.29497980721183,10.477108630109006,0.0],[-73.29499181717085,10.477313496517825,0.0],[-73.29114422573952,10.478701341721244,0.0]]]}},
{"type":"Feature","properties":{"NOMBRE":"VILLA SANDRA"},"geometry":{"type":"Polygon","coordinates":[[[-73.26609889105721,10.478645137527591,0.0],[-73.2659567366194,10.478463512775924,0.0],[-73.26592264965446,10.478480805855778,0.0],[-73.26583972791738,10.478316000646137,0.0],[-73.26483444553811,10.476919512595677,0.0],[-73.26476168656637,10.476778614546594,0.0],[-73.26529502623313,10.476509688208099,0.0],[-73.26589352866282,10.477725437706104,0.0],[-73.26640193203309,10.478493217094721,0.0],[-73.26609889105721,10.478645137527591,0.0]]]}},
{"type":"Feature","properties":{"NOMBRE":"HERMANOS ROJAS S."},"geometry":{"type":"Polygon","coordinates":[[[-73.2710865497907,10.478684852630167,0.0],[-73.27089998713402,10.478319680743112,0.0],[-73.27237915210651,10.477566693356785,0.0],[-73.27213934932254,10.477085978365801,0.0],[-73.27236695446919,10.47697229580192,0.0],[-73.27150441385959,10.475296526475287,0.0],[-73.26979618830492,10.476160633053155,0.0],[-73.26881855658112,10.47426834777425,0.0],[-73.26823698469141,10.472975989204988,0.0],[-73.27083089642707,10.471949224985105,0.0],[-73.27136254089287,10.472715151997734,0.0],[-73.27138256347062,10.472767394274847,0.0],[-73.2713955510832,10.47276251851048,0.0],[-73.27206533627147,10.473697068355419,0.0],[-73.27275528263058,10.47469975526758,102.1727000000028],[-73.27231028450524,10.47493310325175,204.3454000000056],[-73.27289488219137,10.476023881827084,204.3454000000056],[-73.27358559945309,10.475656491471488,0.0],[-73.27419140232469,10.476386558069493,0.0],[-73.27452831404302,10.477140941638073,0.0],[-73.2736276945569,10.47747683419388,0.0],[-73.27322989999085,10.476599664949955,0.0],[-73.27239827086382,10.476969103483894,0.0],[-73.27278287097798,10.47781718255185,0.0],[-73.2718013318178,10.478336665117684,0.0],[-73.27182246471719,10.478397658958738,0.0],[-73.2710865497907,10.478684852630167,0.0]]]}},
{"type":"Feature","properties":{"NOMBRE":"73"},"geometry":{"type":"Polygon","coordinates":[[[-73.2727938472788,10.478538963023679,0.0],[-73.27275518533338,10.47850008972944,0.0],[-73.27260096421779,10.478118148376089,0.0],[-73.27392691861552,10.477642558942017,0.0],[-73.27408400023357,10.47808503876284,0.0],[-73.27420066093525,10.478041622787167,0.0],[-73.27427673908342,10.478235031761,0.0],[-73.27289068185111,10.478782595026987,0.0],[-73.2727938472788,10.478538963023679,0.0]]]}},
{"type":"Feature","properties":{"NOMBRE":"ICHAGUA"},"geometry":{"type":"Polygon","coordinates":[[[-73.26450558840722,10.478342362102065,0.0],[-73.26443801527529,10.478201502535214,0.0],[-73.26402779235839,10.477148120860033,0.0],[-73.26476168656637,10.476778614546594,0.0],[-73.26483466909664,10.476919945270613,0.0],[-73.26583876870957,10.478316068710853,0.0],[-73.26592286864165,10.478481241230394,0.0],[-73.26595696018049,10.478463945450228,0.0],[-73.26609889105721,10.478645137527591,0.0],[-73.26553734084342,10.478962079507589,0.0],[-73.26503994561796,10.479190546784768,0.0],[-73.26450558840722,10.478342362102065,0.0]]]}},
{"type":"Feature","properties":{"NOMBRE":"ALTAGRACIA"},"geometry":{"type":"Polygon","coordinates":[[[-73.24231342176712,10.478315898071905,0.0],[-73.24180514593087,10.477384462035024,0.0],[-73.24167032400398,10.477236858049316,0.0],[-73.24153671253775,10.477167560735385,0.0],[-73.2413169350746,10.477009808719181,0.0],[-73.24058367287991,10.476452457440578,0.0],[-73.24113472147194,10.476064984182752,0.0],[-73.24205074835947,10.477048165794566,0.0],[-73.24253811653631,10.47754654615175,0.0],[-73.24347738207975,10.476779862395285,0.0],[-73.24384588131427,10.477314347136693,0.0],[-73.24321100759119,10.477747502276115,0.0],[-73.24339918058944,10.478034397697312,0.0],[-73.24304582510463,10.478300462638096,0.0],[-73.24315811390272,10.478557239351268,0.0],[-73.24338568965935,10.478923655358892,0.0],[-73.24290695221414,10.47922257920581,0.0],[-73.24231342176712,10.478315898071905,0.0]]]}},
{"type":"Feature","properties":{"NOMBRE":"VILLA CAREL"},"geometry":{"type":"Polygon","coordinates":[[[-73.26078590279168,10.479305412731174,0.0],[-73.26047795123381,10.478503717171328,0.0],[-73.2612366756569,10.47821167236248,0.0],[-73.26154994604624,10.479020556775785,0.0],[-73.26078590279168,10.479305412731174,0.0]]]}},
{"type":"Feature","properties":{"NOMBRE":"LA ESPERANZA"},"geometry":{"type":"Polygon","coordinates":[[[-73.26847399689372,10.47942681930649,0.0],[-73.2680625649972,10.478072235678274,0.0],[-73.26789671478255,10.47761883909131,0.0],[-73.26805900164167,10.477541793914293,0.0],[-73.26756226180204,10.476570714335121,0.0],[-73.26710934442278,10.475623371325247,0.0],[-73.26705352946993,10.475453545977484,0.0],[-73.26761111411784,10.475222803589105,0.0],[-73.26762904191538,10.475262713096667,0.0],[-73.26768049529056,10.47527518607447,0.0],[-73.26906513426488,10.474731995812316,0.0],[-73.2710672530461,10.478647103047077,0.0],[-73.2691025671826,10.47922120339835,0.0],[-73.26847399689372,10.47942681930649,0.0]]]}},
{"type":"Feature","properties":{"NOMBRE":"VILLA LUCY"},"geometry":{"type":"Polygon","coordinates":[[[-73.26110260261,10.479660177928396,0.0],[-73.26087189259218,10.47952919193134,0.0],[-73.26141755511378,10.479316015902285,0.0],[-73.26153539376344,10.479598325443117,0.0],[-73.2614716509016,10.4796227539579,0.0],[-73.26147860522866,10.479641261854665,0.0],[-73.26133736752335,10.479696170095373,0.0],[-73.26135042216718,10.479730743853832,0.0],[-73.26121941337698,10.479783486110849,0.0],[-73.26110260261,10.479660177928396,0.0]]]}},
{"type":"Feature","properties":{"NOMBRE":"CENTRO"},"geometry":{"type":"Polygon","coordinates":[[[-73.24394613925101,10.479845183676215,0.0],[-73.24315811390272,10.478557239351268,0.0],[-73.24304582510463,10.478300462638096,0.0],[-73.24339918058944,10.478034397697312,0.0],[-73.24321100759119,10.477747502276115,0.0],[-73.24384588131427,10.477314347136693,0.0],[-73.24347738207975,10.476779862395285,0.0],[-73.24348363712357,10.476732927008724,0.0],[-73.24429096058402,10.476113981968032,0.0],[-73.24491305827837,10.475750205641189,0.0],[-73.24368555679928,10.474248250559686,0.0],[-73.24376040247188,10.474194708590483,0.0],[-73.24359860168447,10.471586991297208,0.0],[-73.24356180792202,10.470663660689167,0.0],[-73.24546046979255,10.473093158924673,0.0],[-73.24709279477933,10.475212560511032,0.0],[-73.2479089039654,10.474679150279279,0.0],[-73.24846604092207,10.475501355912892,0.0],[-73.2477308677602,10.476019033114492,0.0],[-73.24848677483759,10.476971202289704,0.0],[-73.2458328944561,10.478755915929014,0.0],[-73.24577095534671,10.478771528518287,0.0],[-73.24511136392992,10.47914432013549,0.0],[-73.24394613925101,10.479845183676215,0.0]]]}},
{"type":"Feature","properties":{"NOMBRE":"ALTAGRACIA"},"geometry":{"type":"Polygon","coordinates":[[[-73.27546231732201,10.479899992983379,0.0],[-73.27534929019727,10.47947916399491,0.0],[-73.274892309122,10.477348986250048,0.0],[-73.27518391289337,10.477344259478084,0.0],[-73.27549652693818,10.477307492969652,0.0],[-73.2755869896805,10.477324635356203,0.0],[-73.27610957377975,10.477312697173769,0.0],[-73.27675622406744,10.477278127075222,0.0],[-73.27796506436395,10.477244150999182,0.0],[-73.27828326336856,10.478601730695589,0.0],[-73.27785545898463,10.478763852839055,0.0],[-73.27767726346664,10.478846998512239,0.0],[-73.276742408363,10.479371826341145,0.0],[-73.27617269462887,10.479660930783409,0.0],[-73.27548917270836,10.479958020614642,0.0],[-73.27546231732201,10.479899992983379,0.0]]]}},
{"type":"Feature","properties":{"NOMBRE":"GUAJIRA"},"geometry":{"type":"Polygon","coordinates":[[[-73.24290695221414,10.47922257920581,0.0],[-73.24338568965935,10.478923655358892,0.0],[-73.24394613925101,10.479845183676215,0.0],[-73.24347822250964,10.480126625665774,0.0],[-73.24290695221414,10.47922257920581,0.0]]]}},
{"type":"Feature","properties":{"NOMBRE":"71"},"geometry":{"type":"Polygon","coordinates":[[[-73.2724489217303,10.4791479933258,0.0],[-73.27257833216615,10.479098417943659,0.0],[-73.27223540764096,10.478252282766839,0.0],[-73.27260096421779,10.478118148376089,0.0],[-73.27275518533338,10.47850008972944,0.0],[-73.2727938472788,10.478538963023679,0.0],[-73.27295879451225,10.47899238061001,0.0],[-73.2728943356961,10.479019215182953,0.0],[-73.27297749036371,10.479224858762025,0.0],[-73.2729173341634,10.479247172533968,0.0],[-73.27307415839452,10.479659524996418,0.0],[-73.27301449933269,10.479683120080344,0.0],[-73.27310258975061,10.479888179483329,0.0],[-73.27304371519769,10.47991355649933,0.0],[-73.27312925224763,10.480119900334575,0.0],[-73.27286000981206,10.480223006237605,0.0],[-73.2724489217303,10.4791479933258,0.0]]]}},
{"type":"Feature","properties":{"NOMBRE":"OBRERO"},"geometry":{"type":"Polygon","coordinates":[[[-73.24848677483759,10.476971202289704,0.0],[-73.25261045657635,10.474242695278061,0.0],[-73.2530379983083,10.47505745541958,0.0],[-73.25308116508953,10.475111349566344,0.0],[-73.25342737335306,10.475761873080403,0.0],[-73.25353720083454,10.475804200614396,0.0],[-73.25402387027246,10.476568781749355,0.0],[-73.25475634793567,10.477626717775498,0.0],[-73.25098753683379,10.48019394362252,0.0],[-73.24848677483759,10.476971202289704,0.0]]]}},
{"type":"Feature","properties":{"NOMBRE":"EL TREBOL"},"geometry":{"type":"Polygon","coordinates":[[[-73.27918939391671,10.479742023481089,0.0],[-73.27942405049475,10.479661004622622,0.0],[-73.28004737337774,10.480364619456646,0.0],[-73.27950995563927,10.480580135067171,0.0],[-73.27918939391671,10.479742023481089,0.0]]]}},
{"type":"Feature","properties":{"NOMBRE":"SAN CLEMENTE"},"geometry":{"type":"Polygon","coordinates":[[[-73.25701092889054,10.47981474878758,0.0],[-73.25749613448284,10.479471138343197,0.0],[-73.25574063650552,10.47696480934511,0.0],[-73.25904390433594,10.474777521442293,0.0],[-73.26048695492055,10.478527159763232,0.0],[-73.25761575083152,10.480633694389116,0.0],[-73.25701092889054,10.47981474878758,0.0]]]}},
{"type":"Feature","properties":{"NOMBRE":"91"},"geometry":{"type":"Polygon","coordinates":[[[-73.27859830341674,10.479945818366776,0.0],[-73.27918936670099,10.479741951093898,0.0],[-73.27950995563927,10.480580135067171,0.0],[-73.2791390854626,10.48072815380358,0.0],[-73.27913415932123,10.48066908129545,0.0],[-73.27878419993193,10.480738921074124,0.0],[-73.27859830341674,10.479945818366776,0.0]]]}},
{"type":"Feature","properties":{"NOMBRE":"INSTITUCIÓN EDUCATIVA LOPERENA"},"geometry":{"type":"Polygon","coordinates":[[[-73.27611491357297,10.481275516505649,0.0],[-73.27604623728347,10.480974892099814,0.0],[-73.27548917270836,10.479958020614642,0.0],[-73.27598995288551,10.479743517983781,0.0],[-73.27644977619259,10.47952434720195,0.0],[-73.27767925398867,10.478846170942987,0.0],[-73.27785490939188,10.47876410999835,0.0],[-73.27828326336856,10.478601730695589,0.0],[-73.27878419993193,10.480738921074124,0.0],[-73.27611491357297,10.481275516505649,0.0]]]}},
{"type":"Feature","properties":{"NOMBRE":"70"},"geometry":{"type":"Polygon","coordinates":[[[-73.27286000981206,10.480223006237605,0.0],[-73.27312925224763,10.480119900334575,0.0],[-73.27304371519769,10.47991355649933,0.0],[-73.27310258975061,10.479888179483329,0.0],[-73.27301449933269,10.479683120080344,0.0],[-73.27307415839452,10.479659524996418,0.0],[-73.2729173341634,10.479247172533968,0.0],[-73.27297749036371,10.479224858762025,0.0],[-73.2728943356961,10.479019215182953,0.0],[-73.27295879451225,10.47899238061001,0.0],[-73.27287625240793,10.47878829523973,0.0],[-73.27458416685657,10.47811358131546,0.0],[-73.27467198390393,10.478327532163688,0.0],[-73.27506163199317,10.478169085993244,0.0],[-73.27512366675313,10.478406176151436,0.0],[-73.27534929019727,10.47947916399491,0.0],[-73.27547856500037,10.479960797141814,0.0],[-73.27512857703658,10.48018095299343,0.0],[-73.2745099765064,10.480443610523011,0.0],[-73.27329498763923,10.481335301624927,0.0],[-73.27286000981206,10.480223006237605,0.0]]]}},
{"type":"Feature","properties":{"NOMBRE":"CANAGUATE"},"geometry":{"type":"Polygon","coordinates":[[[-73.24824162952177,10.479970478702443,0.0],[-73.24681303215046,10.480895961805674,0.0],[-73.24638223362638,10.481199935463742,0.0],[-73.24511512589031,10.479142673884162,0.0],[-73.24577095534671,10.478771528518287,0.0],[-73.2458328944561,10.478755915929014,0.0],[-73.2484863283184,10.476971503960232,0.0],[-73.25098753683379,10.48019394362252,0.0],[-73.24929093702764,10.481345329302538,0.0],[-73.24824162952177,10.479970478702443,0.0]]]}},
{"type":"Feature","properties":{"NOMBRE":"URBANISMO EVELIO DAZA"},"geometry":{"type":"Polygon","coordinates":[[[-73.2791390854626,10.48072815380358,0.0],[-73.28004737337774,10.480364619456646,0.0],[-73.28032977389014,10.480603307830537,0.0],[-73.28093732413429,10.48095730179958,0.0],[-73.28040886215823,10.481129691311857,72.0630999999994],[-73.27920878188395,10.481563870699041,72.0630999999994],[-73.2791390854626,10.48072815380358,0.0]]]}},
{"type":"Feature","properties":{"NOMBRE":"LA NEVADA"},"geometry":{"type":"Polygon","coordinates":[[[-73.28250003737644,10.480893737064802,0.0],[-73.28188128858143,10.481091406796569,0.0],[-73.28172395912426,10.481128207032032,0.0],[-73.28156276055583,10.481140336744783,0.0],[-73.28125002135803,10.48112350043729,0.0],[-73.28124266890197,10.48087599211959,0.0],[-73.28093732413429,10.48095730179958,0.0],[-73.28032977389014,10.480603307830537,0.0],[-73.28004737337774,10.480364619456646,0.0],[-73.27942405049475,10.479661004622622,0.0],[-73.27859830341674,10.479945818366776,0.0],[-73.2776707569736,10.4759811492048,-0.037475000000995],[-73.27846964009767,10.476097826872659,-0.074950000001081],[-73.27869877474747,10.476040635329623,-0.074950000001081],[-73.2787348544634,10.476179619790706,-0.074950000001081],[-73.27941275678477,10.47628028842786,-0.074950000001081],[-73.27959153350118,10.476334427048792,-0.074950000001081],[-73.28019117481998,10.476428857466212,-0.074950000001081],[-73.28023995397993,10.476548438794751,-0.074950000001081],[-73.28052901077179,10.476502992343805,-0.074950000001081],[-73.28093995922117,10.47656046854511,-0.074950000001081],[-73.28098802498118,10.476688064552398,-0.074950000001081],[-73.28127135718924,10.476637138503325,-0.074950000001081],[-73.28151192752857,10.476676411789938,-0.074950000001081],[-73.28154059060368,10.476419490740652,-0.074950000001081],[-73.28181739282115,10.476366446987587,-0.074950000001081],[-73.2816062565272,10.475730248019316,-0.074950000001081],[-73.2812897208774,10.47488929081333,-0.074950000001081],[-73.28211618978263,10.474641552236617,-0.074950000001081],[-73.28188953442232,10.473943982731347,-0.074950000001081],[-73.28189511592461,10.473614178666356,-0.074950000001081],[-73.28535787930205,10.474448086834306,0.0],[-73.28788061225539,10.475074664566685,0.0],[-73.28887810092195,10.477712434839646,0.0],[-73.29058302345399,10.477241113544862,0.0],[-73.29114422573952,10.478701341721244,0.0],[-73.28715431496185,10.48017460728947,0.0],[-73.2828137853272,10.481687083397391,0.0],[-73.28250003737644,10.480893737064802,0.0]]]}},
{"type":"Feature","properties":{"NOMBRE":"GUAJIRA"},"geometry":{"type":"Polygon","coordinates":[[[-73.24497794456815,10.48158762517785,0.0],[-73.24447296158353,10.480730607740043,0.0],[-73.24394943752245,10.481010581343297,0.0],[-73.24347822250964,10.480126625665774,0.0],[-73.24511512589031,10.479142673884162,0.0],[-73.24638223362638,10.481199935463742,0.0],[-73.24526649905151,10.48202112845568,0.0],[-73.24497794456815,10.48158762517785,0.0]]]}},
{"type":"Feature","properties":{"NOMBRE":null},"geometry":{"type":"Polygon","coordinates":[[[-73.27545363925985,10.482166903306688,0.0],[-73.27583377345834,10.482013516577304,0.0],[-73.27580620680487,10.482248259221098,0.0],[-73.27577726738559,10.482338096721358,0.0],[-73.27545363925985,10.482166903306688,0.0]]]}},
{"type":"Feature","properties":{"NOMBRE":"(CANDELARIA NORTE)"},"geometry":{"type":"Polygon","coordinates":[[[-73.27077354855057,10.482349793589645,0.0],[-73.27023952142622,10.480977725490497,0.0],[-73.27024244689659,10.480922376509259,0.0],[-73.2699446299896,10.48013948074128,0.0],[-73.26995802738413,10.480064692835203,0.0],[-73.2696257689773,10.479068493831601,0.0],[-73.2710672530461,10.478647103047077,0.0],[-73.2710865497907,10.478684852630167,0.0],[-73.27182246471719,10.478397658958738,0.0],[-73.27223540764096,10.478252282766839,0.0],[-73.27257770320782,10.479096866922324,0.0],[-73.2724489217303,10.4791479933258,0.0],[-73.27334296389476,10.481457983384692,0.0],[-73.27272386675827,10.481709841389545,0.0],[-73.27273536282348,10.481733056779124,0.0],[-73.27102365475378,10.48259041748951,-524.9885500000019],[-73.27103338124543,10.482599967430343,-281.70473333333666],[-73.27092689148749,10.482654021546333,102.43144999999731],[-73.27077354855057,10.482349793589645,0.0]]]}},
{"type":"Feature","properties":{"NOMBRE":"21"},"geometry":{"type":"Polygon","coordinates":[[[-73.25420810038025,10.482698014738055,0.0],[-73.25391373817173,10.48227787437617,0.0],[-73.25447292925713,10.481894513688939,0.0],[-73.2547657489379,10.48230819877289,0.0],[-73.25420810038025,10.482698014738055,0.0]]]}},
{"type":"Feature","properties":{"NOMBRE":"VILLA YANETH I"},"geometry":{"type":"Polygon","coordinates":[[[-73.28268596796832,10.48197308219556,0.0],[-73.28262542040632,10.481757405042105,0.0],[-73.28459605387118,10.481057133702839,0.0],[-73.28523304913732,10.482641911882595,0.0],[-73.28506415364959,10.482704694469637,0.0],[-73.28487703312905,10.482745331775709,0.0],[-73.2838662603615,10.482778947184839,0.0],[-73.28268596796832,10.48197308219556,0.0]]]}},
{"type":"Feature","properties":{"NOMBRE":"ORIENTES DE CALLEJAS"},"geometry":{"type":"Polygon","coordinates":[[[-73.27388511015177,10.482820478306063,0.0],[-73.2734148569882,10.481740652320205,0.0],[-73.27324912680565,10.481496158366506,0.0],[-73.27334296389476,10.481457983384692,0.0],[-73.27329851442603,10.481332725140417,0.0],[-73.27452140914947,10.48043900734877,0.0],[-73.27512857703658,10.48018095299343,0.0],[-73.27547856500037,10.479960797141814,0.0],[-73.27598464528353,10.480944560114303,0.0],[-73.2760315118463,10.48138839055763,0.0],[-73.27590637528424,10.482013025115448,0.0],[-73.27585695156607,10.482004169905919,0.0],[-73.27442250213366,10.48258655130248,0.0],[-73.27388511015177,10.482820478306063,0.0]]]}},
{"type":"Feature","properties":{"NOMBRE":"TELEUPAR"},"geometry":{"type":"Polygon","coordinates":[[[-73.27200468592589,10.48283451972488,-1049.9771000000037],[-73.27170677753121,10.482248256189179,-524.9885500000019],[-73.27266165685887,10.4817699744238,-787.4828250000028],[-73.27271043843615,10.481923458879573,-1049.9771000000037],[-73.27273359594172,10.482082716456835,-1049.9771000000037],[-73.27273052537832,10.482243586395267,-1049.9771000000037],[-73.27270228626948,10.482495185314134,-1049.9771000000037],[-73.27200468592589,10.48283451972488,-1049.9771000000037]]]}},
{"type":"Feature","properties":{"NOMBRE":"DIOMEDES DAZA"},"geometry":{"type":"Polygon","coordinates":[[[-73.2788948693668,10.48120104458787,0.0],[-73.27793971268078,10.481386866788059,0.0],[-73.2778459644056,10.480928840847712,0.0],[-73.27913415932123,10.48066908129545,0.0],[-73.2793042300623,10.482940321017825,86.47571999999946],[-73.2788948693668,10.48120104458787,0.0]]]}},
{"type":"Feature","properties":{"NOMBRE":"SAN ISIDRO"},"geometry":{"type":"Polygon","coordinates":[[[-73.26698234164542,10.482625574217833,0.0],[-73.26718175475868,10.482431844035247,0.0],[-73.26694486225965,10.482012351684697,0.0],[-73.26652662150221,10.481413714705962,0.0],[-73.26629307970914,10.481505645768735,0.0],[-73.2662847868988,10.481487163470726,0.0],[-73.26653901764195,10.481387088719549,0.0],[-73.26677114265372,10.481321491424541,0.0],[-73.26687087560425,10.481481254372877,0.0],[-73.26715670707786,10.482046197658171,0.0],[-73.26728766143063,10.48236862333193,0.0],[-73.2674682510981,10.482748174237535,0.0],[-73.2672731274712,10.482929132281654,0.0],[-73.26698234164542,10.482625574217833,0.0]]]}},
{"type":"Feature","properties":{"NOMBRE":"EDIFICIO BUENA VISTA."},"geometry":{"type":"Polygon","coordinates":[[[-73.245690803288,10.482636947540756,0.0],[-73.24620366509174,10.482284095240793,0.0],[-73.24637188386342,10.482528041461773,0.0],[-73.24587103584669,10.482877639449912,0.0],[-73.245690803288,10.482636947540756,0.0]]]}},
{"type":"Feature","properties":{"NOMBRE":"80"},"geometry":{"type":"Polygon","coordinates":[[[-73.28715431496185,10.48017460728947,0.0],[-73.28816865814598,10.479807360091202,0.0],[-73.28924763403488,10.482626774057637,-0.295499999999265],[-73.2882676207592,10.482994478968722,-0.196999999999207],[-73.28715431496185,10.48017460728947,0.0]]]}},
{"type":"Feature","properties":{"NOMBRE":"VILLA YANETH"},"geometry":{"type":"Polygon","coordinates":[[[-73.28810840606327,10.482674472614192,-0.59099999999944],[-73.28529531016349,10.48284759754305,-0.393999999999323],[-73.2852415434734,10.482638713934172,0.0],[-73.2851418708655,10.482677193460903,0.0],[-73.28523304913732,10.482641911882595,0.0],[-73.28459605387118,10.481057133702839,0.0],[-73.28715431496185,10.48017460728947,0.0],[-73.2882676207592,10.482994478968722,-0.196999999999207],[-73.28823922233609,10.48300513434179,-0.59099999999944],[-73.28810840606327,10.482674472614192,-0.59099999999944]]]}},
{"type":"Feature","properties":{"NOMBRE":"VILLA ELVIA"},"geometry":{"type":"Polygon","coordinates":[[[-73.26605041091122,10.48211417734653,0.0],[-73.26604431081107,10.482037574483776,0.0],[-73.26643374869231,10.481736739889202,0.0],[-73.26629307970914,10.481505645768735,0.0],[-73.26652662150221,10.481413714705962,0.0],[-73.26694486225965,10.482012351684697,0.0],[-73.26718175475868,10.482431844035247,0.0],[-73.2666002518285,10.48297214442028,0.0],[-73.26605041091122,10.48211417734653,0.0]]]}},
{"type":"Feature","properties":{"NOMBRE":"19"},"geometry":{"type":"Polygon","coordinates":[[[-73.25692908730993,10.482238749435501,0.0],[-73.25753793468077,10.481840579162363,0.0],[-73.25803785364792,10.482572910946802,0.0],[-73.25742925589064,10.482976873651909,0.0],[-73.25692908730993,10.482238749435501,0.0]]]}},
{"type":"Feature","properties":{"NOMBRE":"SANTILLANA"},"geometry":{"type":"Polygon","coordinates":[[[-73.2793042300623,10.482940321017825,86.47571999999946],[-73.27920878188395,10.481563870699041,72.0630999999994],[-73.28040886215823,10.481129691311857,72.0630999999994],[-73.28084742788575,10.482122019231072,108.09465],[-73.2810659960952,10.482107414675175,108.09465],[-73.28108039260056,10.482436313877749,54.047324999999546],[-73.27933387837757,10.48306798132698,108.09465],[-73.2793042300623,10.482940321017825,86.47571999999946]]]}},
{"type":"Feature","properties":{"NOMBRE":"CONDOMINIO"},"geometry":{"type":"Polygon","coordinates":[[[-73.27793971268078,10.481386866788059,0.0],[-73.2788948693668,10.48120104458787,0.0],[-73.2793042300623,10.482940321017825,86.47571999999946],[-73.27830087786299,10.483153355927755,0.0],[-73.27793971268078,10.481386866788059,0.0]]]}},
{"type":"Feature","properties":{"NOMBRE":"CALLEJAS IV"},"geometry":{"type":"Polygon","coordinates":[[[-73.27262570028834,10.483177521066718,-1049.9771000000037],[-73.27273052537832,10.482243586395267,-1049.9771000000037],[-73.27273359594172,10.482082716456835,-1049.9771000000037],[-73.27271043843615,10.481923458879573,-1049.9771000000037],[-73.27266165685887,10.4817699744238,-787.4828250000028],[-73.27273425255225,10.481733612633853,-524.9885500000019],[-73.27335708776643,10.482988562759495,-839.9816800000026],[-73.27262570028834,10.483177521066718,-1049.9771000000037]]]}},
{"type":"Feature","properties":{"NOMBRE":"18"},"geometry":{"type":"Polygon","coordinates":[[[-73.25372474350712,10.482966152683442,0.0],[-73.2541764698922,10.482652868524676,0.0],[-73.25429238525004,10.482817066572338,0.0],[-73.25385781868253,10.483149895987138,0.0],[-73.25372474350712,10.482966152683442,0.0]]]}},
{"type":"Feature","properties":{"NOMBRE":"U. AREA ANDINA"},"geometry":{"type":"Polygon","coordinates":[[[-73.27191255245772,10.48347061585811,-281.70473333333666],[-73.27102365475378,10.48259041748951,-524.9885500000019],[-73.27170680297233,10.482248307780747,-1049.9771000000037],[-73.27200468592589,10.48283451972488,-1049.9771000000037],[-73.27270228626948,10.482495185314134,-1049.9771000000037],[-73.27261334314335,10.483292122334136,-839.9816800000026],[-73.27214631192247,10.483241148956278,-524.9885500000019],[-73.27191255245772,10.48347061585811,-281.70473333333666]]]}},
{"type":"Feature","properties":{"NOMBRE":"VILLA CLARA"},"geometry":{"type":"Polygon","coordinates":[[[-73.25098753683379,10.48019394362252,0.0],[-73.25574063650552,10.47696480934511,0.0],[-73.25749613448284,10.479471138343197,0.0],[-73.25701092889054,10.47981474878758,0.0],[-73.25761575083152,10.480633694389116,0.0],[-73.2587171671674,10.479814775094736,0.0],[-73.25926759456219,10.480655987645594,0.0],[-73.25965688400255,10.481211188337685,0.0],[-73.25882031001149,10.481781337393974,0.0],[-73.25835959039627,10.48235777179901,0.0],[-73.25803709663813,10.482571801619162,0.0],[-73.25753793468077,10.481840579162363,0.0],[-73.25660839219438,10.48243715796528,0.0],[-73.2561167004504,10.481728924785884,0.0],[-73.25556284375854,10.482088036742503,0.0],[-73.2547313502593,10.4808754350297,0.0],[-73.25351344297168,10.481707852425785,0.0],[-73.25417518058745,10.482653762841586,0.0],[-73.25372474350712,10.482966152683442,0.0],[-73.25385781868253,10.483149895987138,0.0],[-73.25346941258587,10.483447370278071,0.0],[-73.25098753683379,10.48019394362252,0.0]]]}},
{"type":"Feature","properties":{"NOMBRE":"FRANCISCO EL HOMBRE"},"geometry":{"type":"Polygon","coordinates":[[[-73.27590688500669,10.48334043449838,0.0],[-73.27543695188731,10.483444917900796,0.0],[-73.27568335552444,10.482923653634007,0.0],[-73.27583376386244,10.48265890811466,0.0],[-73.275848469977,10.482595413957291,0.0],[-73.27581033953979,10.48256120236609,0.0],[-73.27595637734218,10.481935509550919,0.0],[-73.27606001613691,10.48128654608584,0.0],[-73.2778459644056,10.480928840847712,0.0],[-73.27830087786299,10.483153355927755,0.0],[-73.2768485197175,10.483461718630153,0.0],[-73.2768240092508,10.483348637016991,0.0],[-73.2759915653937,10.483528980607144,0.0],[-73.27590688500669,10.48334043449838,0.0]]]}},
{"type":"Feature","properties":{"NOMBRE":"SAN ISIDRO"},"geometry":{"type":"Polygon","coordinates":[[[-73.26438382293821,10.483573689549399,0.0],[-73.26414986735168,10.482993219720715,0.0],[-73.26492281702012,10.482694831835326,0.0],[-73.26582998967828,10.48232266858396,0.0],[-73.26603131245338,10.482109896188183,0.0],[-73.26602298719475,10.481995476724926,0.0],[-73.2659193200374,10.481641270171345,0.0],[-73.26629307970914,10.481505645768735,0.0],[-73.26643374869231,10.481736739889202,0.0],[-73.26604431081107,10.482037574483776,0.0],[-73.26605041091122,10.48211417734653,0.0],[-73.26509445641689,10.48312449233185,0.0],[-73.26510502998225,10.483242096839712,0.0],[-73.26438382293821,10.483573689549399,0.0]]]}},
{"type":"Feature","properties":{"NOMBRE":null},"geometry":{"type":"Polygon","coordinates":[[[-73.26907080792897,10.483713876152144,0.0],[-73.2684082820905,10.482754507499214,0.0],[-73.26799057203509,10.48309081364074,0.0],[-73.26769260743045,10.483375542538099,0.0],[-73.2672731274712,10.482929132281654,0.0],[-73.2674682510981,10.482748174237535,0.0],[-73.26728766143063,10.48236862333193,0.0],[-73.26715670707786,10.482046197658171,0.0],[-73.26687087560425,10.481481254372877,0.0],[-73.26677114265372,10.481321491424541,0.0],[-73.26653901764195,10.481387088719549,0.0],[-73.2662847868988,10.481487163470726,0.0],[-73.26629307970914,10.481505645768735,0.0],[-73.2659193200374,10.481641270171345,0.0],[-73.26602298719475,10.481995476724926,0.0],[-73.26603131245338,10.482109896188183,0.0],[-73.26582998967828,10.48232266858396,0.0],[-73.26492281702012,10.482694831835326,0.0],[-73.26414986735168,10.482993219720715,0.0],[-73.26365107089097,10.481823953640928,0.0],[-73.26347885710794,10.481222130171954,0.0],[-73.26314034604403,10.480557690688205,0.0],[-73.26342520602013,10.480424275653847,0.0],[-73.2632343931452,10.479882716464234,0.0],[-73.26265002185477,10.48007572627693,0.0],[-73.26211697889104,10.480389724480146,0.0],[-73.26134520665583,10.48076170025923,0.0],[-73.260871923438,10.479529271560967,0.0],[-73.26110260261,10.479660177928396,0.0],[-73.26121941337698,10.479783486110849,0.0],[-73.26135042216718,10.479730743853832,0.0],[-73.26133736752335,10.479696170095373,0.0],[-73.26147860522866,10.479641261854665,0.0],[-73.2614716509016,10.4796227539579,0.0],[-73.26153539376344,10.479598325443117,0.0],[-73.26141755511378,10.479316015902285,0.0],[-73.26087189259218,10.47952919193134,0.0],[-73.26078590279168,10.479305412731174,0.0],[-73.26154994604624,10.479020556775785,0.0],[-73.2612366756569,10.47821167236248,0.0],[-73.26242923029504,10.477769086421155,0.0],[-73.26403125363431,10.477157359377095,0.0],[-73.26402779235839,10.477148120860033,0.0],[-73.26443801527529,10.478201502535214,0.0],[-73.26450558840722,10.478342362102065,0.0],[-73.26503994561796,10.479190546784768,0.0],[-73.26553734084342,10.478962079507589,0.0],[-73.26609889105721,10.478645137527591,0.0],[-73.26640193203309,10.478493217094721,0.0],[-73.26714904977793,10.47799547181411,0.0],[-73.2672333894338,10.477970937241418,0.0],[-73.26763505593844,10.47774724525187,0.0],[-73.26789671478255,10.47761883909131,0.0],[-73.2680625649972,10.478072235678274,0.0],[-73.26847399689372,10.47942681930649,0.0],[-73.2691025671826,10.47922120339835,0.0],[-73.2696257689773,10.479068493831601,0.0],[-73.26995802738413,10.480064692835203,0.0],[-73.2699446299896,10.48013948074128,0.0],[-73.27024244689659,10.480922376509259,0.0],[-73.27023952142622,10.480977725490497,0.0],[-73.27077354855057,10.482349793589645,0.0],[-73.27092689148749,10.482654021546333,102.43144999999731],[-73.27017325293596,10.48303656570308,204.86289999999372],[-73.2701930440884,10.483076019703333,102.43144999999731],[-73.26907080792897,10.483713876152144,0.0]]]}},
{"type":"Feature","properties":{"NOMBRE":"ALTOS DE ARIZONA"},"geometry":{"type":"Polygon","coordinates":[[[-73.26767306010275,10.483394221521339,0.0],[-73.26799057203509,10.48309081364074,0.0],[-73.26809374279253,10.483018619096768,0.0],[-73.2684340596466,10.483642050424974,0.0],[-73.26804083112133,10.483907471414563,0.0],[-73.26767306010275,10.483394221521339,0.0]]]}},
{"type":"Feature","properties":{"NOMBRE":"IGLESIA CRISTO VIVE EN MÍ"},"geometry":{"type":"Polygon","coordinates":[[[-73.27252808174826,10.484082854581262,-524.9885500000019],[-73.27191255245772,10.48347061585811,-281.70473333333666],[-73.27214631192247,10.483241148956278,-524.9885500000019],[-73.27261334314335,10.483292122334136,-839.9816800000026],[-73.27252808174826,10.484082854581262,-524.9885500000019]]]}},
{"type":"Feature","properties":{"NOMBRE":"PONTEVEDRA"},"geometry":{"type":"Polygon","coordinates":[[[-73.26113396111694,10.484073215164813,0.0],[-73.25835959039627,10.48235777179901,0.0],[-73.25882031001149,10.481781337393974,0.0],[-73.25965688400255,10.481211188337685,0.0],[-73.25926759456219,10.480655987645594,0.0],[-73.2587171671674,10.479814775094736,0.0],[-73.26048695492055,10.478527159763232,0.0],[-73.2620626676931,10.482616650193854,0.0],[-73.26113396111694,10.484073215164813,0.0]]]}},
{"type":"Feature","properties":{"NOMBRE":"DOÑA FINA"},"geometry":{"type":"Polygon","coordinates":[[[-73.270711824777,10.484110209466268,68.28763333333063],[-73.27017325293596,10.48303656570308,204.86289999999372],[-73.27103338124543,10.482599967430343,-281.70473333333666],[-73.2719328322228,10.483490751040147,68.28763333333063],[-73.270711824777,10.484110209466268,68.28763333333063]]]}},
{"type":"Feature","properties":{"NOMBRE":"MARSELLA REAL"},"geometry":{"type":"Polygon","coordinates":[[[-73.27933387837757,10.48306798132698,108.09465],[-73.28108039260056,10.482436313877749,54.047324999999546],[-73.28113459843054,10.483597789612245,72.0630999999994],[-73.27958365587365,10.484145199634126,108.09465],[-73.27933387837757,10.48306798132698,108.09465]]]}},
{"type":"Feature","properties":{"NOMBRE":"CONJ. CER. ARIZONA"},"geometry":{"type":"Polygon","coordinates":[[[-73.26872189893308,10.48413760966913,0.0],[-73.26809374279253,10.483018619096768,0.0],[-73.2684082820905,10.482754507499214,0.0],[-73.26907080792897,10.483713876152144,0.0],[-73.26876223592575,10.484174799974186,0.0],[-73.26872189893308,10.48413760966913,0.0]]]}},
{"type":"Feature","properties":{"NOMBRE":"ALTOS DE ARIZONA III"},"geometry":{"type":"Polygon","coordinates":[[[-73.26804083112133,10.483907471414563,0.0],[-73.2684340596466,10.483642050424974,0.0],[-73.2686225196475,10.48397710502156,0.0],[-73.26872189893308,10.48413760966913,0.0],[-73.26876057212583,10.484176765525874,0.0],[-73.26847523598438,10.48451371150619,0.0],[-73.26804083112133,10.483907471414563,0.0]]]}},
{"type":"Feature","properties":{"NOMBRE":"LOFT 38"},"geometry":{"type":"Polygon","coordinates":[[[-73.27958365587365,10.484145199634126,108.09465],[-73.28113459843054,10.483597789612245,72.0630999999994],[-73.28117530825105,10.484470094066626,108.09465],[-73.27968097457607,10.484564875322999,108.09465],[-73.27958365587365,10.484145199634126,108.09465]]]}},
{"type":"Feature","properties":{"NOMBRE":"MARIA ISABELA"},"geometry":{"type":"Polygon","coordinates":[[[-73.27468500886673,10.484638512148095,0.0],[-73.27388511015177,10.482820478306063,0.0],[-73.27441935567445,10.482587921034373,0.0],[-73.27545363925985,10.482166903306688,0.0],[-73.27577726738559,10.482338096721358,0.0],[-73.27570745923381,10.482565207223171,0.0],[-73.2756726932866,10.482614229535889,0.0],[-73.27549064627357,10.48276152082278,0.0],[-73.27527676785918,10.483062101922858,0.0],[-73.27502591355254,10.483788694887453,0.0],[-73.27494787132618,10.483895546169776,0.0],[-73.27490792235453,10.484076223490161,0.0],[-73.27468500886673,10.484638512148095,0.0]]]}},
{"type":"Feature","properties":{"NOMBRE":"ARIZONA"},"geometry":{"type":"Polygon","coordinates":[[[-73.26550356311219,10.48396687958403,0.0],[-73.26697695463808,10.482630460087089,0.0],[-73.26769260743045,10.483375542538099,0.0],[-73.26619008033224,10.484743376697194,0.0],[-73.26550356311219,10.48396687958403,0.0]]]}},
{"type":"Feature","properties":{"NOMBRE":"CONJ.CER.CALLEJAS"},"geometry":{"type":"Polygon","coordinates":[[[-73.27244358255541,10.484876372034398,-629.9862600000015],[-73.27262570028834,10.483177521066718,-1049.9771000000037],[-73.27335708776643,10.482988562759495,-839.9816800000026],[-73.27408152402816,10.48445147090025,-787.4828250000028],[-73.27244358255541,10.484876372034398,-629.9862600000015]]]}},
{"type":"Feature","properties":{"NOMBRE":"NORTE"},"geometry":{"type":"Polygon","coordinates":[[[-73.25513472695829,10.484567161449139,0.0],[-73.25385389343815,10.48380875330111,0.0],[-73.25368818856509,10.483676844734127,0.0],[-73.25346941258587,10.483447370278071,0.0],[-73.25429238525004,10.482817066572338,0.0],[-73.25420810038025,10.482698014738055,0.0],[-73.2547657489379,10.48230819877289,0.0],[-73.25447292925713,10.481894513688939,0.0],[-73.25391373817173,10.48227787437617,0.0],[-73.25351344297168,10.481707852425785,0.0],[-73.2547313502593,10.4808754350297,0.0],[-73.25556284375854,10.482088036742503,0.0],[-73.2561167004504,10.481728924785884,0.0],[-73.25660839219438,10.48243715796528,0.0],[-73.25692908730993,10.482238749435501,0.0],[-73.25742925589064,10.482976873651909,0.0],[-73.25536737813505,10.48440274101839,0.0],[-73.25588078175754,10.485030349360237,0.0],[-73.25513472695829,10.484567161449139,0.0]]]}},
{"type":"Feature","properties":{"NOMBRE":"EL ENCANTO"},"geometry":{"type":"Polygon","coordinates":[[[-73.26817103555545,10.484793528019946,0.0],[-73.26839327785761,10.484601112672888,0.0],[-73.26860995796483,10.484354644643915,0.0],[-73.26887647522506,10.484801273864829,0.0],[-73.26843230027721,10.485099202262862,0.0],[-73.26817103555545,10.484793528019946,0.0]]]}},
{"type":"Feature","properties":{"NOMBRE":"130"},"geometry":{"type":"Polygon","coordinates":[[[-73.28672847380714,10.483769785377719,-0.295499999999265],[-73.28534751167615,10.483859816690732,-0.14775],[-73.28533748115346,10.483478846819134,-0.295499999999265],[-73.28529531016349,10.48284759754305,-0.393999999999323],[-73.28810840606327,10.482674472614192,-0.59099999999944],[-73.28823922233609,10.48300513434179,-0.59099999999944],[-73.28933623376571,10.48259353060687,-0.59099999999944],[-73.29035364875152,10.482519387446564,-0.59099999999944],[-73.29079660495421,10.484303589923545,-0.295499999999265],[-73.28681624265216,10.485229030891905,-0.196999999999207],[-73.28672847380714,10.483769785377719,-0.295499999999265]]]}},
{"type":"Feature","properties":{"NOMBRE":"84"},"geometry":{"type":"Polygon","coordinates":[[[-73.28120705219351,10.485233441127704,0.0],[-73.28106598833685,10.482107233858397,0.0],[-73.28084742788575,10.482122019231072,108.09465],[-73.28040886215823,10.481129691311857,72.0630999999994],[-73.28093732413429,10.48095730179958,0.0],[-73.28124266890197,10.48087599211959,0.0],[-73.28125002135803,10.48112350043729,0.0],[-73.28156276055583,10.481140336744783,0.0],[-73.28172395912426,10.481128207032032,0.0],[-73.28211117493923,10.48101796574204,0.0],[-73.28218638308613,10.481331180945226,0.0],[-73.28224869707462,10.482397635534335,0.0],[-73.28227925294209,10.48249439693476,0.0],[-73.28229951647847,10.482797865403858,0.0],[-73.28228615678537,10.482905135272366,0.0],[-73.28230768443589,10.483576582937353,0.0],[-73.28233491452663,10.483980210672868,0.0],[-73.28233623652747,10.48450338377065,0.0],[-73.2823726805718,10.484821943135014,0.0],[-73.28239188666363,10.485176165985992,0.0],[-73.28120705219351,10.485233441127704,0.0]]]}},
{"type":"Feature","properties":{"NOMBRE":"VILLA LIGIA IV"},"geometry":{"type":"Polygon","coordinates":[[[-73.27484888886487,10.484961210036499,0.140399999997499],[-73.27505277324575,10.484559115535925,0.280799999993178],[-73.27523446132544,10.484159726557298,0.280799999993178],[-73.27687357520917,10.483742000125739,0.280799999993178],[-73.27707884134139,10.484787679783443,0.162139999994906],[-73.27499696602003,10.485295879243864,0.210599999995793],[-73.27484888886487,10.484961210036499,0.140399999997499]]]}},
{"type":"Feature","properties":{"NOMBRE":"ARIZONA II"},"geometry":{"type":"Polygon","coordinates":[[[-73.26511046973415,10.48531836074323,0.0],[-73.26438382293821,10.483573689549399,0.0],[-73.26510502998225,10.483242096839712,0.0],[-73.26509445641689,10.48312449233185,0.0],[-73.26605041091122,10.48211417734653,0.0],[-73.2666002518285,10.48297214442028,0.0],[-73.26550356311219,10.48396687958403,0.0],[-73.26619008033224,10.484743376697194,0.0],[-73.26587934719025,10.485027011598325,0.0],[-73.26511046973415,10.48531836074323,0.0]]]}},
{"type":"Feature","properties":{"NOMBRE":"AYAMONTE"},"geometry":{"type":"Polygon","coordinates":[[[-73.28867761443442,10.48509526884112,0.0],[-73.2901193674558,10.48475968877807,0.0],[-73.29021248626697,10.485151560530461,0.0],[-73.28876868390412,10.485489928225125,0.0],[-73.28867761443442,10.48509526884112,0.0]]]}},
{"type":"Feature","properties":{"NOMBRE":null},"geometry":{"type":"Polygon","coordinates":[[[-73.2901193674558,10.48475968877807,0.0],[-73.28867761443442,10.48509526884112,0.0],[-73.28861033871603,10.484812145559905,0.0],[-73.29005842342298,10.484475658409815,0.0],[-73.2901193674558,10.48475968877807,0.0]]]}},
{"type":"Feature","properties":{"NOMBRE":"131"},"geometry":{"type":"Polygon","coordinates":[[[-73.28534751167615,10.483859816690732,-0.14775],[-73.28672847380714,10.483769785377719,-0.295499999999265],[-73.28681624265216,10.485229030891905,-0.196999999999207],[-73.28543755616363,10.485549533984875,0.0],[-73.28534751167615,10.483859816690732,-0.14775]]]}},
{"type":"Feature","properties":{"NOMBRE":"PARROQUIA SAN PABLO APOSTOL"},"geometry":{"type":"Polygon","coordinates":[[[-73.26784508661439,10.485179271010162,0.0],[-73.26794829542622,10.485042450861568,0.0],[-73.26817103555545,10.484793528019946,0.0],[-73.26843230027721,10.485099202262862,0.0],[-73.26838705742787,10.485129548734847,0.0],[-73.26853240126984,10.485313209299797,0.0],[-73.26813739243651,10.48556308441574,0.0],[-73.26784508661439,10.485179271010162,0.0]]]}},
{"type":"Feature","properties":{"NOMBRE":"LOS CAÑAGUATES"},"geometry":{"type":"Polygon","coordinates":[[[-73.26656899773792,10.484398655006917,0.0],[-73.26767306010275,10.483394221521339,0.0],[-73.26847523598438,10.48451371150619,0.0],[-73.26817103555545,10.484793528019946,0.0],[-73.26794738671431,10.485043465530824,0.0],[-73.26748763623709,10.485653130559081,0.0],[-73.26656899773792,10.484398655006917,0.0]]]}},
{"type":"Feature","properties":{"NOMBRE":"CIUDAD"},"geometry":{"type":"Polygon","coordinates":[[[-73.26248683925104,10.48568051760981,0.0],[-73.26075908856086,10.484659063213854,0.0],[-73.2620626676931,10.482616650193854,0.0],[-73.2629743743206,10.48497256748741,0.0],[-73.26248683925104,10.48568051760981,0.0]]]}},
{"type":"Feature","properties":{"NOMBRE":"MARTINICA"},"geometry":{"type":"Polygon","coordinates":[[[-73.26120303218778,10.485721780103141,0.0],[-73.26108340284154,10.485548150708576,0.0],[-73.26094847014876,10.485433677473782,0.0],[-73.26093523120602,10.485437307328835,0.0],[-73.26049976684091,10.485064326060844,0.0],[-73.26075908856086,10.484659063213854,0.0],[-73.2616077781558,10.485164642778399,0.0],[-73.26125983217642,10.48576313933151,0.0],[-73.26120303218778,10.485721780103141,0.0]]]}},
{"type":"Feature","properties":{"NOMBRE":"186"},"geometry":{"type":"Polygon","coordinates":[[[-73.28876868390412,10.485489928225125,0.0],[-73.29021248626697,10.485151560530461,0.0],[-73.29029674457024,10.485520987803426,0.0],[-73.28885443608513,10.48585669631377,0.0],[-73.28876868390412,10.485489928225125,0.0]]]}},
{"type":"Feature","properties":{"NOMBRE":"VILLA YANETH II"},"geometry":{"type":"Polygon","coordinates":[[[-73.28408585438765,10.485090189539145,0.0],[-73.28403463625241,10.48437245770107,0.0],[-73.28398015343821,10.48392604225797,0.0],[-73.28394110995112,10.482776804306848,0.0],[-73.28485847382426,10.482747982134466,0.0],[-73.28505737941397,10.482707091244292,0.0],[-73.2852415434734,10.482638713934172,0.0],[-73.28529418565333,10.482830764301216,0.0],[-73.28533748115346,10.483478846819134,-0.295499999999265],[-73.28543755616363,10.485549533984875,0.0],[-73.28410707128806,10.485872202276608,0.0],[-73.28408585438765,10.485090189539145,0.0]]]}},
{"type":"Feature","properties":{"NOMBRE":"EL REFUGIO"},"geometry":{"type":"Polygon","coordinates":[[[-73.28120705219351,10.485233441127704,0.0],[-73.28239188666363,10.485176165985992,0.0],[-73.28242646545654,10.485953309611197,0.0],[-73.28123951635602,10.486014122099457,0.0],[-73.28120705219351,10.485233441127704,0.0]]]}},
{"type":"Feature","properties":{"NOMBRE":"SANTA ANA I"},"geometry":{"type":"Polygon","coordinates":[[[-73.25134801583059,10.485609114601791,0.0],[-73.25212837805445,10.485054083259037,0.0],[-73.25240255732237,10.485425504356542,0.0],[-73.25183711811015,10.485833975104798,0.0],[-73.25186087936618,10.485858584373599,0.0],[-73.25165348384205,10.486002064503097,0.0],[-73.25134801583059,10.485609114601791,0.0]]]}},
{"type":"Feature","properties":{"NOMBRE":"HORIZONTE DE CALLEJAS"},"geometry":{"type":"Polygon","coordinates":[[[-73.26343698654267,10.48616077985538,0.0],[-73.26318433140335,10.48551185172832,0.0],[-73.26337259758427,10.485425988812887,0.0],[-73.26359679838488,10.48570535182003,0.0],[-73.2637137705561,10.485647421948189,0.0],[-73.26393017390777,10.485923422775135,0.0],[-73.26343698654267,10.48616077985538,0.0]]]}},
{"type":"Feature","properties":{"NOMBRE":"UNNUEVO AMANECER"},"geometry":{"type":"Polygon","coordinates":[[[-73.28244034218066,10.486273084454252,0.0],[-73.2823726805718,10.484821943135014,0.0],[-73.28233623652747,10.48450338377065,0.0],[-73.28233491452663,10.483980210672868,0.0],[-73.28231164579088,10.483673578890135,0.0],[-73.28228615678537,10.482905135272366,0.0],[-73.28229951647847,10.482797865403858,0.0],[-73.28227925294209,10.48249439693476,0.0],[-73.28224869707462,10.482397635534335,0.0],[-73.28218638308613,10.481331180945226,0.0],[-73.28211117493923,10.48101796574204,0.0],[-73.28250003737644,10.480893737064802,0.0],[-73.2828137853272,10.481687083397391,0.0],[-73.28262542040632,10.481757405042105,0.0],[-73.28268596796832,10.48197308219556,0.0],[-73.2838662603615,10.482778947184839,0.0],[-73.28394110995112,10.482776804306848,0.0],[-73.28398015343821,10.48392604225797,0.0],[-73.28403463625241,10.48437245770107,0.0],[-73.28408585438765,10.485090189539145,0.0],[-73.28410707128806,10.485872202276608,0.0],[-73.28244034218066,10.486273084454252,0.0]]]}},
{"type":"Feature","properties":{"NOMBRE":"SEVILLA"},"geometry":{"type":"Polygon","coordinates":[[[-73.28897619184956,10.486378165458762,0.0],[-73.28885443608513,10.48585669631377,0.0],[-73.29029674457024,10.485520987803426,0.0],[-73.29005842342298,10.484475658409815,0.0],[-73.29246627855812,10.483914386267347,0.0],[-73.29265885364575,10.485099549912816,0.0],[-73.29256419163697,10.48511598680009,0.0],[-73.28897619184956,10.486378165458762,0.0]]]}},
{"type":"Feature","properties":{"NOMBRE":null},"geometry":{"type":"Polygon","coordinates":[[[-73.2715405967237,10.485654555991564,0.0],[-73.27239409177038,10.485350411237869,0.0],[-73.27230153190976,10.486191644862098,0.0],[-73.27190761429475,10.486369447426398,0.0],[-73.2715405967237,10.485654555991564,0.0]]]}},
{"type":"Feature","properties":{"NOMBRE":"SANTA ANA II"},"geometry":{"type":"Polygon","coordinates":[[[-73.25165348384205,10.486002064503097,0.0],[-73.25186087936618,10.485858584373599,0.0],[-73.25183711811015,10.485833975104798,0.0],[-73.25240255732237,10.485425504356542,0.0],[-73.25269409041749,10.48582699778357,0.0],[-73.25193683370834,10.486366560914098,0.0],[-73.25165348384205,10.486002064503097,0.0]]]}},
{"type":"Feature","properties":{"NOMBRE":"127"},"geometry":{"type":"Polygon","coordinates":[[[-73.27499696602003,10.485295879243864,0.210599999995793],[-73.27707884134139,10.484787679783443,0.162139999994906],[-73.2771836864192,10.48609109247741,0.132474999995793],[-73.27552901572146,10.486498355607514,0.187199999996665],[-73.27499696602003,10.485295879243864,0.210599999995793]]]}},
{"type":"Feature","properties":{"NOMBRE":null},"geometry":{"type":"Polygon","coordinates":[[[-73.28126207079875,10.48655657686071,0.0],[-73.28123951635602,10.486014122099457,0.0],[-73.28242646545654,10.485953309611197,0.0],[-73.28244034218066,10.486273084454252,0.0],[-73.28126207079875,10.48655657686071,0.0]]]}},
{"type":"Feature","properties":{"NOMBRE":"35"},"geometry":{"type":"Polygon","coordinates":[[[-73.26252769891614,10.486320765918368,0.0],[-73.26278929538434,10.485861036772617,0.0],[-73.26334365037535,10.486187380206749,0.0],[-73.26307005713352,10.486636945471828,0.0],[-73.26252769891614,10.486320765918368,0.0]]]}},
{"type":"Feature","properties":{"NOMBRE":"COMFACESAR"},"geometry":{"type":"Polygon","coordinates":[[[-73.28286139580413,10.486172335999298,0.0],[-73.28393356439936,10.485914049665105,0.0],[-73.28396811691789,10.486058910481365,0.0],[-73.2840040822269,10.486362422602426,0.0],[-73.28399852309104,10.486471896044034,0.0],[-73.2829899162055,10.486694827053363,0.0],[-73.28286139580413,10.486172335999298,0.0]]]}},
{"type":"Feature","properties":{"NOMBRE":"MALAGA"},"geometry":{"type":"Polygon","coordinates":[[[-73.29162698172037,10.485961520220764,24.461599999995997],[-73.29279665442525,10.485689711984453,24.461599999995997],[-73.2929507264782,10.48645990739829,24.461599999995997],[-73.29183311924193,10.48671961635914,24.461599999995997],[-73.29162698172037,10.485961520220764,24.461599999995997]]]}},
{"type":"Feature","properties":{"NOMBRE":"CONJ. CER. TERRANOVA"},"geometry":{"type":"Polygon","coordinates":[[[-73.28687636775206,10.485215164911894,-0.196999999999207],[-73.28861033871603,10.484812145559905,0.0],[-73.28896642033808,10.486336325451457,0.0],[-73.28723435068045,10.486748098756578,0.0],[-73.28687636775206,10.485215164911894,-0.196999999999207]]]}},
{"type":"Feature","properties":{"NOMBRE":"36"},"geometry":{"type":"Polygon","coordinates":[[[-73.26307005713352,10.486636945471828,0.0],[-73.26334365037535,10.486187380206749,0.0],[-73.2634068815019,10.486083480062634,0.0],[-73.26351122895518,10.486351406522527,0.0],[-73.26324010348144,10.486736076804732,0.0],[-73.26307005713352,10.486636945471828,0.0]]]}},
{"type":"Feature","properties":{"NOMBRE":"86"},"geometry":{"type":"Polygon","coordinates":[[[-73.27968097457607,10.484564875322999,108.09465],[-73.28117530825105,10.484470094066626,108.09465],[-73.28126207079875,10.48655657686071,0.0],[-73.2802091635653,10.486810287137972,0.0],[-73.27968097457607,10.484564875322999,108.09465]]]}},
{"type":"Feature","properties":{"NOMBRE":"SAN CARLOS"},"geometry":{"type":"Polygon","coordinates":[[[-73.25925392224136,10.487046386752475,0.0],[-73.2564452426856,10.485383115716283,0.0],[-73.25588078175754,10.485030349360237,0.0],[-73.25536737813505,10.48440274101839,0.0],[-73.25742925589064,10.482976873651909,0.0],[-73.25835959039627,10.48235777179901,0.0],[-73.26113396111694,10.484073215164813,0.0],[-73.25925392224136,10.487046386752475,0.0]]]}},
{"type":"Feature","properties":{"NOMBRE":"CALLEJAS III"},"geometry":{"type":"Polygon","coordinates":[[[-73.270711824777,10.484110209466268,68.28763333333063],[-73.2719328322228,10.483490751040147,68.28763333333063],[-73.27252808174826,10.484082854581262,-524.9885500000019],[-73.27239409177038,10.485350411237869,0.0],[-73.2715405967237,10.485654555991564,0.0],[-73.27190761429475,10.486369447426398,0.0],[-73.27230153190976,10.486191644862098,0.0],[-73.2722003607621,10.487103229072343,0.0],[-73.270711824777,10.484110209466268,68.28763333333063]]]}},
{"type":"Feature","properties":{"NOMBRE":null},"geometry":{"type":"Polygon","coordinates":[[[-73.27842678098227,10.484448790559025,-0.312499999999091],[-73.27707884134139,10.484787679783443,0.162139999994906],[-73.27687357520917,10.483742000125739,0.280799999993178],[-73.27523446132544,10.484159726557298,0.280799999993178],[-73.27505277324575,10.484559115535925,0.280799999993178],[-73.27484888886487,10.484961210036499,0.140399999997499],[-73.27468500886673,10.484638512148095,0.0],[-73.27491107523042,10.484074850154732,0.0],[-73.27495102511108,10.483894173740067,0.0],[-73.27502906733604,10.483787322456859,0.0],[-73.2752799207208,10.48306072948678,0.0],[-73.27549379913127,10.482760148384267,0.0],[-73.27567584614208,10.48261285709539,0.0],[-73.27571061208866,10.482563834782276,0.0],[-73.27580620680487,10.482248259221098,0.0],[-73.27583377345834,10.482013516577304,0.0],[-73.27585695156607,10.482004169905919,0.0],[-73.27590637528424,10.482013025115448,0.0],[-73.2760315118463,10.48138839055763,0.0],[-73.27598464528353,10.480944560114303,0.0],[-73.27547856500037,10.479960797141814,0.0],[-73.27548917270836,10.479958020614642,0.0],[-73.27604623728347,10.480974892099814,0.0],[-73.27611491357297,10.481275516505649,0.0],[-73.27606001613691,10.48128654608584,0.0],[-73.27595637734218,10.481935509550919,0.0],[-73.27581033953979,10.48256120236609,0.0],[-73.275848469977,10.482595413957291,0.0],[-73.27583376386244,10.48265890811466,0.0],[-73.27568335552444,10.482923653634007,0.0],[-73.27543695188731,10.483444917900796,0.0],[-73.27590688500669,10.48334043449838,0.0],[-73.2759915653937,10.483528980607144,0.0],[-73.2768240092508,10.483348637016991,0.0],[-73.2768485197175,10.483461718630153,0.0],[-73.2793042300623,10.482940321017825,86.47571999999946],[-73.2802091635653,10.486810287137972,0.0],[-73.2786176700642,10.487214377247543,-0.156249999999091],[-73.27842678098227,10.484448790559025,-0.312499999999091]]]}},
{"type":"Feature","properties":{"NOMBRE":"FRANCISCO WATSON"},"geometry":{"type":"Polygon","coordinates":[[[-73.28500140497077,10.487276055192902,0.0],[-73.28561250478515,10.485900222263568,0.0],[-73.28556109267896,10.485520826291951,0.0],[-73.28687636775206,10.485215164911894,-0.196999999999207],[-73.28723435068045,10.486748098756578,0.0],[-73.28500140497077,10.487276055192902,0.0]]]}},
{"type":"Feature","properties":{"NOMBRE":"COCACOLA"},"geometry":{"type":"Polygon","coordinates":[[[-73.25594063584644,10.4873259837236,0.0],[-73.25524917598136,10.486838255362557,0.0],[-73.25598982027799,10.485983633450592,0.0],[-73.2564452426856,10.485383115716283,0.0],[-73.25706848552942,10.485749805844371,0.0],[-73.25612313349787,10.487283983358747,0.0],[-73.25601559655655,10.487216890542074,0.0],[-73.25594063584644,10.4873259837236,0.0]]]}},
{"type":"Feature","properties":{"NOMBRE":"VILLA LIGIA III"},"geometry":{"type":"Polygon","coordinates":[[[-73.27731121789047,10.487544197127507,-0.01585000000432],[-73.27707884134139,10.484787679783443,0.162139999994906],[-73.27842678098227,10.484448790559025,-0.312499999999091],[-73.2786176700642,10.487214377247543,-0.156249999999091],[-73.27731121789047,10.487544197127507,-0.01585000000432]]]}},
{"type":"Feature","properties":{"NOMBRE":"SERRANILLA"},"geometry":{"type":"Polygon","coordinates":[[[-73.25925392224136,10.487046386752475,0.0],[-73.26049976684091,10.485064326060844,0.0],[-73.26093523120602,10.485437307328835,0.0],[-73.26094847014876,10.485433677473782,0.0],[-73.26108340284154,10.485548150708576,0.0],[-73.26120303218778,10.485721780103141,0.0],[-73.26125983217642,10.48576313933151,0.0],[-73.2616077781558,10.485164642778399,0.0],[-73.26248683925104,10.48568051760981,0.0],[-73.26244181619832,10.485689460150942,0.0],[-73.26188285585997,10.486548048362517,0.0],[-73.26106621954219,10.486069529093074,0.0],[-73.26013252210193,10.48757574170707,0.0],[-73.25925392224136,10.487046386752475,0.0]]]}},
{"type":"Feature","properties":{"NOMBRE":"DUNDAKARE"},"geometry":{"type":"Polygon","coordinates":[[[-73.27212886875066,10.487625082912675,0.0],[-73.27194682162573,10.487395164326811,0.0],[-73.27191206683521,10.487392095855434,0.0],[-73.27186860157295,10.487418842231088,0.0],[-73.27183553605089,10.48737252869515,0.0],[-73.27180467162917,10.487393030618257,0.0],[-73.26962061139209,10.484395786782892,0.0],[-73.26965442564858,10.484376419816423,0.0],[-73.26946022747681,10.484037087073302,0.0],[-73.26921845242956,10.484181346292141,0.0],[-73.26898861089313,10.483847741684873,0.0],[-73.26907080792897,10.483713876152144,0.0],[-73.2701930440884,10.483076019703333,102.43144999999731],[-73.2722003607621,10.487103229072343,0.0],[-73.27212886875066,10.487625082912675,0.0]]]}},
{"type":"Feature","properties":{"NOMBRE":"179"},"geometry":{"type":"Polygon","coordinates":[[[-73.28395014332858,10.487698291514718,0.0],[-73.2840040822269,10.486362422602426,0.0],[-73.28396806595562,10.486058478248344,0.0],[-73.28393357079732,10.485914005545306,0.0],[-73.28556109267896,10.485520826291951,0.0],[-73.28561250478515,10.485900222263568,0.0],[-73.28493057844354,10.487435540933735,0.0],[-73.28395014332858,10.487698291514718,0.0]]]}},
{"type":"Feature","properties":{"NOMBRE":"TERRANOVA"},"geometry":{"type":"Polygon","coordinates":[[[-73.28487114411017,10.487569372766796,0.0],[-73.28500140497077,10.487276055192902,0.0],[-73.28723435068045,10.486748098756578,0.0],[-73.28728319896709,10.48695727273567,0.0],[-73.2862596272331,10.487188405077587,0.0],[-73.28630728282181,10.487385751130576,0.0],[-73.28491353498693,10.487715730001081,0.0],[-73.28487114411017,10.487569372766796,0.0]]]}},
{"type":"Feature","properties":{"NOMBRE":"ENRIQUE PUPO"},"geometry":{"type":"Polygon","coordinates":[[[-73.26406599577625,10.48774531850859,0.0],[-73.26343698654267,10.48616077985538,0.0],[-73.26393017390777,10.485923422775135,0.0],[-73.2637137705561,10.485647421948189,0.0],[-73.26359679838488,10.48570535182003,0.0],[-73.26337259758427,10.485425988812887,0.0],[-73.26318433140335,10.48551185172832,0.0],[-73.26134520665583,10.48076170025923,0.0],[-73.26211697889104,10.480389724480146,0.0],[-73.26265002185477,10.48007572627693,0.0],[-73.2632343931452,10.479882716464234,0.0],[-73.26342520602013,10.480424275653847,0.0],[-73.26314034604403,10.480557690688205,0.0],[-73.26347885710794,10.481222130171954,0.0],[-73.26365107089097,10.481823953640928,0.0],[-73.26392982804768,10.482459549302765,0.0],[-73.26511046973415,10.48531836074323,0.0],[-73.26549284110556,10.485173593258686,0.0],[-73.26623666186832,10.48637279112085,0.0],[-73.26663507568388,10.486932434579641,0.0],[-73.26569590840049,10.487187247311452,0.0],[-73.26534946990395,10.487146373310214,0.0],[-73.26459386844627,10.487539152629822,0.0],[-73.26406599577625,10.48774531850859,0.0]]]}},
{"type":"Feature","properties":{"NOMBRE":"14"},"geometry":{"type":"Polygon","coordinates":[[[-73.25497140023442,10.48712391559055,0.0],[-73.25524917598136,10.486838255362557,0.0],[-73.25594063584644,10.4873259837236,0.0],[-73.25571490159297,10.487654499386956,0.0],[-73.25559985386322,10.48758047517994,0.0],[-73.25545801948992,10.487764577693849,0.0],[-73.25497140023442,10.48712391559055,0.0]]]}},
{"type":"Feature","properties":{"NOMBRE":"CONJUNTO CERRADO VILLA LIGIA I"},"geometry":{"type":"Polygon","coordinates":[[[-73.27552901572146,10.486498355607514,0.187199999996665],[-73.2771836864192,10.48609109247741,0.132474999995793],[-73.27731121789047,10.487544197127507,-0.01585000000432],[-73.2761292771009,10.487852322210063,0.140399999997499],[-73.27552901572146,10.486498355607514,0.187199999996665]]]}},
{"type":"Feature","properties":{"NOMBRE":"II ETAPA CALLEJAS"},"geometry":{"type":"Polygon","coordinates":[[[-73.27473338842098,10.486061712337246,0.0],[-73.27465197587786,10.486110121370576,0.0],[-73.27469884338589,10.486686910844705,0.0],[-73.27468502432707,10.48698337588567,0.0],[-73.2746614236963,10.487150134125487,0.0],[-73.27351872750893,10.484594706531015,-787.4828250000028],[-73.27408152402816,10.48445147090025,-787.4828250000028],[-73.27272545312752,10.481709196340477,0.0],[-73.27324912680565,10.481496158366506,0.0],[-73.2734148569882,10.481740652320205,0.0],[-73.2744712026528,10.484184030841238,0.0],[-73.27484888886487,10.484961210036499,0.140399999997499],[-73.2761292771009,10.487852322210063,0.140399999997499],[-73.27566047254442,10.48798906157011,0.0],[-73.27473338842098,10.486061712337246,0.0]]]}},
{"type":"Feature","properties":{"NOMBRE":"CALLEJAS DEL NORTE (PEDRO NEL MARTÍNEZ)"},"geometry":{"type":"Polygon","coordinates":[[[-73.27070139906606,10.48769927338471,0.0],[-73.26858833940987,10.484994539886955,0.0],[-73.26887647522506,10.484801273864829,0.0],[-73.26860995796483,10.484354644643915,0.0],[-73.26876263551074,10.484178854454898,0.0],[-73.26898861089313,10.483847741684873,0.0],[-73.26921845242956,10.484181346292141,0.0],[-73.26946022747681,10.484037087073302,0.0],[-73.26965442564858,10.484376419816423,0.0],[-73.26962061139209,10.484395786782892,0.0],[-73.27180456823903,10.48739309905916,0.0],[-73.27088208683902,10.48800586061267,0.0],[-73.27070139906606,10.48769927338471,0.0]]]}},
{"type":"Feature","properties":{"NOMBRE":"LOS ANGELES"},"geometry":{"type":"Polygon","coordinates":[[[-73.26098264760682,10.488087936963515,0.0],[-73.26013252210193,10.48757574170707,0.0],[-73.26106621954219,10.486069529093074,0.0],[-73.26293180019258,10.48716282508615,0.0],[-73.2624362484808,10.487817551253181,0.0],[-73.26151906627248,10.487227663082642,0.0],[-73.26098264760682,10.488087936963515,0.0]]]}},
{"type":"Feature","properties":{"NOMBRE":"MULTICENTRO"},"geometry":{"type":"Polygon","coordinates":[[[-73.26245447914384,10.487793342315657,0.0],[-73.26293187351604,10.487162728547794,0.0],[-73.26367356530592,10.487630598879749,0.0],[-73.26334911450896,10.487846336501335,0.0],[-73.26300260220555,10.48814169790442,0.0],[-73.26245447914384,10.487793342315657,0.0]]]}},
{"type":"Feature","properties":{"NOMBRE":"NAPOLES"},"geometry":{"type":"Polygon","coordinates":[[[-73.28606852915942,10.48744253316157,0.0],[-73.28671941331169,10.487288574167557,0.0],[-73.28692161013674,10.48807031749684,0.0],[-73.28625433196025,10.4882277606463,0.0],[-73.28606852915942,10.48744253316157,0.0]]]}},
{"type":"Feature","properties":{"NOMBRE":"TIENDA  ARA"},"geometry":{"type":"Polygon","coordinates":[[[-73.27572054345636,10.487972816540992,0.0],[-73.2762831680983,10.48781473353229,0.0],[-73.27638326237084,10.488218127074674,0.0],[-73.27590542046842,10.488324244088616,0.0],[-73.27572054345636,10.487972816540992,0.0]]]}},
{"type":"Feature","properties":{"NOMBRE":"CONJ. CER. CITARINGA"},"geometry":{"type":"Polygon","coordinates":[[[-73.26678208029881,10.487136234570569,0.0],[-73.26946437140616,10.486106329266882,0.0],[-73.27007824785531,10.48690612169406,0.0],[-73.26772035911303,10.488382736196534,0.0],[-73.26678208029881,10.487136234570569,0.0]]]}},
{"type":"Feature","properties":{"NOMBRE":"PREDIO MUNICIPIO"},"geometry":{"type":"Polygon","coordinates":[[[-73.25680253254151,10.488355912089002,0.0],[-73.25571490159297,10.487654499386956,0.0],[-73.25601559655655,10.487216890542074,0.0],[-73.25612313349787,10.487283983358747,0.0],[-73.25706848552942,10.485749805844371,0.0],[-73.25849273144466,10.486587766576463,0.0],[-73.25680253254151,10.488355912089002,0.0]]]}},
{"type":"Feature","properties":{"NOMBRE":"PASADENA"},"geometry":{"type":"Polygon","coordinates":[[[-73.26232463182289,10.488376155099246,0.0],[-73.26233989299638,10.488354776161277,0.0],[-73.26213762089476,10.48821407883427,0.0],[-73.26245447914384,10.487793342315657,0.0],[-73.26300260220555,10.48814169790442,0.0],[-73.26256422049798,10.488544523038785,0.0],[-73.26232463182289,10.488376155099246,0.0]]]}},
{"type":"Feature","properties":{"NOMBRE":"UNICENTRO"},"geometry":{"type":"Polygon","coordinates":[[[-73.26098259623932,10.488088019997992,0.0],[-73.26151906627248,10.487227663082642,0.0],[-73.2624362484808,10.487817551253181,0.0],[-73.26184202273969,10.488606582982728,0.0],[-73.26098259623932,10.488088019997992,0.0]]]}},
{"type":"Feature","properties":{"NOMBRE":"31"},"geometry":{"type":"Polygon","coordinates":[[[-73.26351865318739,10.48859650038855,0.0],[-73.26341092660037,10.488382001492631,0.0],[-73.26410654283238,10.487848213216324,0.0],[-73.26420068693052,10.488084323040548,0.0],[-73.2635571328795,10.488625044510801,0.0],[-73.26351865318739,10.48859650038855,0.0]]]}},
{"type":"Feature","properties":{"NOMBRE":"CALLEJAS IV"},"geometry":{"type":"Polygon","coordinates":[[[-73.27303127401547,10.48865483875902,0.0],[-73.2722003607621,10.487103229072343,0.0],[-73.27244358255541,10.484876372034398,-629.9862600000015],[-73.27351872750893,10.484594706531015,-787.4828250000028],[-73.2746614236963,10.487150134125487,0.0],[-73.27468502432707,10.48698337588567,0.0],[-73.27469884338589,10.486686910844705,0.0],[-73.27465206685791,10.486111323900618,0.0],[-73.27473307780512,10.486063155217781,0.0],[-73.27566047254442,10.48798906157011,0.0],[-73.27303127401547,10.48865483875902,0.0]]]}},
{"type":"Feature","properties":{"NOMBRE":"BALCONES DE"},"geometry":{"type":"Polygon","coordinates":[[[-73.27847531940341,10.487250522594831,-0.156249999999091],[-73.2802091635653,10.486810287137972,0.0],[-73.28057324281181,10.488369100856865,0.0],[-73.27882732103238,10.48877424353367,0.0],[-73.27847531940341,10.487250522594831,-0.156249999999091]]]}},
{"type":"Feature","properties":{"NOMBRE":null},"geometry":{"type":"Polygon","coordinates":[[[-73.26184202273969,10.488606582982728,0.0],[-73.26213762089476,10.48821407883427,0.0],[-73.26233989299638,10.488354776161277,0.0],[-73.26205652918337,10.488736012095915,0.0],[-73.26184202273969,10.488606582982728,0.0]]]}},
{"type":"Feature","properties":{"NOMBRE":"32"},"geometry":{"type":"Polygon","coordinates":[[[-73.26205652918337,10.488736012095915,0.0],[-73.26232463182289,10.488376155099246,0.0],[-73.26256422049798,10.488544523038785,0.0],[-73.26223196503695,10.488841866290029,0.0],[-73.26205652918337,10.488736012095915,0.0]]]}},
{"type":"Feature","properties":{"NOMBRE":"VILLA TAYRONA"},"geometry":{"type":"Polygon","coordinates":[[[-73.26450582357447,10.488849589045536,0.0],[-73.26406599577625,10.48774531850859,0.0],[-73.26459386844627,10.487539152629822,0.0],[-73.26534946990395,10.487146373310214,0.0],[-73.26569590840049,10.487187247311452,0.0],[-73.2657934934839,10.487160771024568,0.0],[-73.26596468164692,10.487594130954864,0.0],[-73.26517801831768,10.488245989871652,0.0],[-73.26450582357447,10.488849589045536,0.0]]]}},
{"type":"Feature","properties":{"NOMBRE":"SANTO TOMAS"},"geometry":{"type":"Polygon","coordinates":[[[-73.26517801831768,10.488245989871652,0.0],[-73.26596468164692,10.487594130954864,0.0],[-73.2657934934839,10.487160771024568,0.0],[-73.26633937848823,10.487012663003654,0.0],[-73.26667620911034,10.487776779606335,0.0],[-73.26623707438276,10.488064509495064,0.0],[-73.26610950369178,10.488355228702778,0.0],[-73.26612963814237,10.488365887416494,0.0],[-73.26585930597244,10.488912394005384,0.0],[-73.26517801831768,10.488245989871652,0.0]]]}},
{"type":"Feature","properties":{"NOMBRE":"FARMATODO"},"geometry":{"type":"Polygon","coordinates":[[[-73.2720824683384,10.488189996473439,0.0],[-73.27214329241598,10.487643689092039,0.0],[-73.2722003607621,10.487103229072343,0.0],[-73.27303127401547,10.48865483875902,0.0],[-73.27217491808392,10.488929840983085,0.0],[-73.2720824683384,10.488189996473439,0.0]]]}},
{"type":"Feature","properties":{"NOMBRE":"PALMETO"},"geometry":{"type":"Polygon","coordinates":[[[-73.27173783731635,10.48904090902572,1.819e-12],[-73.27110494088842,10.488211701535809,1.819e-12],[-73.27107879446392,10.48821153040079,1.819e-12],[-73.2709912343305,10.48809874452561,1.819e-12],[-73.270981084547,10.48794010163585,1.819e-12],[-73.27183553643091,10.487372529864926,1.819e-12],[-73.27186830185188,10.487419050221646,1.819e-12],[-73.27191782699926,10.487390367786334,1.819e-12],[-73.27195170147556,10.48739865422688,1.819e-12],[-73.2721419234216,10.487641924618957,1.819e-12],[-73.2720824677255,10.488189997355558,1.819e-12],[-73.27217491741564,10.488929840864852,1.819e-12],[-73.27173783731635,10.48904090902572,1.819e-12]]]}},
{"type":"Feature","properties":{"NOMBRE":"CONJ. CER. LOS ROSALES 2"},"geometry":{"type":"Polygon","coordinates":[[[-73.26746566540753,10.48907311791056,0.0],[-73.26610950369178,10.488355228702778,0.0],[-73.26623707438276,10.488064509495064,0.0],[-73.26668024557148,10.487776005240052,0.0],[-73.26780663012302,10.488744928118559,0.0],[-73.26783198486804,10.488844071098018,0.0],[-73.26746566540753,10.48907311791056,0.0]]]}},
{"type":"Feature","properties":{"NOMBRE":"INVERSIONES EL ROSARIO S.A.S"},"geometry":{"type":"Polygon","coordinates":[[[-73.27371309956142,10.489195871287777,0.0],[-73.27355325094346,10.48852518408872,0.0],[-73.2743576203183,10.488323354452376,0.0],[-73.2744891801378,10.488885233186899,0.0],[-73.27371309956142,10.489195871287777,0.0]]]}},
{"type":"Feature","properties":{"NOMBRE":null},"geometry":{"type":"Polygon","coordinates":[[[-73.25468204979737,10.48914767493436,0.0],[-73.25429884035167,10.488932205504819,0.0],[-73.25412501957827,10.488800793963552,94.44604999999956],[-73.2542742938207,10.488667509707843,188.8920999999982],[-73.25447781601942,10.48841219185801,94.44604999999956],[-73.25506339550515,10.488822168879569,0.0],[-73.25468204979737,10.48914767493436,0.0]]]}},
{"type":"Feature","properties":{"NOMBRE":null},"geometry":{"type":"Polygon","coordinates":[[[-73.27099801765057,10.488202570562994,0.0],[-73.27088208683902,10.48800586061267,0.0],[-73.2709810852031,10.487940100952473,0.0],[-73.2709912350885,10.488098743410804,0.0],[-73.27107879498952,10.48821153050277,0.0],[-73.27110494041048,10.48821170166526,0.0],[-73.2717378370783,10.489040909172555,0.0],[-73.27104680245365,10.489215197450978,0.0],[-73.27099801765057,10.488202570562994,0.0]]]}},
{"type":"Feature","properties":{"NOMBRE":"MADEIRA"},"geometry":{"type":"Polygon","coordinates":[[[-73.28472420863069,10.488660973371646,0.0],[-73.28501392032919,10.48806231397699,0.0],[-73.28491353498693,10.487715730001081,0.0],[-73.28606810234784,10.48744263425002,0.0],[-73.28640948002385,10.488882470907777,0.0],[-73.28486372311986,10.489251226148712,0.0],[-73.28472420863069,10.488660973371646,0.0]]]}},
{"type":"Feature","properties":{"NOMBRE":"NOVALITO"},"geometry":{"type":"Polygon","coordinates":[[[-73.25506339550515,10.488822168879569,0.0],[-73.25433615228403,10.488322230735868,94.44604999999956],[-73.25335376023222,10.487595826435339,0.0],[-73.25315687961357,10.487479526186384,0.0],[-73.25276304046481,10.487314822228262,0.0],[-73.25076444765075,10.486604935331478,0.0],[-73.24946060579579,10.485778355846625,0.0],[-73.2492188921293,10.485590157001646,0.0],[-73.24905267412676,10.485396473114267,0.0],[-73.24873832925638,10.484885081921735,0.0],[-73.24861435617748,10.48473239220059,0.0],[-73.24841229424845,10.484574818118343,0.0],[-73.24785410739644,10.484208519338203,0.0],[-73.24671448860498,10.483586635668217,0.0],[-73.24632846856493,10.483357176416922,0.0],[-73.24599794309711,10.483034522292613,0.0],[-73.2458774313169,10.482886180692116,0.0],[-73.24562390405534,10.482548774766965,0.0],[-73.2455029559148,10.482382689504748,0.0],[-73.24526649905151,10.48202112845568,0.0],[-73.24681303215046,10.480895961805674,0.0],[-73.24824162952177,10.479970478702443,0.0],[-73.24929093702764,10.481345329302538,0.0],[-73.25098753683379,10.48019394362252,0.0],[-73.25346941258587,10.483447370278071,0.0],[-73.25361106115666,10.483604350030003,0.0],[-73.25376921376895,10.48374504746872,0.0],[-73.25400907827175,10.483909176019514,0.0],[-73.25513472695829,10.484567161449139,0.0],[-73.2564452426856,10.485383115716283,0.0],[-73.25598982027799,10.485983633450592,0.0],[-73.25524917598136,10.486838255362557,0.0],[-73.25497140023442,10.48712391559055,0.0],[-73.25545801948992,10.487764577693849,0.0],[-73.25559985386322,10.48758047517994,0.0],[-73.25680253254151,10.488355912089002,0.0],[-73.25582516150803,10.489377644929682,0.0],[-73.25506339550515,10.488822168879569,0.0]],[[-73.25269409041749,10.48582699778357,0.0],[-73.25212837805445,10.485054083259037,0.0],[-73.25134801583059,10.485609114601791,0.0],[-73.25193683370834,10.486366560914098,0.0],[-73.25269409041749,10.48582699778357,0.0]],[[-73.24637188386342,10.482528041461773,0.0],[-73.24620366509174,10.482284095240793,0.0],[-73.245690803288,10.482636947540756,0.0],[-73.24587103584669,10.482877639449912,0.0],[-73.24637188386342,10.482528041461773,0.0]]]}},
{"type":"Feature","properties":{"NOMBRE":"PORTOBELO"},"geometry":{"type":"Polygon","coordinates":[[[-73.28376172700312,10.489561275707993,0.0],[-73.28359550226364,10.488828747011146,0.0],[-73.28396482563906,10.487260321989188,0.0],[-73.28395014332858,10.487698291514718,0.0],[-73.28493057844354,10.487435540933735,0.0],[-73.28487104765242,10.48756958948334,0.0],[-73.28501392032919,10.48806231397699,0.0],[-73.28472420863069,10.488660973371646,0.0],[-73.28488656606888,10.489347867793692,0.0],[-73.28423962914735,10.489502197705828,0.0],[-73.28420974267391,10.489563181141417,0.0],[-73.28378244372189,10.489586399500395,0.0],[-73.28376172700312,10.489561275707993,0.0]]]}},
{"type":"Feature","properties":{"NOMBRE":"MARIA CAMILA NORTE"},"geometry":{"type":"Polygon","coordinates":[[[-73.27674407947194,10.489672262193123,0.0],[-73.2762831680983,10.48781473353229,0.0],[-73.27744969637618,10.487510751825518,-0.10416666666697],[-73.2779067018568,10.489399459692796,0.0],[-73.27674407947194,10.489672262193123,0.0]]]}},
{"type":"Feature","properties":{"NOMBRE":"COLEGIO BILINGUE"},"geometry":{"type":"Polygon","coordinates":[[[-73.26858598964097,10.489407495105606,0.0],[-73.26780834989702,10.488746389719287,0.0],[-73.26772035911303,10.488382736196534,0.0],[-73.27007824785531,10.48690612169406,0.0],[-73.27070139906606,10.48769927338471,0.0],[-73.27099801765057,10.488202570562994,0.0],[-73.27104680245365,10.489215197450978,0.0],[-73.26883702339686,10.489749875689126,0.0],[-73.26858598964097,10.489407495105606,0.0]]]}},
{"type":"Feature","properties":{"NOMBRE":"PORTAL DEL ROSARIO"},"geometry":{"type":"Polygon","coordinates":[[[-73.27104680245365,10.489215197450978,0.0],[-73.27214535929471,10.488938126170892,0.0],[-73.27218015819179,10.489751167623385,0.0],[-73.27107310216465,10.48979713355013,0.0],[-73.27104680245365,10.489215197450978,0.0]]]}},
{"type":"Feature","properties":{"NOMBRE":"CONJ. CERR. LOS ROSALES 1"},"geometry":{"type":"Polygon","coordinates":[[[-73.26702624790063,10.489361620068603,0.0],[-73.26741629253843,10.489105171236318,0.0],[-73.26757755064867,10.489689233603503,0.0],[-73.26714210735307,10.489791713410161,0.0],[-73.26702624790063,10.489361620068603,0.0]]]}},
{"type":"Feature","properties":{"NOMBRE":"CONDOMINIO LA RIVIERA"},"geometry":{"type":"Polygon","coordinates":[[[-73.24951125011582,10.489683332659553,0.0],[-73.24948036909551,10.489685102688934,0.0],[-73.2494852764976,10.48969997147167,0.0],[-73.24938204314073,10.489745286703032,0.0],[-73.249234182425,10.489754151994148,0.0],[-73.24867883553254,10.489588961621237,0.0],[-73.24859852440098,10.489531394765123,0.0],[-73.24818673921,10.489423312451503,0.0],[-73.24765115359396,10.489223949052107,0.0],[-73.24755838488036,10.489015958913564,0.0],[-73.24735120661485,10.488451684833692,0.0],[-73.24722170177229,10.4882087711049,0.0],[-73.24703696874772,10.4879701344782,0.0],[-73.2466258959612,10.487526126266152,0.0],[-73.24649879026059,10.487336405089886,0.0],[-73.24640936426097,10.487140971560471,0.0],[-73.24638721751099,10.486994413004016,0.0],[-73.24655270271445,10.486590964646137,0.0],[-73.24655146786293,10.486493352447779,0.0],[-73.24658924196368,10.48635147485593,0.0],[-73.24671086405237,10.486193990313966,0.0],[-73.24688384210334,10.486010346687651,0.0],[-73.24670365736553,10.485709698899518,0.0],[-73.2465008095362,10.485309642684646,0.0],[-73.24619629307168,10.484804197840715,0.0],[-73.24735185380528,10.483927064901186,0.0],[-73.24785410739644,10.484208519338203,0.0],[-73.24841229424845,10.484574818118343,0.0],[-73.24861435617748,10.48473239220059,0.0],[-73.24873832925638,10.484885081921735,0.0],[-73.24905267412676,10.485396473114267,0.0],[-73.2492188921293,10.485590157001646,0.0],[-73.24946060579579,10.485778355846625,0.0],[-73.25076444765075,10.486604935331478,0.0],[-73.25116526060154,10.486750894021265,0.0],[-73.25089285431875,10.487024726748071,0.0],[-73.25101861599376,10.4871405768355,0.0],[-73.25099611186644,10.487504858534349,0.0],[-73.250931343457,10.48756620243876,0.0],[-73.25088641659792,10.48757450895425,0.0],[-73.25019074949434,10.488310150608681,0.0],[-73.25006692659079,10.488651010365722,0.0],[-73.25006612047008,10.488685241988088,0.0],[-73.24988756209126,10.48898494112514,0.0],[-73.25017605509863,10.489175605382417,0.0],[-73.25028351167246,10.489280923802447,0.0],[-73.25038204382207,10.489430514898235,0.0],[-73.24986637735287,10.489833084852373,0.0],[-73.24951125011582,10.489683332659553,0.0]]]}},
{"type":"Feature","properties":{"NOMBRE":"LA CASTELLANA"},"geometry":{"type":"Polygon","coordinates":[[[-73.28095116052806,10.489987151906963,0.0],[-73.2802091635653,10.486810287137972,0.0],[-73.28159204632094,10.486478394336803,0.0],[-73.28237037816606,10.48966072104952,0.0],[-73.28095116052806,10.489987151906963,0.0]]]}},
{"type":"Feature","properties":{"NOMBRE":null},"geometry":{"type":"Polygon","coordinates":[[[-73.27586880215308,10.49003953267123,0.0],[-73.27579539378316,10.48971498952661,0.0],[-73.27654920043594,10.489547981391794,0.0],[-73.27590542046842,10.488324244088616,0.0],[-73.27638326237084,10.488218127074674,0.0],[-73.27674407947194,10.489672262193123,0.0],[-73.27662881124013,10.489699309306875,0.0],[-73.27670780794811,10.489851134659496,0.0],[-73.27586880215308,10.49003953267123,0.0]]]}},
{"type":"Feature","properties":{"NOMBRE":"ROSARIO NORTE I"},"geometry":{"type":"Polygon","coordinates":[[[-73.27477383477672,10.490100963915108,0.0],[-73.27435888526732,10.488323039444362,0.0],[-73.27572054345636,10.487972816540992,0.0],[-73.27654920043594,10.489547981391794,0.0],[-73.27579539378316,10.48971498952661,0.0],[-73.27582776046427,10.489860667006047,0.0],[-73.27477383477672,10.490100963915108,0.0]]]}},
{"type":"Feature","properties":{"NOMBRE":"CLUB HOUSE"},"geometry":{"type":"Polygon","coordinates":[[[-73.27745739068533,10.489988989206182,0.0],[-73.27685419806092,10.49012979615598,0.0],[-73.27662881124013,10.489699309306875,0.0],[-73.2779067018568,10.489399459692796,0.0],[-73.27744969637618,10.487510751825518,-0.10416666666697],[-73.27847531940341,10.487250522594831,-0.156249999999091],[-73.27882732103238,10.48877424353367,0.0],[-73.28057324281181,10.488369100856865,0.0],[-73.28077087080914,10.489215244580986,0.0],[-73.27903594181979,10.489614282967016,0.0],[-73.2790848534646,10.489821262187865,0.0],[-73.27750321851197,10.490187460658513,0.0],[-73.27745739068533,10.489988989206182,0.0]]]}},
{"type":"Feature","properties":{"NOMBRE":null},"geometry":{"type":"Polygon","coordinates":[[[-73.27983734987009,10.489433299605645,0.0],[-73.28002186006243,10.49020659826789,0.0],[-73.28001996546139,10.490207036469057,0.0],[-73.27983734987009,10.489433299605645,0.0]]]}},
{"type":"Feature","properties":{"NOMBRE":null},"geometry":{"type":"Polygon","coordinates":[[[-73.26742147127332,10.490228631685317,0.0],[-73.26725908305038,10.490150265600494,0.0],[-73.26742223258768,10.490227052557843,0.0],[-73.26742147127332,10.490228631685317,0.0]]]}},
{"type":"Feature","properties":{"NOMBRE":"ATLANTIS"},"geometry":{"type":"Polygon","coordinates":[[[-73.27903594181979,10.489614282967016,0.0],[-73.27983734987009,10.489433299605645,0.0],[-73.28001996546139,10.490207036469057,0.0],[-73.27922101575811,10.490391739894775,0.0],[-73.27903594181979,10.489614282967016,0.0]]]}},
{"type":"Feature","properties":{"NOMBRE":"URBANISMO LOTE 1"},"geometry":{"type":"Polygon","coordinates":[[[-73.27295528733919,10.488679780908901,0.0],[-73.27355202664285,10.48852567456924,0.0],[-73.27399740751153,10.490378818603029,0.0],[-73.27303533964206,10.49041759938628,0.0],[-73.27295528733919,10.488679780908901,0.0]]]}},
{"type":"Feature","properties":{"NOMBRE":"MAKRO"},"geometry":{"type":"Polygon","coordinates":[[[-73.27275595792348,10.490423693041569,0.0],[-73.27275172004985,10.490296681514623,0.0],[-73.27220448201793,10.490314564365946,0.0],[-73.27214535929471,10.488938126170892,0.0],[-73.27295528733919,10.488679780908901,0.0],[-73.27303533964206,10.49041759938628,0.0],[-73.27275595792348,10.490423693041569,0.0]]]}},
{"type":"Feature","properties":{"NOMBRE":"LAS MARIAS"},"geometry":{"type":"Polygon","coordinates":[[[-73.26503732014862,10.490175766287864,0.0],[-73.26450582357447,10.488849589045536,0.0],[-73.26517801831768,10.488245989871652,0.0],[-73.26661024205991,10.489643344435526,0.0],[-73.26606238287023,10.490019433919821,0.0],[-73.26552862060986,10.490359119701441,0.0],[-73.26518366758454,10.490437968965466,0.0],[-73.26503732014862,10.490175766287864,0.0]]]}},
{"type":"Feature","properties":{"NOMBRE":"AREMASSAIN"},"geometry":{"type":"Polygon","coordinates":[[[-73.2651812579688,10.490437646415003,0.0],[-73.26478009052228,10.490383885551616,0.0],[-73.26223196503695,10.488841866290029,0.0],[-73.26317284149862,10.487985636391272,0.0],[-73.26347422420183,10.487757582821494,0.0],[-73.26367356530592,10.487630598879749,0.0],[-73.26293187351604,10.487162728547794,0.0],[-73.26188285585997,10.486548048362517,0.0],[-73.26244181619832,10.485689460150942,0.0],[-73.26248683925104,10.48568051760981,0.0],[-73.2629743743206,10.48497256748741,0.0],[-73.2634068815019,10.486083480062634,0.0],[-73.26334365037535,10.486187380206749,0.0],[-73.26278929538434,10.485861036772617,0.0],[-73.26252769891614,10.486320765918368,0.0],[-73.26324010348144,10.486736076804732,0.0],[-73.26351122895518,10.486351406522527,0.0],[-73.26410654283238,10.487848213216324,0.0],[-73.26341092660037,10.488382001492631,0.0],[-73.26351865318739,10.48859650038855,0.0],[-73.2635571328795,10.488625044510801,0.0],[-73.26420068693052,10.488084323040548,0.0],[-73.26503732014862,10.490175766287864,0.0],[-73.2651812579688,10.490437646415003,0.0]]]}},
{"type":"Feature","properties":{"NOMBRE":null},"geometry":{"type":"Polygon","coordinates":[[[-73.2744270000735,10.490417543196685,0.0],[-73.27401060241162,10.490433719311516,0.0],[-73.2737131194437,10.48919595360066,0.0],[-73.2744891801378,10.488885233186899,0.0],[-73.27485553722222,10.490448698197916,0.0],[-73.27443216089165,10.490545368859182,0.0],[-73.2744270000735,10.490417543196685,0.0]]]}},
{"type":"Feature","properties":{"NOMBRE":null},"geometry":{"type":"Polygon","coordinates":[[[-73.26780663007669,10.48874492790744,1.819e-12],[-73.26667620851447,10.487776779774304,1.819e-12],[-73.26633937800366,10.487012663920517,1.819e-12],[-73.26663507491597,10.486932435730605,1.819e-12],[-73.26623666193537,10.486372792241276,1.819e-12],[-73.2654928405266,10.485173593431991,1.819e-12],[-73.26587934725039,10.485027011603764,1.819e-12],[-73.26656899678032,10.484398655700112,1.819e-12],[-73.26748763619554,10.485653131259022,1.819e-12],[-73.26784508581554,10.48517927102666,1.819e-12],[-73.26813739269869,10.48556308527977,1.819e-12],[-73.26853240060423,10.485313209188629,1.819e-12],[-73.26838705783157,10.48512954936883,1.819e-12],[-73.2685883397806,10.484994539823443,1.819e-12],[-73.26946437158882,10.486106329149038,1.819e-12],[-73.26678208033428,10.487136235486993,1.819e-12],[-73.26772035945827,10.488382737360046,1.819e-12],[-73.26780663007669,10.48874492790744,1.819e-12]]]}},
{"type":"Feature","properties":{"NOMBRE":"LOS CORALES"},"geometry":{"type":"Polygon","coordinates":[[[-73.26973529749189,10.489539457862689,0.0],[-73.27104680245365,10.489215197450978,0.0],[-73.27109909354111,10.490373632289833,0.0],[-73.27002220739361,10.490640594660698,0.0],[-73.26973529749189,10.489539457862689,0.0]]]}},
{"type":"Feature","properties":{"NOMBRE":"BOULEVAR DEL ROSARIO"},"geometry":{"type":"Polygon","coordinates":[[[-73.27492264303346,10.490734304500664,0.0],[-73.27477383477672,10.490100963915108,0.0],[-73.27582776046427,10.489860667006047,0.0],[-73.27586880215308,10.49003953267123,0.0],[-73.27670780794811,10.489851134659496,0.0],[-73.27682444351824,10.490075299493924,0.0],[-73.27654569357627,10.490138741510483,0.0],[-73.27659159382193,10.490355711488748,0.0],[-73.27492264303346,10.490734304500664,0.0]]]}},
{"type":"Feature","properties":{"NOMBRE":"RINCON DE VILLALBA"},"geometry":{"type":"Polygon","coordinates":[[[-73.26668062916788,10.490731296159773,0.0],[-73.26666339006657,10.490767277738469,0.0],[-73.2665654736773,10.490721327126048,0.0],[-73.26644684483954,10.490786645574572,0.0],[-73.26623743479767,10.4904007992797,0.0],[-73.26725699575312,10.490149283075208,0.0],[-73.26742147127332,10.490228631685317,0.0],[-73.2670886734353,10.490918857234318,0.0],[-73.26668062916788,10.490731296159773,0.0]]]}},
{"type":"Feature","properties":{"NOMBRE":"BARCELONA"},"geometry":{"type":"Polygon","coordinates":[[[-73.27940969010531,10.491178501469316,0.0],[-73.27922101575811,10.490391739894775,0.0],[-73.28002186006243,10.49020659826789,0.0],[-73.27983734987009,10.489433299605645,0.0],[-73.28077087080914,10.489215244580986,0.0],[-73.28114101464475,10.490800010192292,0.0],[-73.27940969010531,10.491178501469316,0.0]]]}},
{"type":"Feature","properties":{"NOMBRE":"MIRADOR DE LA SIERRA I"},"geometry":{"type":"Polygon","coordinates":[[[-73.27769146097665,10.49121423636634,0.0],[-73.27744929998714,10.491275244518595,0.0],[-73.27685419806092,10.49012979615598,0.0],[-73.27745506286074,10.489989532972125,0.0],[-73.27750321851197,10.490187460658513,0.0],[-73.27908252473676,10.4898218032518,0.0],[-73.27936039918391,10.490985362262151,0.0],[-73.27772797615943,10.491356105714834,0.0],[-73.27769146097665,10.49121423636634,0.0]]]}},
{"type":"Feature","properties":{"NOMBRE":"HERMANOS MARTÍNEZ D & L SAS"},"geometry":{"type":"Polygon","coordinates":[[[-73.25163008560017,10.491514460004362,94.44604999999956],[-73.25101573595917,10.490985823221793,188.8920999999982],[-73.25025095579193,10.49036544052397,188.8920999999982],[-73.2502760222009,10.490335821755483,188.8920999999982],[-73.25076226673572,10.48992950903187,188.8920999999982],[-73.25096793239328,10.489966823063698,188.8920999999982],[-73.25175501321299,10.489066804326562,188.8920999999982],[-73.25234310465721,10.489548763994332,188.8920999999982],[-73.25312649631034,10.488652075718933,188.8920999999982],[-73.25379183215767,10.48791721284541,94.44604999999956],[-73.25433615228403,10.488322230735868,94.44604999999956],[-73.25447781601942,10.48841219185801,94.44604999999956],[-73.2542742938207,10.488667509707843,188.8920999999982],[-73.25412501957827,10.488800793963552,94.44604999999956],[-73.25390805660487,10.489028007223613,94.44604999999956],[-73.25326042416651,10.489771994705261,94.44604999999956],[-73.25279720327704,10.490354166498147,188.8920999999982],[-73.25277320164487,10.490401895876618,94.44604999999956],[-73.25218331984989,10.490994796411226,62.964033333333646],[-73.2518316997513,10.491311650536703,188.8920999999982],[-73.25163008560017,10.491514460004362,94.44604999999956]]]}},
{"type":"Feature","properties":{"NOMBRE":"PATIO TALLER SIVA"},"geometry":{"type":"Polygon","coordinates":[[[-73.28791480390196,10.491632275814634,0.0],[-73.28768437659647,10.49166992763364,0.0],[-73.2867642406782,10.491261231033173,0.0],[-73.28666341662688,10.490817998363967,0.0],[-73.28825810153427,10.4904626828535,0.0],[-73.28858399722145,10.491772904516905,0.0],[-73.28834510464442,10.491820912680785,0.0],[-73.28791480390196,10.491632275814634,0.0]]]}},
{"type":"Feature","properties":{"NOMBRE":"BAMBUTERRA"},"geometry":{"type":"Polygon","coordinates":[[[-73.28022056002118,10.491001228541625,0.0],[-73.28114101464475,10.490800010192292,0.0],[-73.28134723673124,10.49168295476685,0.0],[-73.28043262436631,10.491900609986976,0.0],[-73.28022056002118,10.491001228541625,0.0]]]}},
{"type":"Feature","properties":{"NOMBRE":"ROSARIO NORTE II"},"geometry":{"type":"Polygon","coordinates":[[[-73.27492264303346,10.490734304500664,0.0],[-73.27659159382193,10.490355711488748,0.0],[-73.27654569357627,10.490138741510483,0.0],[-73.27682444351824,10.490075299493924,0.0],[-73.27760011486554,10.491566749856696,0.0],[-73.2769161830797,10.491725083400077,0.0],[-73.2768691889592,10.491521679522732,0.0],[-73.27519628611904,10.491900988564606,0.0],[-73.27492264303346,10.490734304500664,0.0]]]}},
{"type":"Feature","properties":{"NOMBRE":"ALTOS DEL ROSARIO"},"geometry":{"type":"Polygon","coordinates":[[[-73.27226059832633,10.49174133865391,0.0],[-73.27116042021653,10.491784562833304,0.0],[-73.27107310216465,10.48979713355013,0.0],[-73.27218015819179,10.489751167623385,0.0],[-73.27220448201793,10.490314564365946,0.0],[-73.2727502301702,10.490296730174707,0.0],[-73.27281006293934,10.49173797589945,0.0],[-73.2724813445042,10.491529921490223,0.0],[-73.2722688556607,10.491895625419128,0.0],[-73.27226059832633,10.49174133865391,0.0]]]}},
{"type":"Feature","properties":{"NOMBRE":"CONJUNTO CERRADO ACUARELA"},"geometry":{"type":"Polygon","coordinates":[[[-73.2814200957188,10.49199293695946,0.0],[-73.28095116052806,10.489987151906963,0.0],[-73.28237037816606,10.48966072104952,0.0],[-73.28284276159397,10.49167103954263,0.0],[-73.2814200957188,10.49199293695946,0.0]]]}},
{"type":"Feature","properties":{"NOMBRE":"BAMBU"},"geometry":{"type":"Polygon","coordinates":[[[-73.27941027501083,10.491178373667637,0.0],[-73.28022056002118,10.491001228541625,0.0],[-73.28043262436631,10.491900609986976,0.0],[-73.27962633383082,10.492092483307019,0.0],[-73.27941027501083,10.491178373667637,0.0]]]}},
{"type":"Feature","properties":{"NOMBRE":"MIRADOR DE LA SIERRA III"},"geometry":{"type":"Polygon","coordinates":[[[-73.27519628611904,10.491900988564606,0.0],[-73.27686862414707,10.491521807370212,0.0],[-73.27691395305852,10.49172559486383,0.0],[-73.27760142499481,10.491568052180408,0.0],[-73.277449312712,10.491275268958226,0.0],[-73.2776913631921,10.49121425600802,0.0],[-73.2777284382991,10.491357900384875,0.0],[-73.27936222979471,10.490984946504344,0.0],[-73.27940389907303,10.491159991378959,0.0],[-73.2776051393287,10.491576417064724,0.0],[-73.27773011282156,10.4918162072138,0.0],[-73.27668227367784,10.492047325508102,2675.0953666666683],[-73.27662252058879,10.491786646400218,0.0],[-73.27524120428454,10.492095030222307,2675.0953666666683],[-73.27519628611904,10.491900988564606,0.0]]]}},
{"type":"Feature","properties":{"NOMBRE":"CASA BLANCA"},"geometry":{"type":"Polygon","coordinates":[[[-73.26968710729743,10.491292817580801,0.0],[-73.27112471006221,10.490941810696011,0.0],[-73.27117082384828,10.492030070654122,0.0],[-73.26994635176301,10.492333140927347,0.0],[-73.26968710729743,10.491292817580801,0.0]]]}},
{"type":"Feature","properties":{"NOMBRE":"SAN PEDRO"},"geometry":{"type":"Polygon","coordinates":[[[-73.26970523528678,10.492394959242409,0.0],[-73.26905004232819,10.492087717280342,0.0],[-73.26948426794522,10.491197543805688,0.0],[-73.26725908305038,10.490150265600494,0.0],[-73.26879617293751,10.489761019159406,0.0],[-73.26973529749189,10.489539457862689,0.0],[-73.27002220739361,10.490640594660698,0.0],[-73.27109909354111,10.490373632289833,0.0],[-73.27112471006221,10.490941810696011,0.0],[-73.26968710729743,10.491292817580801,0.0],[-73.26994517451567,10.492333442579268,0.0],[-73.26970523528678,10.492394959242409,0.0]]]}},
{"type":"Feature","properties":{"NOMBRE":"38"},"geometry":{"type":"Polygon","coordinates":[[[-73.2647452154175,10.492516387865564,0.0],[-73.26482813162873,10.491774761679352,0.0],[-73.26479817921563,10.491441297121655,0.0],[-73.26464945503243,10.491135009085696,0.0],[-73.26439262479867,10.490752142955285,0.0],[-73.26470360172277,10.490339076656758,0.0],[-73.26478009052228,10.490383885551616,0.0],[-73.2651812579688,10.490437646415003,0.0],[-73.26535178063386,10.490947085073795,0.0],[-73.26583687712187,10.491930342451269,0.0],[-73.2649498011451,10.492396106226453,0.0],[-73.2647452154175,10.492516387865564,0.0]]]}},
{"type":"Feature","properties":{"NOMBRE":"QUINTAS DEL COUNTRY"},"geometry":{"type":"Polygon","coordinates":[[[-73.27453169855536,10.492827937217035,0.0],[-73.27281006293934,10.49173797589945,0.0],[-73.2727561902996,10.490428850862026,0.0],[-73.27399740751153,10.490378818603029,0.0],[-73.27401060241162,10.490433719311516,0.0],[-73.2744270000735,10.490417543196685,0.0],[-73.27443211976326,10.490545378699132,0.0],[-73.27450952506615,10.491032043772497,0.0],[-73.27451152970728,10.491121414076328,0.0],[-73.27440387240678,10.49144834852539,0.0],[-73.27439720556049,10.491508877881037,0.0],[-73.27445021955013,10.49213784991228,0.0],[-73.27453169855536,10.492827937217035,0.0]]]}},
{"type":"Feature","properties":{"NOMBRE":null},"geometry":{"type":"Polygon","coordinates":[[[-73.27962633383082,10.492092483307019,0.0],[-73.28134723673124,10.49168295476685,0.0],[-73.28155485060861,10.492571741575256,0.0],[-73.2798362818843,10.492977803631064,0.0],[-73.27962633383082,10.492092483307019,0.0]]]}},
{"type":"Feature","properties":{"NOMBRE":null},"geometry":{"type":"Polygon","coordinates":[[[-73.27668227367784,10.492047325508102,2675.0953666666683],[-73.27773011282156,10.4918162072138,0.0],[-73.27820234540798,10.492726880396722,0.0],[-73.27690388850527,10.493014293786375,4012.6430500000006],[-73.27668227367784,10.492047325508102,2675.0953666666683]]]}},
{"type":"Feature","properties":{"NOMBRE":"SENDEROS DEL COUNTRY"},"geometry":{"type":"Polygon","coordinates":[[[-73.27512783909067,10.493225604022324,0.0],[-73.27453169855536,10.492827937217035,0.0],[-73.27445021955013,10.49213784991228,0.0],[-73.27439720556049,10.491508877881037,0.0],[-73.27440387240678,10.49144834852539,0.0],[-73.27451152970728,10.491121414076328,0.0],[-73.27450952506615,10.491032043772497,0.0],[-73.27443216089165,10.490545368859182,0.0],[-73.27485553722222,10.490448698197916,0.0],[-73.27551592634552,10.493263116176355,4012.6430500000006],[-73.27512783909067,10.493225604022324,0.0]]]}},
{"type":"Feature","properties":{"NOMBRE":"MIRADOR DE LA SIERRA II"},"geometry":{"type":"Polygon","coordinates":[[[-73.27849426796986,10.493289832823088,0.0],[-73.27760570323197,10.49157628740566,0.0],[-73.27940389907303,10.491159991378959,0.0],[-73.2798362818843,10.492977803631064,0.0],[-73.27849426796986,10.493289832823088,0.0]]]}},
{"type":"Feature","properties":{"NOMBRE":null},"geometry":{"type":"Polygon","coordinates":[[[-73.27561020224456,10.493272228448784,2675.0953666666683],[-73.27551394584906,10.49325469417469,4012.6430500000006],[-73.27524120428454,10.492095030222307,2675.0953666666683],[-73.27662324410643,10.491789803131828,2675.0953666666683],[-73.27690388850527,10.493014293786375,4012.6430500000006],[-73.27564378812096,10.49329321150355,2292.938885714286],[-73.27561020224456,10.493272228448784,2675.0953666666683]]]}},
{"type":"Feature","properties":{"NOMBRE":"VILLALBA"},"geometry":{"type":"Polygon","coordinates":[[[-73.26709101935253,10.492665077032976,0.0],[-73.26588493957492,10.492020001071905,0.0],[-73.26535566198547,10.490951516369835,0.0],[-73.26518366758454,10.490437968965466,0.0],[-73.2655436509925,10.490564249255085,0.0],[-73.26623743479767,10.4904007992797,0.0],[-73.26644684483954,10.490786645574572,0.0],[-73.2665654736773,10.490721327126048,0.0],[-73.26666204095075,10.490770093821766,0.0],[-73.26668062916788,10.490731296159773,0.0],[-73.2670871625112,10.490922077891733,0.0],[-73.26742147127332,10.490228631685317,0.0],[-73.26948426794522,10.491197543805688,0.0],[-73.26841400248257,10.493425325477034,0.0],[-73.26709101935253,10.492665077032976,0.0]]]}},
{"type":"Feature","properties":{"NOMBRE":null},"geometry":{"type":"Polygon","coordinates":[[[-73.27509516858552,10.493281137417307,0.0],[-73.27512783909067,10.493225604022324,0.0],[-73.27558593537064,10.493269882857652,2006.3215250000012],[-73.27544564849279,10.493506069239498,0.0],[-73.27509516858552,10.493281137417307,0.0]]]}},
{"type":"Feature","properties":{"NOMBRE":null},"geometry":{"type":"Polygon","coordinates":[[[-73.27849426796986,10.493289832823088,0.0],[-73.28155485060861,10.492571741575256,0.0],[-73.2816103355509,10.492809364941806,0.0],[-73.27861469899734,10.49352054882177,0.0],[-73.27849426796986,10.493289832823088,0.0]]]}},
{"type":"Feature","properties":{"NOMBRE":"DON LUCAS"},"geometry":{"type":"Polygon","coordinates":[[[-73.26870127431927,10.493589975028932,0.0],[-73.26841400248257,10.493425325477034,0.0],[-73.26904922952593,10.492089427358506,0.0],[-73.269353900191,10.492233942694602,0.0],[-73.26870127431927,10.493589975028932,0.0]]]}},
{"type":"Feature","properties":{"NOMBRE":"GRANADILLO"},"geometry":{"type":"Polygon","coordinates":[[[-73.27220680789105,10.4929728657822,0.0],[-73.27289525110578,10.491792212733955,0.0],[-73.27401796175037,10.492507005421748,0.0],[-73.27354162320766,10.493342933338447,0.0],[-73.2735825105439,10.493365753886197,0.0],[-73.27347677840565,10.493551303200803,0.0],[-73.27334840893377,10.493478069388978,0.0],[-73.27331561712121,10.493608724290107,0.0],[-73.27220680789105,10.4929728657822,0.0]]]}},
{"type":"Feature","properties":{"NOMBRE":"SENDEROS DE LA SIERRA"},"geometry":{"type":"Polygon","coordinates":[[[-73.2790119955892,10.493426229970007,0.0],[-73.28016686856331,10.493152057331521,0.0],[-73.28021672158447,10.49335819265662,0.0],[-73.27906180924897,10.493631750612357,0.0],[-73.2790119955892,10.493426229970007,0.0]]]}},
{"type":"Feature","properties":{"NOMBRE":null},"geometry":{"type":"Polygon","coordinates":[[[-73.26588493998663,10.49202000205815,1.819e-12],[-73.26709475784364,10.49266726327904,1.819e-12],[-73.2667878115935,10.493689603221956,1.819e-12],[-73.26588493998663,10.49202000205815,1.819e-12]]]}},
{"type":"Feature","properties":{"NOMBRE":"LAS ORQUIDEAS"},"geometry":{"type":"Polygon","coordinates":[[[-73.26870127431927,10.493589975028932,0.0],[-73.269353900191,10.492233942694602,0.0],[-73.2697044051536,10.492396661142521,0.0],[-73.27117082384828,10.492030070654122,0.0],[-73.27122871649738,10.493332251219563,0.0],[-73.26902903459772,10.493547659023326,0.0],[-73.26893819397559,10.493725764039091,0.0],[-73.26870127431927,10.493589975028932,0.0]]]}},
{"type":"Feature","properties":{"NOMBRE":"QUINTAS DEL ROSARIO"},"geometry":{"type":"Polygon","coordinates":[[[-73.27125281164808,10.493874214667658,0.0],[-73.27116042021653,10.491784562833304,0.0],[-73.27226059832633,10.49174133865391,0.0],[-73.27227505941319,10.492017867965183,0.0],[-73.27223734755972,10.492145775730052,0.0],[-73.27125281164808,10.493874214667658,0.0]]]}},
{"type":"Feature","properties":{"NOMBRE":"D.P.A."},"geometry":{"type":"Polygon","coordinates":[[[-73.2581924728885,10.494060829920354,0.0],[-73.25807281467752,10.49343030994159,0.0],[-73.25770706226497,10.491066880241064,0.0],[-73.257668429775,10.490912263076833,0.0],[-73.25760331625663,10.490766608394209,0.0],[-73.25751369039223,10.490634320030436,0.0],[-73.25733940336679,10.490469561920067,0.0],[-73.25582516150803,10.489377644929682,0.0],[-73.25849273144466,10.486587766576463,0.0],[-73.26470360172277,10.490339076656758,0.0],[-73.26438349549913,10.490764340551275,0.0],[-73.2643021181051,10.490655544189918,0.0],[-73.26412420227605,10.490485755015902,0.0],[-73.26394204516899,10.490338210958182,0.0],[-73.26371998546496,10.490227763570047,0.0],[-73.26353269518145,10.490153699956437,0.0],[-73.26323179860096,10.490152287674833,0.0],[-73.26295395197356,10.490117559123366,0.0],[-73.26272659265598,10.490140724199234,0.0],[-73.26252638653473,10.490182128758962,0.0],[-73.26213187629202,10.490403876639474,0.0],[-73.26166412041758,10.490552303876257,0.0],[-73.26090753577543,10.49081850706671,0.0],[-73.26078296256017,10.490905351745011,0.0],[-73.26053873653962,10.491027810457384,0.0],[-73.26017904965452,10.49127823815478,0.0],[-73.259992455351,10.491412388414549,0.0],[-73.2594799309102,10.491825247380577,0.0],[-73.2594537932386,10.491858546088705,0.0],[-73.25931464650161,10.492178061019558,0.0],[-73.25891634970223,10.49291068088623,0.0],[-73.25872615194096,10.493167581689683,0.0],[-73.25843543975913,10.49352282965334,0.0],[-73.25844335148257,10.49367844332639,0.0],[-73.25837010648759,10.493881134218796,0.0],[-73.2581924728885,10.494060829920354,0.0]]]}},
{"type":"Feature","properties":{"NOMBRE":"ALTOS DE CONFACESAR"},"geometry":{"type":"Polygon","coordinates":[[[-73.28194354317924,10.494235973563551,0.0],[-73.2814200957188,10.49199293695946,0.0],[-73.28284291883907,10.491671700749928,0.0],[-73.28237022092267,10.489660059842057,0.0],[-73.28159204632094,10.486478394336803,0.0],[-73.28286139580413,10.486172335999298,0.0],[-73.2829899162055,10.486694827053363,0.0],[-73.2839983311721,10.486471938052624,0.0],[-73.28396487896407,10.487258750992625,0.0],[-73.28329900874806,10.49009005997888,0.0],[-73.2830277019438,10.491336488828606,0.0],[-73.2828633747641,10.491760739423533,0.0],[-73.28280101405744,10.491878754479622,0.0],[-73.28194354317924,10.494235973563551,0.0]]]}},
{"type":"Feature","properties":{"NOMBRE":"HOME CENTER"},"geometry":{"type":"Polygon","coordinates":[[[-73.26723371302137,10.494515898087002,1.819e-12],[-73.26676284468505,10.4936895395395,1.819e-12],[-73.26706979268775,10.492667199631082,1.819e-12],[-73.26843718675396,10.493452860404417,1.819e-12],[-73.26723371302137,10.494515898087002,1.819e-12]]]}},
{"type":"Feature","properties":{"NOMBRE":null},"geometry":{"type":"Polygon","coordinates":[[[-73.27564378812096,10.49329321150355,2292.938885714286],[-73.27820234540798,10.492726880396722,0.0],[-73.27848036856943,10.493263161042425,0.0],[-73.27769289291308,10.494573402225486,0.0],[-73.27564378812096,10.49329321150355,2292.938885714286]]]}},
{"type":"Feature","properties":{"NOMBRE":"LOS CAMPANOS"},"geometry":{"type":"Polygon","coordinates":[[[-73.26622353940392,10.494733911183381,0.0],[-73.2649498011451,10.492396106226453,0.0],[-73.26583687712187,10.491930342451269,0.0],[-73.26703455147454,10.49414587280017,0.0],[-73.26622353940392,10.494733911183381,0.0]]]}},
{"type":"Feature","properties":{"NOMBRE":"CONDOMINIO RIU"},"geometry":{"type":"Polygon","coordinates":[[[-73.2707583592561,10.494769208642149,0.0],[-73.26893819397559,10.493725764039091,0.0],[-73.26902903459772,10.493547659023326,0.0],[-73.27122871649738,10.493332251219563,0.0],[-73.27125281164808,10.493874214667658,0.0],[-73.27086995831004,10.494546340743053,0.0],[-73.2707583592561,10.494769208642149,0.0]]]}},
{"type":"Feature","properties":{"NOMBRE":"LA SAGRADA FAMILIA"},"geometry":{"type":"Polygon","coordinates":[[[-73.26441195667537,10.493195850431288,0.0],[-73.26468379015479,10.492575428122963,0.0],[-73.26473306219586,10.4925235326078,0.0],[-73.2649498011451,10.492396106226453,0.0],[-73.2661343518521,10.494572121855292,0.0],[-73.2653567172682,10.494974430254768,0.0],[-73.26441195667537,10.493195850431288,0.0]]]}},
{"type":"Feature","properties":{"NOMBRE":"HIRAKA"},"geometry":{"type":"Polygon","coordinates":[[[-73.27137989302972,10.494434499122752,0.0],[-73.27220680789105,10.4929728657822,0.0],[-73.27331561712121,10.493608724290107,0.0],[-73.27249345355891,10.49505152286574,0.0],[-73.27137989302972,10.494434499122752,0.0]]]}},
{"type":"Feature","properties":{"NOMBRE":"CONDOMINIO CAMPESTRE CAMPO ADELA"},"geometry":{"type":"Polygon","coordinates":[[[-73.2557933568659,10.495023193197532,0.0],[-73.25558004337277,10.49478120731706,0.0],[-73.2553959755603,10.49461363582074,0.0],[-73.25496994671457,10.494350840167755,0.0],[-73.25479124248888,10.494284045344829,0.0],[-73.25379541924576,10.494048834847515,0.0],[-73.25365999952542,10.493997048283914,0.0],[-73.25355114331049,10.493930155409972,0.0],[-73.25344910857945,10.49382008167795,0.0],[-73.25307468168937,10.493178569244042,0.0],[-73.25290578568219,10.492945940185516,0.0],[-73.25264659426321,10.492696567366156,0.0],[-73.25249763181893,10.4925753430398,0.0],[-73.25211755077542,10.492365885894015,0.0],[-73.2520493235421,10.492310703351615,0.0],[-73.25162570276197,10.491863107413561,0.0],[-73.2515492790502,10.491756554702738,0.0],[-73.25146698737699,10.491704876399057,0.0],[-73.25277320164487,10.490401895876618,94.44604999999956],[-73.25326042416651,10.489771994705261,94.44604999999956],[-73.25390805660487,10.489028007223613,94.44604999999956],[-73.25412501957827,10.488800793963552,94.44604999999956],[-73.25429884035167,10.488932205504819,0.0],[-73.25468204979737,10.48914767493436,0.0],[-73.25506339550515,10.488822168879569,0.0],[-73.25591696405945,10.48944959768045,0.0],[-73.25575486222503,10.489655632707613,0.0],[-73.25574611567212,10.48970717318402,0.0],[-73.25576542200648,10.49000041126336,0.0],[-73.25682147708144,10.491136576757542,0.0],[-73.25699807563308,10.491625228561348,0.0],[-73.25769180899748,10.493941836050714,0.0],[-73.25703251164565,10.494253950066655,0.0],[-73.25678968087685,10.494321012312277,0.0],[-73.2566053870478,10.49440940312431,0.0],[-73.25646332099369,10.49453030610949,0.0],[-73.25627004897595,10.494731257107894,0.0],[-73.25587861761115,10.494982562738304,0.0],[-73.2557933568659,10.495023193197532,0.0]]]}},
{"type":"Feature","properties":{"NOMBRE":"LA RIOJA"},"geometry":{"type":"Polygon","coordinates":[[[-73.28063785992353,10.49509962525973,0.0],[-73.28016686856331,10.493152057331521,0.0],[-73.2816103355509,10.492809364941806,0.0],[-73.28194708862058,10.494251152232406,0.0],[-73.28169408112645,10.494849440462374,0.0],[-73.28063785992353,10.49509962525973,0.0]]]}},
{"type":"Feature","properties":{"NOMBRE":"MIRADOR DE LA SIERRA IV"},"geometry":{"type":"Polygon","coordinates":[[[-73.27861469899734,10.49352054882177,0.0],[-73.2790119955892,10.493426229970007,0.0],[-73.27906180924897,10.493631750612357,0.0],[-73.28021672158447,10.49335819265662,0.0],[-73.28063785992353,10.49509962525973,0.0],[-73.27957123329264,10.495353082555575,0.0],[-73.27861469899734,10.49352054882177,0.0]]]}},
{"type":"Feature","properties":{"NOMBRE":"RESERVAS DE UPAR (UNIDADES 5,6,7)"},"geometry":{"type":"Polygon","coordinates":[[[-73.27218905869628,10.495585695207996,0.0],[-73.2707583592561,10.494769208642149,0.0],[-73.27086995831004,10.494546340743053,0.0],[-73.27223734755972,10.492145775730052,0.0],[-73.27227505941319,10.492017867965183,0.0],[-73.2722688556607,10.491895625419128,0.0],[-73.2724813445042,10.491529921490223,0.0],[-73.27289525110578,10.491792212733955,0.0],[-73.27220680789105,10.4929728657822,0.0],[-73.27137989302972,10.494434499122752,0.0],[-73.2724933462017,10.495051711526528,0.0],[-73.27218905869628,10.495585695207996,0.0]]]}},
{"type":"Feature","properties":{"NOMBRE":"SANTA ROSALIA I"},"geometry":{"type":"Polygon","coordinates":[[[-73.2670928545604,10.49565945562058,1.819e-12],[-73.26714407954331,10.495572769323827,1.819e-12],[-73.26605103576856,10.494863244771711,1.819e-12],[-73.26703455009326,10.494145872790456,1.819e-12],[-73.26767612105758,10.495179584082438,1.819e-12],[-73.26732638761696,10.495697843023935,1.819e-12],[-73.2670928545604,10.49565945562058,1.819e-12]]]}},
{"type":"Feature","properties":{"NOMBRE":null},"geometry":{"type":"Polygon","coordinates":[[[-73.27769289291308,10.494573402225486,0.0],[-73.27848036856943,10.493263161042425,0.0],[-73.27982617274486,10.495841493405303,0.0],[-73.27769289291308,10.494573402225486,0.0]]]}},
{"type":"Feature","properties":{"NOMBRE":"CIUDADELA ROSARIO REAL"},"geometry":{"type":"Polygon","coordinates":[[[-73.2766135213268,10.496364814408633,0.0],[-73.27631068452072,10.496189354098544,0.0],[-73.27644993900319,10.495961707469908,0.0],[-73.27640590767112,10.495936189974135,0.0],[-73.27528191319908,10.495529724381983,0.0],[-73.2750014381114,10.495563406540416,0.0],[-73.27473666973943,10.495560027685185,0.0],[-73.27440648202098,10.495255600126917,0.0],[-73.27558593537064,10.493269882857652,2006.3215250000012],[-73.27561020224456,10.493272228448784,2675.0953666666683],[-73.27769289291308,10.494573402225486,0.0],[-73.2766135213268,10.496364814408633,0.0]]]}},
{"type":"Feature","properties":{"NOMBRE":"RESERVAS DE UPAR (UNIDADES 2, 4, 8, 9) Y CESIONES"},"geometry":{"type":"Polygon","coordinates":[[[-73.27317184195714,10.496149718460247,0.0],[-73.27218905869628,10.495585695207996,0.0],[-73.27331561712121,10.493608724290107,0.0],[-73.27334840893377,10.493478069388978,0.0],[-73.27347677840565,10.493551303200803,0.0],[-73.2735825105439,10.493365753886197,0.0],[-73.27354162320766,10.493342933338447,0.0],[-73.27401796175037,10.492507005421748,0.0],[-73.27453169855536,10.492827937217035,0.0],[-73.27512783909067,10.493225604022324,0.0],[-73.27509516858552,10.493281137417307,0.0],[-73.27544564849279,10.493506069239498,0.0],[-73.27438805893824,10.495286569285744,0.0],[-73.27373958948263,10.496431327808011,0.0],[-73.27317184195714,10.496149718460247,0.0]]]}},
{"type":"Feature","properties":{"NOMBRE":null},"geometry":{"type":"Polygon","coordinates":[[[-73.27982617274486,10.495841493405303,0.0],[-73.27957123329264,10.495353082555575,0.0],[-73.28169408112645,10.494849440462374,0.0],[-73.28098360031828,10.496529496818832,0.0],[-73.27982617274486,10.495841493405303,0.0]]]}},
{"type":"Feature","properties":{"NOMBRE":"CONJUNTO RESIDENCIAL DEL NORTE"},"geometry":{"type":"Polygon","coordinates":[[[-73.26781974403322,10.496667036745468,1.819e-12],[-73.26767264907102,10.496623529587493,1.819e-12],[-73.26760073530492,10.496583057146216,1.819e-12],[-73.26674978571656,10.496006476660865,1.819e-12],[-73.26697851708226,10.49563919848877,1.819e-12],[-73.26732638761696,10.495697843023935,1.819e-12],[-73.26767612105758,10.495179584082438,1.819e-12],[-73.26855643470722,10.496324168391824,1.819e-12],[-73.26829887437634,10.496535948710942,1.819e-12],[-73.26803804546134,10.496647893322729,1.819e-12],[-73.26797386488194,10.496664186247628,1.819e-12],[-73.26781974403322,10.496667036745468,1.819e-12]]]}},
{"type":"Feature","properties":{"NOMBRE":"LAS CLARISAS"},"geometry":{"type":"Polygon","coordinates":[[[-73.27455918927568,10.496766105969245,0.0],[-73.27373958948263,10.496431327808011,0.0],[-73.27440648202098,10.495255600126917,0.0],[-73.27473666973943,10.495560027685185,0.0],[-73.27500062583435,10.495563503927567,0.0],[-73.27528191319908,10.495529724381983,0.0],[-73.27455918927568,10.496766105969245,0.0]]]}},
{"type":"Feature","properties":{"NOMBRE":"CENTRO COMERCIAL GUATAPURI"},"geometry":{"type":"Polygon","coordinates":[[[-73.26894317512087,10.496803821151735,0.0],[-73.26848580453874,10.496269922419767,0.0],[-73.26767923089085,10.49522380524052,0.0],[-73.26723372638916,10.494516509644779,0.0],[-73.26843718636862,10.493453446253858,0.0],[-73.2707333923139,10.494769732257438,0.0],[-73.27065721401797,10.494946542543625,0.0],[-73.2705724268858,10.495069375761519,0.0],[-73.2704701801745,10.49518078888155,0.0],[-73.2694498934826,10.49596294725286,0.0],[-73.26929516306276,10.496098982972645,0.0],[-73.26894317512087,10.496803821151735,0.0]]]}},
{"type":"Feature","properties":{"NOMBRE":"SANTA ROSALIA II"},"geometry":{"type":"Polygon","coordinates":[[[-73.26769646177058,10.496890330219735,0.0],[-73.26750729750982,10.496872115541072,0.0],[-73.26732133273748,10.496833291765753,0.0],[-73.26703620103662,10.496728189851728,0.0],[-73.26683324428956,10.49662302976916,0.0],[-73.2657035312129,10.495954065811565,0.0],[-73.2653599771166,10.495764268247475,0.0],[-73.26511077765487,10.495654085761684,0.0],[-73.26479921692729,10.495562802287342,0.0],[-73.26464400288481,10.495546918285573,0.0],[-73.26447165222604,10.495552404812027,0.0],[-73.26417131570064,10.495614636653395,0.0],[-73.26387194863413,10.495746941077211,0.0],[-73.26320838177638,10.496169253463206,0.0],[-73.26304365164147,10.496140796101303,0.0],[-73.26310008117049,10.495708376155967,0.0],[-73.26365259619732,10.494662505339099,0.0],[-73.26374082197037,10.493983766249734,0.0],[-73.26435811826434,10.492531870277558,0.0],[-73.26464727791829,10.492655130225463,0.0],[-73.26441195667537,10.493195850431288,0.0],[-73.2653567172682,10.494974430254768,0.0],[-73.2661343518521,10.494572121855292,0.0],[-73.26622353940392,10.494733911183381,0.0],[-73.26605103622005,10.494863243880369,0.0],[-73.26714408047681,10.495572768652645,0.0],[-73.26709285525477,10.495659455664732,0.0],[-73.26697851756357,10.495639197792595,0.0],[-73.26674978570064,10.496006475778923,0.0],[-73.26760073508,10.49658305739107,0.0],[-73.26767264900923,10.496623528493565,0.0],[-73.26781974478172,10.49666703689834,0.0],[-73.26797386570318,10.496664185177131,0.0],[-73.26803804637487,10.49664789346896,0.0],[-73.26829887403699,10.496535947680751,0.0],[-73.26855643430129,10.496324168265446,0.0],[-73.26895938803136,10.496806811797816,0.0],[-73.26829342247916,10.496882099755863,0.0],[-73.26769646177058,10.496890330219735,0.0]]]}},
{"type":"Feature","properties":{"NOMBRE":"LAS MARGARITAS"},"geometry":{"type":"Polygon","coordinates":[[[-73.27221371077304,10.495599843559493,0.0],[-73.27317184195714,10.496149718460247,0.0],[-73.27347204540283,10.497228824013717,0.0],[-73.27084227504751,10.497224442178739,0.0],[-73.27221371077304,10.495599843559493,0.0]]]}},
{"type":"Feature","properties":{"NOMBRE":"PATRICIA CESPEDES"},"geometry":{"type":"Polygon","coordinates":[[[-73.2693087729747,10.497386466138256,0.0],[-73.26896814221884,10.496803297689562,0.0],[-73.26929639970426,10.496130771682138,0.0],[-73.26938808136968,10.496030733173736,0.0],[-73.27049514714862,10.495180265289443,0.0],[-73.27059739385142,10.495068852160696,0.0],[-73.27068218097408,10.49494601893539,0.0],[-73.2707583592561,10.494769208642149,0.0],[-73.27172823309022,10.495323094895511,0.0],[-73.2693087729747,10.497386466138256,0.0]]]}},
{"type":"Feature","properties":{"NOMBRE":"SENDEROS DE LA SIERRA"},"geometry":{"type":"Polygon","coordinates":[[[-73.27798649417771,10.497161704258527,0.0],[-73.27830833238299,10.496629558451353,0.0],[-73.27948324365795,10.497322923966271,0.0],[-73.28048446755665,10.496710849537642,0.0],[-73.28086976685098,10.497327944515485,0.0],[-73.27958942649342,10.498100835233405,0.0],[-73.27798649417771,10.497161704258527,0.0]]]}},
{"type":"Feature","properties":{"NOMBRE":"GIMNASIO DEL NORTE"},"geometry":{"type":"Polygon","coordinates":[[[-73.26996872986655,10.498259231759427,0.0],[-73.2693087729747,10.497386466138256,0.0],[-73.27172823309022,10.495323094895511,0.0],[-73.27221371077304,10.495599843559493,0.0],[-73.26996872986655,10.498259231759427,0.0]]]}},
{"type":"Feature","properties":{"NOMBRE":"CONJUNTO CERRADO LAS TRINITARIAS"},"geometry":{"type":"Polygon","coordinates":[[[-73.27541465731356,10.498841279840278,0.0],[-73.27501005499998,10.49842756198755,0.0],[-73.27496512375933,10.498476415534624,0.0],[-73.274715001767,10.498118858869365,0.0],[-73.27429910112794,10.497712671702283,0.0],[-73.2752386083948,10.497050590307223,0.0],[-73.27556159407118,10.497194296697586,0.0],[-73.27587180456774,10.49736333546145,0.0],[-73.27618808867122,10.49757213747991,0.0],[-73.27644589943338,10.497772842150473,0.0],[-73.27554593795622,10.498954499963455,0.0],[-73.27541465731356,10.498841279840278,0.0]]]}},
{"type":"Feature","properties":{"NOMBRE":"PRADERA CAMPESTRE"},"geometry":{"type":"Polygon","coordinates":[[[-73.27814320963525,10.498973847842105,0.0],[-73.27780127985784,10.498819180569738,0.0],[-73.27755314684902,10.498663614635387,0.0],[-73.27698154193327,10.49821774418337,0.0],[-73.27633300887858,10.497680886205728,0.0],[-73.27597664193047,10.497428067621447,0.0],[-73.27769289291308,10.494573402225486,0.0],[-73.28105830575917,10.49657390254326,0.0],[-73.28101223149312,10.497030949042532,0.0],[-73.28102564280854,10.49723384795819,0.0],[-73.28086976685098,10.497327944515485,0.0],[-73.28048446755665,10.496710849537642,0.0],[-73.27948324365795,10.497322923966271,0.0],[-73.27830833238299,10.496629558451353,0.0],[-73.27798649417771,10.497161704258527,0.0],[-73.27958942649342,10.498100835233405,0.0],[-73.27814320963525,10.498973847842105,0.0]]]}},
{"type":"Feature","properties":{"NOMBRE":null},"geometry":{"type":"Polygon","coordinates":[[[-73.27491339727563,10.499212046075664,0.0],[-73.27487237934234,10.499236339183678,0.0],[-73.27456654040101,10.499185818267604,0.0],[-73.27457868432415,10.499042836800955,0.0],[-73.27454305696419,10.498350855071108,0.0],[-73.27449972471935,10.498265335286169,0.0],[-73.2738598900049,10.497680435113217,0.0],[-73.27357194695826,10.497486619237003,0.0],[-73.27348268493257,10.497327813723707,0.0],[-73.27348151548587,10.497262863101733,0.0],[-73.27317184195714,10.496149718460247,0.0],[-73.27373958948263,10.496431327808011,0.0],[-73.27455918927568,10.496766105969245,0.0],[-73.27528191319908,10.495529724381983,0.0],[-73.27644993900319,10.495961707469908,0.0],[-73.27631068452072,10.496189354098544,0.0],[-73.2766135213268,10.496364814408633,0.0],[-73.27597664193047,10.497428067621447,0.0],[-73.27600210223461,10.497444886302397,0.0],[-73.27556159407118,10.497194296697586,0.0],[-73.2752386083948,10.497050590307223,0.0],[-73.27429910112794,10.497712671702283,0.0],[-73.274715001767,10.498118858869365,0.0],[-73.27496512375933,10.498476415534624,0.0],[-73.27501005499998,10.49842756198755,0.0],[-73.27541465731356,10.498841279840278,0.0],[-73.27554593795622,10.498954499963455,0.0],[-73.27552230618618,10.498995469463955,0.0],[-73.27510910647376,10.4993829641433,0.0],[-73.27491339727563,10.499212046075664,0.0]]]}},
{"type":"Feature","properties":{"NOMBRE":"PARQUE DE LA LEYENDA VALLENATA"},"geometry":{"type":"Polygon","coordinates":[[[-73.2678016658888,10.500115881798058,0.0],[-73.26723051382925,10.500111312138452,0.0],[-73.26446059299903,10.498791665873373,0.0],[-73.26408040190788,10.498650883675916,0.0],[-73.2612263971141,10.497329092847734,0.0],[-73.26134997198231,10.497180189097238,0.0],[-73.26151028385004,10.497070839346069,0.0],[-73.26170532389135,10.49699417083277,0.0],[-73.26214659845665,10.496868528109196,0.0],[-73.26241280616708,10.496755573299543,0.0],[-73.26266725146158,10.496618615386911,0.0],[-73.26278936964124,10.496541497914292,0.0],[-73.26320838177638,10.496169253463206,0.0],[-73.26386042271824,10.495753759234498,0.0],[-73.26416053564144,10.495618816198352,0.0],[-73.2644374595219,10.495556954763787,0.0],[-73.26462545619744,10.495546857286334,0.0],[-73.26480382211888,10.495563942234675,0.0],[-73.2649824086974,10.495608129954098,0.0],[-73.26529879703004,10.495735428515879,0.0],[-73.2654802155095,10.495828233072295,0.0],[-73.2669336032236,10.496677725454264,0.0],[-73.26714085344753,10.496774333898907,0.0],[-73.26732133273748,10.496833291765753,0.0],[-73.26760162397332,10.496883819386344,0.0],[-73.26783385401897,10.496891866362649,0.0],[-73.26829342247916,10.496882099755863,0.0],[-73.26895938803136,10.496806811797816,0.0],[-73.26878413507363,10.497072257173519,0.0],[-73.26865517286205,10.497370074395056,0.0],[-73.26862580784623,10.497474260564186,0.0],[-73.26850877066568,10.498163587974506,0.0],[-73.26849876366074,10.498328904655684,0.0],[-73.26851203578867,10.498493996760372,0.0],[-73.26857490688893,10.498734239440116,0.0],[-73.26900648436634,10.499646241368415,0.0],[-73.26901965792372,10.499770983011423,0.0],[-73.26900326031873,10.499866862044806,0.0],[-73.26894029408942,10.499991675666895,0.0],[-73.2688388635037,10.50008165399163,0.0],[-73.26875606508716,10.500119220664265,0.0],[-73.26833113194587,10.500239522676608,0.0],[-73.26796126463239,10.500419801786446,0.0],[-73.2678016658888,10.500115881798058,0.0]]]}},
{"type":"Feature","properties":{"NOMBRE":"C.A.I."},"geometry":{"type":"Polygon","coordinates":[[[-73.27934801567847,10.500304470062867,0.0],[-73.27971660984143,10.499863960869066,0.0],[-73.2801773656861,10.500123612351828,0.0],[-73.27977682245738,10.50056351755312,0.0],[-73.27934801567847,10.500304470062867,0.0]]]}},
{"type":"Feature","properties":{"NOMBRE":"COLINAS DEL RÍO"},"geometry":{"type":"Polygon","coordinates":[[[-73.27450223591136,10.500451545863806,0.0],[-73.27436873911091,10.500563724593492,0.0],[-73.27434900446181,10.499191476953367,0.0],[-73.27456654040101,10.499185818267604,0.0],[-73.27487237934234,10.499236339183678,0.0],[-73.27491339727563,10.499212046075664,0.0],[-73.27510910647376,10.4993829641433,0.0],[-73.27552230618618,10.498995469463955,0.0],[-73.27644589943338,10.497772842150473,0.0],[-73.27698154193327,10.49821774418337,0.0],[-73.276506105287,10.498866722632561,0.0],[-73.27519049862701,10.500322576049951,0.0],[-73.27470163771098,10.500800149881046,0.0],[-73.27450223591136,10.500451545863806,0.0]]]}},
{"type":"Feature","properties":{"NOMBRE":"RIO LUNA"},"geometry":{"type":"Polygon","coordinates":[[[-73.27071018865912,10.500733432203667,0.0],[-73.27055223665548,10.500700323044658,0.0],[-73.27038854099143,10.500645054329993,0.0],[-73.27007511957277,10.500487453724942,0.0],[-73.26972206830759,10.500239161165258,0.0],[-73.26901399587048,10.499681589961856,0.0],[-73.26895131737037,10.499511514116923,0.0],[-73.26860694258784,10.498810790762011,0.0],[-73.26852733848945,10.498575457500648,0.0],[-73.26849876366074,10.498328904655684,0.0],[-73.26850877066568,10.498163587974506,0.0],[-73.26862580784623,10.497474260564186,0.0],[-73.26873451163954,10.497168629292624,0.0],[-73.26884011323358,10.496979358049009,0.0],[-73.26896422599104,10.496812947692167,0.0],[-73.26930774584565,10.497387341293688,0.0],[-73.27008002806318,10.49840056499794,0.0],[-73.2703815751527,10.498846088451625,0.0],[-73.270555217439,10.499159394684476,0.0],[-73.27085244343957,10.499758580411193,0.0],[-73.27126697777825,10.500792635787747,0.0],[-73.27071018865912,10.500733432203667,0.0]]]}},
{"type":"Feature","properties":{"NOMBRE":"PROYECTO URBANO RURAL FAMILIA MATIZ"},"geometry":{"type":"Polygon","coordinates":[[[-73.27360645846544,10.501137087397328,0.0],[-73.27298363040875,10.500913003833219,0.0],[-73.27257773218678,10.50080213060901,0.0],[-73.27153329151508,10.500640441640197,0.0],[-73.27117981404153,10.500573311482913,0.0],[-73.27085521207957,10.49976455282994,0.0],[-73.270555217439,10.499159394684476,0.0],[-73.27028646344091,10.498694191795943,0.0],[-73.26996941622834,10.498259788549875,0.0],[-73.27084227504751,10.497224442178739,0.0],[-73.27347204540283,10.497228824013717,0.0],[-73.27348268493257,10.497327813723707,0.0],[-73.27357194695826,10.497486619237003,0.0],[-73.2738598900049,10.497680435113217,0.0],[-73.27449972471935,10.498265335286169,0.0],[-73.27454305696419,10.498350855071108,0.0],[-73.27457868432415,10.499042836800955,0.0],[-73.27456654040101,10.499185818267604,0.0],[-73.27434900446181,10.499191476953367,0.0],[-73.27435782212929,10.499804592349777,0.0],[-73.27379454781885,10.499816708549503,0.0],[-73.27378108318901,10.500194629418013,0.0],[-73.27378749728297,10.501107931011786,0.0],[-73.27370991252856,10.501140358575165,0.0],[-73.27360645846544,10.501137087397328,0.0]]]}},
{"type":"Feature","properties":{"NOMBRE":"EL DARIEN"},"geometry":{"type":"Polygon","coordinates":[[[-73.27563338159695,10.501155211963347,0.0],[-73.2750364584856,10.501096853779504,0.0],[-73.2748987052153,10.501065901337832,0.0],[-73.27470163771098,10.500800149881046,0.0],[-73.27519049862701,10.500322576049951,0.0],[-73.276506105287,10.498866722632561,0.0],[-73.27698154193327,10.49821774418337,0.0],[-73.27740482604453,10.498555905564716,0.0],[-73.27770557839558,10.498765550294753,0.0],[-73.27702138243667,10.499658362800592,0.0],[-73.27652181774091,10.500221558993816,0.0],[-73.27563338159695,10.501155211963347,0.0]]]}},
{"type":"Feature","properties":{"NOMBRE":"UNIVERSIDAD POPULAR DEL CESAR"},"geometry":{"type":"Polygon","coordinates":[[[-73.26896061532388,10.50124212246772,0.0],[-73.26842411339052,10.501163264179318,0.0],[-73.26798916524659,10.501189654234127,0.0],[-73.26795081311687,10.501163305724848,0.0],[-73.26793013856435,10.50112187863191,0.0],[-73.26792812241143,10.500874849282859,0.0],[-73.26796126463239,10.500419801786446,0.0],[-73.26833113194587,10.500239522676608,0.0],[-73.26875606508716,10.500119220664265,0.0],[-73.26887624883265,10.500055771392308,0.0],[-73.26894029408942,10.499991675666895,0.0],[-73.26899453241792,10.499896783374657,0.0],[-73.26901901171162,10.499795399764363,0.0],[-73.26901439695776,10.499681905568828,0.0],[-73.26972206830759,10.500239161165258,0.0],[-73.27007511957277,10.500487453724942,0.0],[-73.27034959477575,10.500625470907156,0.0],[-73.27030508289872,10.500674594165801,0.0],[-73.2702757956347,10.50076858465094,0.0],[-73.27029963546356,10.501025134289138,0.0],[-73.2702634032726,10.501096271591909,0.0],[-73.27019763856991,10.501142209416331,0.0],[-73.26922227315889,10.501242045347702,0.0],[-73.26896061532388,10.50124212246772,0.0]]]}},
{"type":"Feature","properties":{"NOMBRE":"TANQUE EMDUPAR"},"geometry":{"type":"Polygon","coordinates":[[[-73.27950583795955,10.500861134928828,0.0],[-73.2801773656861,10.500123612351828,0.0],[-73.28095226514978,10.500636767567794,0.0],[-73.28025345418669,10.501380513263328,0.0],[-73.27950583795955,10.500861134928828,0.0]]]}},
{"type":"Feature","properties":{"NOMBRE":null},"geometry":{"type":"Polygon","coordinates":[[[-73.27629049302138,10.501641940252144,0.0],[-73.27604927042593,10.501429734157837,0.0],[-73.27568421917617,10.501152165505475,0.0],[-73.27563338159695,10.501155211963347,0.0],[-73.27652181774091,10.500221558993816,0.0],[-73.27702138243667,10.499658362800592,0.0],[-73.27759062620252,10.500200061559617,0.0],[-73.27629049302138,10.501641940252144,0.0]]]}},
{"type":"Feature","properties":{"NOMBRE":"PARCELACION MATIZ I"},"geometry":{"type":"Polygon","coordinates":[[[-73.27573407887218,10.502731347263419,0.0],[-73.27480573672214,10.502493348892969,0.0],[-73.27450803496973,10.502268814109971,0.0],[-73.27427656524111,10.502306281111727,0.0],[-73.27339141818412,10.502210766408124,0.0],[-73.27280650686998,10.501760615125754,0.0],[-73.27262484115185,10.501602251413333,0.0],[-73.27242978784538,10.501571152694424,0.0],[-73.27229896071309,10.501389725058493,0.0],[-73.27212921378911,10.501233531037121,0.0],[-73.27180195882666,10.50107447589803,0.0],[-73.27154743736327,10.501174781671407,0.0],[-73.27145626059364,10.501179693071336,0.0],[-73.27144129453183,10.50116187282759,0.0],[-73.27141133993352,10.501157821993365,0.0],[-73.27117981404153,10.500573311482913,0.0],[-73.27153329151508,10.500640441640197,0.0],[-73.27257773218678,10.50080213060901,0.0],[-73.27298363040875,10.500913003833219,0.0],[-73.27360645846544,10.501137087397328,0.0],[-73.27370991252856,10.501140358575165,0.0],[-73.27378749728297,10.501107931011786,0.0],[-73.27378108318901,10.500194629418013,0.0],[-73.27379454781885,10.499816708549503,0.0],[-73.27435782212929,10.499804592349777,0.0],[-73.27436873911091,10.500563724593492,0.0],[-73.27450223591136,10.500451545863806,0.0],[-73.27471367484422,10.500819285110547,0.0],[-73.27487739541108,10.501039136558054,0.0],[-73.27485456607103,10.501149933581853,0.0],[-73.27473005844368,10.501228370439113,0.0],[-73.27464486912206,10.50138302211592,0.0],[-73.27439429457117,10.501259911419782,0.0],[-73.27428384547838,10.501153300074197,0.0],[-73.27422192225126,10.501034396096433,0.0],[-73.27414598295739,10.50106740919424,0.0],[-73.27420565372789,10.501201843363127,0.0],[-73.27434012582928,10.5013336652295,0.0],[-73.27459087366495,10.501467509415289,0.0],[-73.27487063776967,10.501516056260288,0.0],[-73.2749448953634,10.502150479387826,0.0],[-73.27491209171899,10.502337201257914,0.0],[-73.27573407887218,10.502731347263419,0.0]]]}},
{"type":"Feature","properties":{"NOMBRE":"CENTRO RECREACIONAL LA PEDREGOZA"},"geometry":{"type":"Polygon","coordinates":[[[-73.27902728322717,10.502831453725966,0.0],[-73.27839217904413,10.502157143118872,0.0],[-73.27694863439828,10.501874443153259,0.0],[-73.2764669556008,10.501516688065044,0.0],[-73.27631268850561,10.501661102862224,0.0],[-73.27629049302138,10.501641940252144,0.0],[-73.27852170201488,10.499144672351989,0.0],[-73.27920186325018,10.499564692437522,0.0],[-73.27971660984143,10.499863960869066,0.0],[-73.27934801567847,10.500304470062867,0.0],[-73.27977682245738,10.50056351755312,0.0],[-73.27950583795955,10.500861134928828,0.0],[-73.28025345418669,10.501380513263328,0.0],[-73.27902728322717,10.502831453725966,0.0]]]}},
{"type":"Feature","properties":{"NOMBRE":"PARCELACION MATIZ II"},"geometry":{"type":"Polygon","coordinates":[[[-73.2823046807328,10.506676696163282,0.0],[-73.28150900776161,10.506452391355882,0.0],[-73.28152327736858,10.506487113962105,0.0],[-73.28096146441868,10.506664389367984,0.0],[-73.28059328388184,10.506655266244536,0.0],[-73.28061099709376,10.506612648022232,0.0],[-73.28065832772451,10.506063973571687,0.0],[-73.28081460212049,10.505666785725944,0.0],[-73.28224709436797,10.505959091910288,0.0],[-73.28235799677473,10.50591269960515,0.0],[-73.2824711143359,10.505807327733589,0.0],[-73.28251800751306,10.505739254792426,0.0],[-73.28176842022417,10.50535780882385,0.0],[-73.2810317992959,10.505234965230489,0.0],[-73.28105878427269,10.505075540945393,0.0],[-73.28111970939453,10.504851809082517,0.0],[-73.28015581467834,10.504296702475058,0.0],[-73.28002992210695,10.50444390318542,0.0],[-73.27919340333152,10.503956178577333,0.0],[-73.27918204068939,10.503926780436695,0.0],[-73.2794633583887,10.50362278212543,0.0],[-73.28023786622593,10.504120394496223,0.0],[-73.2804064062717,10.504186295981814,0.0],[-73.28049047077968,10.504235650349186,0.0],[-73.28064065044639,10.50428135670166,0.0],[-73.28078958454056,10.504347978085793,0.0],[-73.28075942739162,10.504411033151747,0.0],[-73.28080734454036,10.504523431994475,0.0],[-73.28087557779074,10.504596889290038,0.0],[-73.28104759108467,10.504726663041982,0.0],[-73.28187196149261,10.50503703585888,0.0],[-73.28213016999551,10.505122145765954,0.0],[-73.28236634481081,10.505168922825277,0.0],[-73.2827587584943,10.505379592030591,0.0],[-73.28283742538862,10.505545783333577,0.0],[-73.28289273319606,10.505552029987417,0.0],[-73.2827608067023,10.50573439714131,0.0],[-73.28277934914777,10.505853617816518,0.0],[-73.28289204687098,10.506105863346445,0.0],[-73.2823046807328,10.506676696163282,0.0]]]}},
{"type":"Feature","properties":{"NOMBRE":"MONTE RIO"},"geometry":{"type":"Polygon","coordinates":[[[-73.28068293916526,10.506832304488807,0.0],[-73.27985574286217,10.506751290332407,0.0],[-73.27943689314668,10.506690996841444,0.0],[-73.27884014508936,10.506528604925455,0.0],[-73.27830642096991,10.506650192007498,0.0],[-73.27746551271125,10.506096615328923,0.0],[-73.27736211671193,10.505886918683911,0.0],[-73.27707373378573,10.505514966861638,0.0],[-73.27690417323035,10.505264696079076,0.0],[-73.27684810571078,10.505088498266984,0.0],[-73.27682138711894,10.504732444443789,0.0],[-73.27696834815384,10.504027319091746,0.0],[-73.27664460073919,10.503167941492096,0.0],[-73.27491209171899,10.502337201257914,0.0],[-73.2749448953634,10.502150479387826,0.0],[-73.27487063776967,10.501516056260288,0.0],[-73.27459087366495,10.501467509415289,0.0],[-73.27434012582928,10.5013336652295,0.0],[-73.27420565372789,10.501201843363127,0.0],[-73.27414598295739,10.50106740919424,0.0],[-73.27422192225126,10.501034396096433,0.0],[-73.27428384547838,10.501153300074197,0.0],[-73.27439429457117,10.501259911419782,0.0],[-73.27464486912206,10.50138302211592,0.0],[-73.27473005844368,10.501228370439113,0.0],[-73.27485456607103,10.501149933581853,0.0],[-73.2748774462815,10.501038891706804,0.0],[-73.27489818250751,10.501067050789292,0.0],[-73.2750364584856,10.501096853779504,0.0],[-73.27551435310026,10.501143574580894,0.0],[-73.2756041225592,10.501185332087397,0.0],[-73.27563338159695,10.501155211963347,0.0],[-73.27568421917617,10.501152165505475,0.0],[-73.27604927042593,10.501429734157837,0.0],[-73.27631064113247,10.50166301956929,0.0],[-73.2764669556008,10.501516688065044,0.0],[-73.27694863439828,10.501874443153259,0.0],[-73.27839217904413,10.502157143118872,0.0],[-73.27902728322717,10.502831453725966,0.0],[-73.2791633476993,10.503005569782147,0.0],[-73.27970280757911,10.503447174433854,0.0],[-73.27951466093577,10.503648723441607,0.0],[-73.27947329420904,10.50361090251197,0.0],[-73.27918204068939,10.503926780436695,0.0],[-73.27919340333152,10.503956178577333,0.0],[-73.28002992210695,10.50444390318542,0.0],[-73.28015581467834,10.504296702475058,0.0],[-73.28111970939453,10.504851809082517,0.0],[-73.28105878427269,10.505075540945393,0.0],[-73.2810317992959,10.505234965230489,0.0],[-73.28176842022417,10.50535780882385,0.0],[-73.28251800751306,10.505739254792426,0.0],[-73.2824711143359,10.505807327733589,0.0],[-73.28235799677473,10.50591269960515,0.0],[-73.28224709436797,10.505959091910288,0.0],[-73.28081460212049,10.505666785725944,0.0],[-73.28065832772451,10.506063973571687,0.0],[-73.28061099709376,10.506612648022232,0.0],[-73.28059328388184,10.506655266244536,0.0],[-73.28096146441868,10.506664389367984,0.0],[-73.28152327736858,10.506487113962105,0.0],[-73.28150900776161,10.506452391355882,0.0],[-73.28153301787626,10.506451986001087,0.0],[-73.28218139681594,10.506642867553253,0.0],[-73.28192738424897,10.506801630896966,0.0],[-73.28153381661998,10.506840056340558,0.0],[-73.28068293916526,10.506832304488807,0.0]]]}},
{"type":"Feature","properties":{"NOMBRE":"COLEGIO TF SCHOOL"},"geometry":{"type":"Polygon","coordinates":[[[-73.27852170201488,10.499144672351989,0.0],[-73.27759062620252,10.500200061559617,0.0],[-73.27702138243667,10.499658362800592,0.0],[-73.27770557839558,10.498765550294753,0.0],[-73.27789900405513,10.498869109569592,0.0],[-73.27852170201488,10.499144672351989,0.0]]]}},
{"type":"Feature","properties":{"NOMBRE":null},"geometry":{"type":"Polygon","coordinates":[[[-73.2657855327592,10.446335513388274,0.0],[-73.26486459724558,10.44703523882707,0.0],[-73.26461570444418,10.446709531058724,0.0],[-73.26554053292497,10.446017109552328,0.0],[-73.2657855327592,10.446335513388274,0.0]]]}},
{"type":"Feature","properties":{"NOMBRE":"VILLA DANIELA"},"geometry":{"type":"Polygon","coordinates":[[[-73.26597490244482,10.476177104390159,0.0],[-73.2652948063323,10.476509253734816,0.0],[-73.2651851526054,10.476295550659266,0.0],[-73.26586084133979,10.475958569281055,0.0],[-73.26597490244482,10.476177104390159,0.0]]]}},
{"type":"Feature","properties":{"NOMBRE":null},"geometry":{"type":"Polygon","coordinates":[[[-73.26746566403425,10.48907311860888,1.819e-12],[-73.26702624651863,10.489361620686559,1.819e-12],[-73.26714210770832,10.489791713126799,1.819e-12],[-73.26757755099244,10.489689233614078,1.819e-12],[-73.26741637676648,10.489105478855624,1.819e-12],[-73.26783198405538,10.488844070930856,1.819e-12],[-73.26780663007669,10.48874492790744,1.819e-12],[-73.26858598902608,10.4894074960601,1.819e-12],[-73.268837023637,10.48974987679146,1.819e-12],[-73.26554365038044,10.490564249125505,1.819e-12],[-73.26518125712097,10.490437646394287,1.819e-12],[-73.26552862109563,10.490359120678164,1.819e-12],[-73.2666102415962,10.489643344544684,1.819e-12],[-73.2658593051297,10.488912395112015,1.819e-12],[-73.26612975283163,10.488365668876279,1.819e-12],[-73.26746566403425,10.48907311860888,1.819e-12]]]}}
]}
